album_path,year,missing_tracks,missing_nums,domain,download_url,post_url,match_type
2016 - Juliana Perdigão & Os Kurva - Ó,2016,220,"13,14,15,16,18,19,20,21,22,23,24,25,26,27,28,29,30,31,32,33,35,36,37,38,39,40,41,42,43,44,45,46,47,48,49,50,51,52,53,54,55,56,57,58,59,60,61,62,63,64,65,66,67,68,69,70,71,72,73,74,75,76,77,78,79,80,81,82,83,84,85,86,87,88,89,90,91,92,93,94,95,96,97,98,99,100,101,103,104,105,106,107,108,109,110,111,112,113,114,115,116,117,118,119,120,121,122,123,124,125,126,127,128,129,130,131,132,133,134,135,136,137,138,139,140,141,142,143,144,145,146,147,148,149,150,151,152,153,154,155,156,157,158,159,160,161,162,163,164,165,166,167,168,169,170,171,172,173,174,175,176,177,178,179,180,181,182,183,184,185,186,187,188,189,190,191,192,193,194,195,196,197,198,199,200,201,202,203,204,205,206,207,208,209,210,211,212,213,214,215,216,217,218,219,220,221,222,223,224,225,226,227,228,229,230,231,232,233,234,235",mediafire.com,http://www.mediafire.com/download/otby2plk0pgsi2q/Juliana+Perdig%C3%A3o+%26+Os+Kurva+-+%C3%93+%282016%29.rar,https://www.hominiscanidae.org/2016/09/juliana-perdigao-os-kurva-o-2016.html,exact
to_fix,,180,"55,56,57,58,59,60,61,62,63,64,65,66,67,68,69,70,71,72,73,74,75,76,77,78,79,80,81,82,83,84,85,86,87,88,89,90,91,92,93,94,95,96,97,98,99,100,101,103,104,105,106,107,108,109,110,111,112,113,114,115,116,117,118,119,120,121,122,123,124,125,126,127,128,129,130,131,132,133,134,135,136,137,138,139,140,141,142,143,144,145,146,147,148,149,150,151,152,153,154,155,156,157,158,159,160,161,162,163,164,165,166,167,168,169,170,171,172,173,174,175,176,177,178,179,180,181,182,183,184,185,186,187,188,189,190,191,192,193,194,195,196,197,198,199,200,201,202,203,204,205,206,207,208,209,210,211,212,213,214,215,216,217,218,219,220,221,222,223,224,225,226,227,228,229,230,231,232,233,234,235",,,,no_post
2019 - Jards Macalé - HOMINIS CANIDAE - #HITSBR,2019,13,"3,5,7,10,13,14,17,22,23,25,26,27,28",mega.nz,https://mega.nz/#!AllTCSLB!UlDdn935OZZZVHs5e7H15_HUdbU-uWfbMasgZZwDVS0,https://www.hominiscanidae.org/2019/03/jards-macale-besta-fera-2019.html,exact
2022 - MC Berro D'Água - Versando,2022,11,"4,6,7,8,9,10,11,12,13,14,15",archive.org,https://archive.org/compress/ncp-112-mc-berro-dagua-versando/formats=VBR%20MP3&file=/ncp-112-mc-berro-dagua-versando.zip,https://www.hominiscanidae.org/2022/09/mc-berro-dagua-versando-2022.html,exact
2014 - Cinval CocoGrude - O Brasil acordou,2014,11,"5,6,7,10,12,13,14,16,17,18,19",mega.co.nz,https://mega.co.nz/#!iMNjGBLD!hRLsDIqF4mTZ8qSeqc7JtK0EFsr4ULOLJGR9auk41XI,https://www.hominiscanidae.org/2014/11/cinval-cocogrude-o-brasil-acordou-2014.html,exact
2025 - Satanique Samba Trio - Hominis Canidae #185 - Outubro,2025,11,"3,4,5,7,8,9,10,11,13,14,16",mega.nz,https://mega.nz/#!8klzlSKa!6EBRKVWwfwOWHqNqRHAAOR_8fTf8BFgQLUfgisZA8Wk,https://www.hominiscanidae.org/2009/12/satanique-samba-trio-2007.html,exact
2022 - Jack Zaferes - Hominis Canidae - Sons do Mundo (Abril 2022),2022,10,"7,9,10,12,13,14,17,18,21,22",archive.org,https://archive.org/compress/hominis-canidae-144-maio-2022/formats=VBR%20MP3&file=/hominis-canidae-144-maio-2022.zip,https://www.hominiscanidae.org/2022/05/hominis-canidae-144-maio-2022.html,exact
2024 - Echorec Face - Hominis Canidae #164 - Janeiro,2024,10,"4,5,6,7,8,9,10,11,12,13",mediafire.com,https://www.mediafire.com/file/w6e3eexny5uw0if/Echorec_Face_-_The_Ital_Cookbook_%25282023%2529.rar/file,https://www.hominiscanidae.org/2024/01/echorec-face-ital-cookbook-2023.html,exact
2021 - Leonel - Hominis Canidae #134 - Julho,2021,10,"5,6,8,9,10,11,12,13,14,15",mega.nz,https://mega.nz/file/FDw02aAa#9LP810ScRkoOlKObxCOat9JD3jQXLwBFh5bZwATtpRA,https://www.hominiscanidae.org/2021/07/leonel-leonel-ii-2021.html,exact
2023 - Wilson Das Neves - Senzala e Favela,2023,10,"6,7,9,10,11,12,14,15,16,17",mega.nz,https://mega.nz/file/sGYzWYLS#2o2ru9J51B8DmoQlCzfAtm6VhCgtfHu6KZeSfT_OG-c,https://www.hominiscanidae.org/2023/07/wilson-das-neves-senzala-e-favela-2023.html,exact
2021 - Hanni Palecter - Hominis Canidae - #HITSBR,2021,9,"5,6,7,9,11,13,15,16,17",bandcamp.com,https://bandcamp.com/download?id=2983178060&ts=1619141068.3723637306&tsig=f7bed392e796edd16ded676a9917c846&type=album,https://www.hominiscanidae.org/2021/04/hanni-palecter-creca-2021.html,exact
2022 - Tiago Sá - Hominis Canidae #140 - Janeiro,2022,9,"4,5,10,11,12,13,14,15,16",bandcamp.com,https://bandcamp.com/download?id=3778745346&ts=1652451669.1931664846&tsig=d987c42df3e9afc302e068e4d3e79e72&type=album,https://www.hominiscanidae.org/2022/05/tiago-sa-musica-pra-te-agucar-2022.html,exact
2023 - Economic Freedom Fighters Economic Freedom Fighters - Hominis Canidae #158 - Julho,2023,9,"3,4,5,6,7,9,10,11,12",bandcamp.com,https://bandcamp.com/download?id=1686202815&ts=1688152060.1467750457&tsig=c7b46fd339f031d7d338c122e319a659&type=album,https://www.hominiscanidae.org/2023/07/economic-freedom-fighters-respeita-os.html,exact
"2007 - Costa a Costa - Mixtape Dinheiro,Sexo, Drogas e Violência de Costa a Costa",2007,9,"7,9,10,11,14,15,16,20,21",mega.co.nz,https://mega.co.nz/#!Pc1wWKhI!vVoGuMe9CqfQqqdcFzZzJ7lWgZIQgE4Dv45mJ5qk3Vk,https://www.hominiscanidae.org/2012/06/costa-costa-mixtape-sexo-drogas-e.html,exact
2023 - Hiago Farias - NINGUÉM É FORTE SOZINHO Coletânea Yuri Costa,2023,9,"9,14,15,20,21,25,29,31,35",mega.nz,https://mega.nz/file/kLImjJDC#ThC0SpUNpl6wZFMZUqqI3DXrIh8JpZwxEE5OnLwy0go,https://www.hominiscanidae.org/2023/06/vic-brow-ninguem-e-tao-ocupado-assim.html,exact
2023 - Sophia Chablau e uma Enorme Perda de Tempo - Hominis Canidae #161 - Outubro,2023,9,"5,7,8,10,12,13,14,15,16",mega.nz,https://mega.nz/file/FPEzQbDZ#DD1khrmcRPYKXxTxAPVU1FK7nKCCOXcsYstHgt4Jz7g,https://www.hominiscanidae.org/2025/11/sophia-chablau-e-felipe-vaqueiro.html,exact
2014 - Aparelhagem Malk Espanca Aparelahegm Malk Espanca - AME o Álbum Cor de Abobora,2014,8,"3,4,5,6,7,12,14,15",archive.org,https://archive.org/compress/aparelhagem-malk-espanca-dubionico/formats=VBR%20MP3&file=/aparelhagem-malk-espanca-dubionico.zip,https://www.hominiscanidae.org/2021/06/aparelhagem-malk-espanca-dubionico.html,exact
2021 - Amaro Mann Riegulate - Hominis Canidae #136 - Setembro,2021,8,"7,9,10,12,13,14,15,16",bandcamp.com,https://bandcamp.com/download?id=3775804355&ts=1620607702.2258034034&tsig=90f6df94bb2b54d7cba35def14aa894b&type=album,https://www.hominiscanidae.org/2021/05/amaro-mann-refugio-2021.html,exact
2021 - Banda Lascaux - Hominis Canidae #135 - Agosto,2021,8,"6,7,10,11,12,13,14,16",bandcamp.com,https://bandcamp.com/download?id=3110692556&ts=1627740745.4257960283&tsig=cbaf93b23326a7d6a24db9378e9cde52&type=album,https://www.hominiscanidae.org/2021/08/banda-lascaux-agora-lascaux-2021.html,exact
2022 - Brantez - Hominis Canidae #142 -Março,2022,8,"3,8,10,11,12,13,14,16",mediafire.com,https://www.mediafire.com/file/llw85ll03uwrgo0/Brantez+-+Batidas+Sobre+o+Fim+do+Mundo+\(2022\,https://www.hominiscanidae.org/2022/03/brantez-batidas-sobre-o-fim-do-mundo.html,exact
2022 - O Campo - Hominis Canidae #148 - Setembro,2022,8,"3,5,6,7,8,9,10,12",mediafire.com,https://www.mediafire.com/file/87o2p5g5835jxo4/O+Campo+-+Tatarô+\(2022\,https://www.hominiscanidae.org/2022/11/o-campo-tataro-2022.html,exact
2015 - Sofia Freire - Hominis Canidae #66 - Novembro,2015,8,"5,6,7,8,9,12,13,14",mega.nz,https://mega.nz/#!CdcwEaYD!UffvkBWtDVcaHJP_UX1Ehebo-QazVM8ycoIBL_iej0s,https://www.hominiscanidae.org/2015/11/sofia-freire-garimpo-2015.html,exact
2018 - George Christian - Aos Pássaros Outonais,2018,8,"3,4,5,9,13,15,16,20",mega.nz,https://mega.nz/#!V5kR3JgJ!SULn2wfaHL9SzlJcgci4v3mK0snKDfjfXqxcLFpuqw0,https://www.hominiscanidae.org/2018/08/george-christian-aos-passaros-outonais.html,exact
2023 - Satanique Samba Trio - Hominis Canidae #152 - Janeiro,2023,8,"7,8,9,11,12,13,14,15",mega.nz,https://mega.nz/file/xX4kUCqY#jGszNq60wLm6geJy7lW-vx8MrVhEO2B4IldYrb5XO20,https://www.hominiscanidae.org/2023/12/satanique-samba-trio-so-bad-2023.html,exact
2021 - Kassin Vovô Bebê - Hominis Canidae #139 - Dezembro,2021,7,"6,7,8,9,13,15,18",archive.org,https://archive.org/compress/Hominis-Canidae-Hitsbr/formats=VBR%20MP3&file=/Hominis-Canidae-Hitsbr.zip,https://www.hominiscanidae.org/2021/12/hominis-canidae-hitsbr-2021.html,exact
2022 - Cajón & Carrilhão - Hominis Canidae #151 - Dezembro,2022,7,"4,5,6,9,10,12,13",archive.org,https://archive.org/compress/cajon-carrilhao-ijexarme-2023/formats=VBR%20MP3&file=/cajon-carrilhao-ijexarme-2023.zip,https://www.hominiscanidae.org/2023/02/cajon-carrilhao-ijexarme-2023.html,exact
2022 - The Wxlker - Hominis Canidae #146 - Julho,2022,7,"4,5,6,7,8,12,15",archive.org,https://archive.org/compress/the-wxlker-tudo-e-eterno-nada-e-para-sempre-2022,https://www.hominiscanidae.org/2022/12/the-wxlker-tudo-e-eterno-nada-e-para.html,exact
2023 - Miçanga! - Velhos Rabugentos Não Falarão Sobre Malk Espanca em 2099,2023,7,"4,5,6,8,11,12,13",archive.org,https://archive.org/compress/13.-maracatu-de-cyborg-centopeia-sound-system-remix/formats=VBR%20MP3&file=/13.-maracatu-de-cyborg-centopeia-sound-system-remix.zip,https://www.hominiscanidae.org/2025/05/micanga-velhos-rabugentos-nao-falarao.html,exact
2023 - The Wxlker - Hominis Canidae #156 - Maio,2023,7,"8,9,10,12,13,14,15",archive.org,https://archive.org/compress/the-wxlker-tudo-e-eterno-nada-e-para-sempre-2022,https://www.hominiscanidae.org/2022/12/the-wxlker-tudo-e-eterno-nada-e-para.html,exact
2013 - Rashid - Confundindo Sábios,2013,7,"7,8,9,11,12,13,14",bit.ly,http://bit.ly/16XgI7l,https://www.hominiscanidae.org/2013/11/rashid-confundindo-sabios-2013.html,exact
"2023 - Digmanybeats Penso FP4 - Digmanybeats Studio, Vol. 1",2023,7,"5,6,7,10,11,16,18",drive.google.com,https://drive.google.com/file/d/1ztQSGJBsC8ijtjoTtgLbmv3ZCu2KF-uY/view?usp=sharing,https://www.hominiscanidae.org/2024/07/digmanybeats-pazsado-mascote-flores-em.html,exact
2024 - Cipó Fogo - Hominis Canidae #172 - Setembro,2024,7,"5,7,9,10,11,12,13",drive.google.com,https://drive.google.com/file/d/1ztF0-q0vQ3XHcm4JVX8pU75QtnjcjPEH/view?usp=sharing,https://www.hominiscanidae.org/2024/09/cipo-fogo-born-enslaved-2024.html,exact
2026 - Yuri Costa - TUDO DEU INCRIVELMENTE ERRADO (2013-2017),2026,7,"6,9,12,13,17,19,22",dropbox.com,https://www.dropbox.com/scl/fi/1llc1o34f88vwt8vutpft/HOMINISCANIDAE.ORG-YC-TUDO-DEU-INCRIVELMENTE-ERRADO-2013-2017-2026.rar?rlkey=cvn9je8jmwavpekigf3nvn2wl&st=k5mltnsm&dl=0,https://www.hominiscanidae.org/2026/03/yuri-costa-tudo-deu-incrivelmente.html,exact
2013 - Ambrosino Martins - A Fantástica Ascenção de Severina Z,2013,7,"3,4,5,6,7,8,9",mega.co.nz,https://mega.co.nz/#!iUsQ1SpS!jFEk-WiIgU2ZztRImJCOYhxHDCPBN4oYqWGYlaPkYn8,https://www.hominiscanidae.org/2014/02/ambrosino-martins-fantastica-ascensao.html,exact
2013 - Ney Matogrosso - Atento aos Sinais,2013,7,"5,6,7,8,10,11,12",mega.co.nz,https://mega.co.nz/#!M4VwDBZT!nJ54BeluVsghr9Ty4fYPurT3nidKUPgBCiqGBqOEN6o,https://www.hominiscanidae.org/2014/03/ney-matogrosso-atento-aos-sinais-2013.html,exact
2018 - Nelson da Rabeca e Thomas Rohrer - Tradição Improvisada,2018,7,"5,7,8,10,14,15,16",mega.nz,https://mega.nz/#!4gkVFI4C!yZay-tUXGdOj_nzdDwEuesyyBD1PvOi1rjTrGR_AU64,https://www.hominiscanidae.org/2019/01/nelson-da-rabeca-e-thomas-rohrer.html,exact
"2019 - DJ Caique, Edi Rock, Derek, Pedro Qualy, MC Guimê, Leal, Luccas Carlos, PK - Coligações Expressivas 5",2019,7,"8,13,14,17,24,28,29",mega.nz,https://mega.nz/#!kltWlQTR!0WLbEj5D6VN1ZBBud2vUagyHJL_ZeEglT0izlp7JX8Q,https://www.hominiscanidae.org/2019/12/dj-caique-coligacoes-expressivas-5-2019.html,exact
2020 - Karnak - Nikodemus,2020,7,"9,12,13,14,15,16,17",mega.nz,https://mega.nz/#!ksk3ASiI!fE3TlLedx2fgh_cP8TjN_OxkHcyyyAcSBjMVgH-XrTk,https://www.hominiscanidae.org/2020/02/karnak-nikodemus-2020.html,exact
"2021 - Umaduna, EdaLuiza - Hominis Canidae #130 - Março",2021,7,"7,8,9,10,12,14,16",mega.nz,https://mega.nz/file/yIlgmSIS#nQudXW3acbdh_nk9NJPq6-PIF9LBjCvF-Vrp3DkF3Mg,https://www.hominiscanidae.org/2021/03/umaduna-umaduna-2021.html,exact
2024 - Ricardo Augusto Luiz Meolida - O Ébano e o Marfim - Parceiros,2024,7,"3,8,10,11,12,14,15",mega.nz,https://mega.nz/file/hKJABYDB#H-rhYOiwxacrpSzhouRJhxFGqpBE4NBhM1YAyuj0Nsk,https://www.hominiscanidae.org/2024/03/ricardo-augusto-o-ebano-e-o-marfim.html,exact
2024 - outravida - Hoje Já É Amanhã,2024,7,"3,6,7,8,9,10,11",mega.nz,https://mega.nz/file/BHwnhaSC#sILaY4-k8s78fQUnm_ephqI_n5doHIEKLJfyfYnB94w,https://www.hominiscanidae.org/2024/02/outravida-hoje-ja-e-amanha-2024.html,exact
2026 - Artur Wais - Se Acostumar,2026,7,"4,5,6,7,11,12,13",mega.nz,https://mega.nz/file/OiQARIbI#U2AMs8-xLX1rwPUoMDu-wvogiyfxbRfxoPbHYn6A8Zw,https://www.hominiscanidae.org/2026/04/artur-wais-se-acostumar-2026.html,exact
2021 - Damião Experiença Eric Marke - #PartiuPlanetaLama,2021,7,"5,7,8,9,11,12,13",rapidshare.com,http://rapidshare.com/files/603917197/damiao%20experienca%20-%201974%20-%20planeta%20lamma.zip,https://www.hominiscanidae.org/2011/01/damiao-experienca-planeta-lamma-1974.html,exact
2021 - Evandro Negro Bento - O ANO QUE NÃO TEVE CARNAVAL,2021,6,"4,6,8,10,11,12",4shared.com,http://www.4shared.com/file/166193513/340134c4/Orquestra_Imperial_-_Carnaval_.html,https://www.hominiscanidae.org/2009/12/orquestra-imperial-carnaval-so-ano-que.html,exact
2024 - Alphayatch - Hominis Canidae #165 - Fevereiro,2024,6,"6,7,8,9,10,11",archive.org,https://archive.org/compress/alphayatch-meets-bernardo-pacheco-corte-costura-2024/formats=VBR%20MP3&file=/alphayatch-meets-bernardo-pacheco-corte-costura-2024.zip,https://www.hominiscanidae.org/2024/11/alphayatch-meets-bernardo-pacheco-corte.html,exact
2015 - Novampb - Hominis Canidae #64 - Setembro,2015,6,"5,6,11,13,14,16",bandcamp.com,https://bandcamp.com/download?id=3561237628&ts=1441123896.513426010&tsig=aa30a22a89f52163010a64c02353a119&type=album,https://www.hominiscanidae.org/2015/09/novampb-too-cool-for-words-2015.html,exact
2022 - Prefeitura Yannick Hara - Hominis Canidae #143 - Abril,2022,6,"3,6,8,9,12,14",bandcamp.com,https://bandcamp.com/download?id=1463926667&ts=1665196766.2782277585&tsig=84d25db7f8e88956cd9eb6296bd069ed&type=album,https://www.hominiscanidae.org/2022/10/prefeitura-do-rio-21-2022.html,exact
2013 - Tuca & Ana Mo - Curioso,2013,6,"7,8,9,10,13,16",blogger.com,//www.blogger.com/null,https://www.hominiscanidae.org/2013/02/tuca-curioso-2013.html,exact
2024 - Cleozinhu - Cle01,2024,6,"8,9,11,13,14,16",drive.google.com,https://drive.google.com/file/d/17fvyqOkygKzEtK0157bCNGbZ234oEDf0/view?usp=sharing,https://www.hominiscanidae.org/2024/10/cleozinhu-cle01-2024.html,exact
"2019 - DJ Buck, Nikito, Cab, CAB - Hominis Canidae #114 - Novembro",2019,6,"8,9,10,11,12,13",mediafire.com,http://www.mediafire.com/file/leqnhoq5c7qje45/DJ_Buck_-_Funnky_%25282019%2529.zip/file,https://www.hominiscanidae.org/2019/11/dj-buck-funnky-2019.html,exact
2022 - Ieti Lessa Gustavo - Radar de um Filme Sujo,2022,6,"4,7,8,9,10,11",mediafire.com,https://www.mediafire.com/file/na0uje4gi2evv60/Ieti%252C_Lessa_Gustavo_-_Radar_de_um_Filme_Sujo_%25282022%2529.rar/file,https://www.hominiscanidae.org/2022/04/ieti-lessa-gustavo-radar-de-um-filme.html,exact
2023 - Mundo Video - Hominis Canidae #154 - Março,2023,6,"7,8,10,12,14,16",mediafire.com,https://www.mediafire.com/file/b6wagh0xit03vdq/MUNDO_VIDEO_%25282023%2529.rar/file,https://www.hominiscanidae.org/2023/04/mundo-video-mundo-video-ep-2023.html,exact
2024 - Cigarras - Fumódromo,2024,6,"3,4,5,6,7,9",mediafire.com,https://www.mediafire.com/file/5j51wnmp4citpbv/%2528HOMINISCANIDAE.ORG%2529_Cigarras_-_Fum%25C3%25B3dromo_%25282024%2529.rar/file,https://www.hominiscanidae.org/2024/03/cigarras-fumodromo-2024.html,exact
2025 - Os Fugitivos - Hominis Canidae #184 - Setembro,2025,6,"8,9,10,12,13,14",mediafire.com,http://www.mediafire.com/file/4d11cjzxkmwcc31/Os+Fugitivos+-+Beiral+EP+%282019%29.zip,https://www.hominiscanidae.org/2019/02/os-fugitivos-beiral-ep-2019.html,exact
2014 - Ana Mo + Porquinho + TucA - Hominis Canidae #51 - Agosto,2014,6,"4,11,12,13,15,16",mega.co.nz,https://mega.co.nz/#!oJNlxTQC!gBrsjW7vxPyK5ampIgbY1Dv6kfBpVYGq8b5W3m-sMnY,https://www.hominiscanidae.org/2014/12/hominis-canidae-hitsbr-2014.html,exact
1964 - Genival Lacerda - O rei da munganga,1964,6,"5,6,7,9,10,11",mega.nz,https://mega.nz/file/2IdExJqZ#aOa62m73RckQAukrimbjS0GUYpNvLMyJVE_UY-K4cmQ,https://www.hominiscanidae.org/2021/01/genival-lacerda-o-rei-da-munganga-1964.html,exact
2016 - Régis Martins & Cia Fantasma - Hominis Canidae #73 - Junho,2016,6,"6,8,10,11,12,15",mega.nz,https://mega.nz/#!OY9hDY6Z!JNeMFajb1q1jcHI_L1G-Tb67h4N8Zmuk8ktaNd1SYpc,https://www.hominiscanidae.org/2016/06/regis-martins-cia-fantasma-ondas-curtas.html,exact
"2019 - Elza Soares, BaianaSystem, Virginia Rodrigues - Planeta Fome",2019,6,"4,6,7,8,9,10",mega.nz,https://mega.nz/#!FgUExYhT!1k84TTc-glbCsl6W6xdXCcL7Z-3fhtUvmnVovYaDnio,https://www.hominiscanidae.org/2019/09/elza-soares-planeta-fome-2019.html,exact
2021 - Saturnina - Hominis Canidae #137 - Outubro,2021,6,"8,10,11,12,13,14",mega.nz,https://mega.nz/file/9OYFyIrK#GFhbXeigvFL9nzrdICvThtRhhfj9jYrqoVYUu4d5oHA,https://www.hominiscanidae.org/2022/01/saturnina-melancolia-por-diversao-2021.html,exact
2022 - Dengue - Hominis Canidae #144 - Maio,2022,6,"9,10,11,12,13,14",mega.nz,https://mega.nz/file/f58RBJza#0JZndgTG09S1AdQIyxiSzHjbyublMRbPCu4ZWTiE1UY,https://www.hominiscanidae.org/2022/05/dengue-volta-de-soturno-ii-2021.html,exact
2022 - João Castellani - Hominis Canidae #150 - Novembro,2022,6,"7,8,9,11,12,14",mega.nz,https://mega.nz/file/oCgFyKpQ#yMqqRCZCozWLHKBJsUlqlakQxbBp6WqSPw0f1CTZ9hI,https://www.hominiscanidae.org/2022/02/joao-castellani-passagem-2022.html,exact
2022 - Marcio de Almeida Bueno - Ando Sumido,2022,6,"11,14,15,17,19,20",mega.nz,https://mega.nz/file/GktyHLjL#Vt9SmKnd_3WAwUUI3PH7UXxgGkQEAjWC1Mv6eLohiJI,https://www.hominiscanidae.org/2022/06/marcio-de-almeida-bueno-ando-sumido-2022.html,exact
2022 - Mulamba - Será Só aos Ares,2022,6,"4,5,6,7,8,9",mega.nz,https://mega.nz/file/W8tRnT4a#00ifVqzu_eSz4zEKwS2fUXhnj140O_o6PL73MyceUqE,https://www.hominiscanidae.org/2022/07/mulamba-sera-so-aos-ares-2022.html,exact
2023 - Marcelo D2 - IBORU,2023,6,"5,7,8,9,11,14",mega.nz,https://mega.nz/file/lGgSHT7K#QEH5o7g3ey7WIg6A74yeFvwS2rvrZbDpQHNT_j5GJNA,https://www.hominiscanidae.org/2023/06/marcelo-d2-iboru-2023.html,exact
2024 - personas non gratas - Hominis Canidae #169 - Junho,2024,6,"4,5,6,8,12,13",personasnongratas.bandcamp.com,https://personasnongratas.bandcamp.com/,https://www.hominiscanidae.org/2020/06/personas-non-gratas-personas-non-gratas.html,exact
2013 - G.R.E.P. Unidos do Faça Você Mesmo - Death Samba,2013,6,"3,5,6,7,11,12",taperec.bandcamp.com,http://taperec.bandcamp.com/album/death-friends,https://www.hominiscanidae.org/2013/12/tape-rec-death-friends-2013.html,exact
2013 - Letuce - E volto pra curtir,2013,5,"4,5,6,7,8",4shared.com,http://www.4shared.com/file/QzGgkdWR/Letuce_-_Couves.html,https://www.hominiscanidae.org/2010/12/letuce-couve.html,exact
2018 - Akminarrah - Batuquebrada,2018,5,"10,14,15,20,21",archive.org,https://archive.org/compress/AkminarrahBatuquebrada/formats=VBR%20MP3&file=/AkminarrahBatuquebrada.zip,https://www.hominiscanidae.org/2018/07/akminarrah-batuquebrada-2018.html,exact
2019 - Akminarrah - Batuquebrando,2019,5,"4,7,8,9,11",archive.org,https://archive.org/compress/NCP085AkminarrahBatuquebrando/formats=VBR%20MP3&file=/NCP085AkminarrahBatuquebrando.zip,https://www.hominiscanidae.org/2019/04/akminarrah-batuquebrando-2019.html,exact
2023 - DJ MixXxuruca Eric Marke - Transgênico (Volume 7),2023,5,"6,7,9,10,11",archive.org,"https://archive.org/compress/ncp-121-dj-mix-xxuruca-transgenico-volume-7/formats=VBR%20MP3,JPEG,RAR,ITEM%20TILE,ARCHIVE%20BITTORRENT,METADATA",https://www.hominiscanidae.org/2023/10/dj-mixxxuruca-transgenico-volume-7-2023.html,exact
"2024 - Alphayatch, Bernardo Pacheco - Hominis Canidae #171 - Agosto",2024,5,"10,12,13,14,15",archive.org,https://archive.org/compress/alphayatch-meets-bernardo-pacheco-corte-costura-2024/formats=VBR%20MP3&file=/alphayatch-meets-bernardo-pacheco-corte-costura-2024.zip,https://www.hominiscanidae.org/2024/11/alphayatch-meets-bernardo-pacheco-corte.html,exact
2024 - rés - Hominis Canidae #175 - Dezembro,2024,5,"6,7,9,12,13",archive.org,https://archive.org/compress/res-peba-2025/formats=VBR%20MP3&file=/res-peba-2025.zip,https://www.hominiscanidae.org/2025/03/res-peba-2025.html,exact
2015 - Floating Kid - Hominis Canidae #65 - Outubro,2015,5,"5,7,8,9,15",bandcamp.com,https://bandcamp.com/download?id=1289408529&ts=1443703549.3357933836&tsig=647ac4254d0ea2920f0c48d5a35a200e&type=album,https://www.hominiscanidae.org/2015/10/floating-kid-left-2015.html,exact
2016 - botas batidas - Hominis Canidae #76 - Setembro,2016,5,"10,11,12,14,16",bandcamp.com,https://bandcamp.com/download?id=2090338352&ts=1469449676.1564383001&tsig=25e465af6fbcc50a4e18a55c1c0a6ff3&type=album,https://www.hominiscanidae.org/2016/09/botas-batidas-nao-adentre-meia-noite.html,exact
2017 - Jonatas Onofre - Hominis Canidae #81 - Fevereiro,2017,5,"3,5,6,9,10",bandcamp.com,https://bandcamp.com/download?id=2808594035&ts=1485550721.3681042164&tsig=15ca175baee3c50d3bcd0d54d5738033&type=album,https://www.hominiscanidae.org/2017/02/jonatas-onofre-aparicion-2017.html,exact
2018 - Gabriel Ares - Hominis Canidae #98 - Julho,2018,5,"4,5,6,10,13",bandcamp.com,https://bandcamp.com/download?id=690752814&ts=1530405206.1457294460&tsig=e429b01d74a23aaa95c2b22c00a7c924&type=album,https://www.hominiscanidae.org/2018/07/gabriel-ares-vale-cancao-2018.html,exact
2019 - Michel Temer Trio - Hominis Canidae #104 - Janeiro,2019,5,"5,10,11,13,14",bandcamp.com,https://bandcamp.com/download?from=email&id=4071798694&payment_id=4263211611&sig=68f1c22751457cd0c54e81ab35db98a4&type=album,https://www.hominiscanidae.org/2019/01/michel-temer-trio-michel-temer-trio-2019.html,exact
2024 - marimbondo - tchau obrigado,2024,5,"7,9,10,12,13",bandcamp.com,https://bandcamp.com/download?fsig=e5a8d7943116113d8ba09267cad2a385&id=950007852&ts=1723835586.1559666436&type=album,https://www.hominiscanidae.org/2024/08/marimbondo-tchau-obrigado-2024.html,exact
2024 - Felipe Cordeiro Daniel ADR - Close Drama Revolução & Putaria,2024,5,"7,8,9,10,13",drive.google.com,https://drive.google.com/file/d/1DXy9I2PAltXTRIa7V6SpdYC0XWCihfoh/view?usp=sharing,https://www.hominiscanidae.org/2024/09/felipe-cordeiro-close-drama-revolucao.html,exact
2024 - Janine - Hominis Canidae #178 - Março,2024,5,"3,4,5,6,9",drive.google.com,https://drive.google.com/file/d/1Q1mdoT2F3Yp2uo-WFo1aq5jemV7tGWLm/view?usp=sharing,https://www.hominiscanidae.org/2025/05/janine-muda-ep-2025.html,exact
2024 - Marcos Gabriel Faria - Pornografia,2024,5,"4,8,9,10,11",drive.google.com,https://drive.google.com/file/d/1kJtyYqtRbxBmpETKdhhRhe3rn56awiJn/view?usp=sharing,https://www.hominiscanidae.org/2024/11/marcos-gabriel-faria-pornografia-2024.html,exact
2024 - Regina Souza - Sou,2024,5,"6,7,8,9,10",drive.google.com,https://drive.google.com/file/d/1SeCkNdJaAWSR6hLMXLVA9jnk7WWHd39w/view?usp=sharing,https://www.hominiscanidae.org/2024/09/regina-souza-sou-2024.html,exact
2025 - Criola Beat; Mestre Amaral - Isso É Criolabeat,2025,5,"4,5,6,8,9",dropbox.com,https://www.dropbox.com/scl/fi/pgy2l2w01sqqlitpvseh4/HOMINISCANIDAE.ORG-cb-Isso-Criolabeat-2025.rar?rlkey=7w60pby9szhdteciecqt4hozz&st=ui8hkmnt&dl=0,https://www.hominiscanidae.org/2026/03/criola-beat-isso-e-criolabeat-2025.html,exact
2013 - Jubarte Ataca - A invasão das temíveis válvulas termiônicas,2013,5,"4,5,6,8,10",jubarteataca.com,http://www.jubarteataca.com/files/2013_A_invasao_das_temiveis_valvulas_termionicas.zip,https://www.hominiscanidae.org/2014/12/jubarte-ataca-invasao-das-temiveis.html,exact
2016 - SLVDR - Hominis Canidae #75 - Agosto,2016,5,"10,11,12,13,15",mediafire.com,http://www.mediafire.com/download/ccndu35i2hsa6y2/SLVDR+-+Presen%C3%A7a.rar,https://www.hominiscanidae.org/2016/08/slvdr-presenca-2016.html,exact
2020 - Banda Eddie - Hominis Canidae #116 - Janeiro,2020,5,"6,7,8,11,12",mediafire.com,http://www.mediafire.com/file/xpzf7cfpe05d8h1/Eddie_-_Ati%25C3%25A7a_%25282020%2529.zip/file,https://www.hominiscanidae.org/2020/01/banda-eddie-atica-2020.html,exact
2020 - Shower Curtain - Hominis Canidae #119 - Abril,2020,5,"7,10,12,13,14",mediafire.com,http://www.mediafire.com/file/cb6ygzylzfjyefs/Shower_Curtain_%25282020%2529.rar/file,https://www.hominiscanidae.org/2020/04/shower-curtain-shower-curtain-2020.html,exact
2022 - Lule Mental Butter - Curtição Suprema Vol. 1,2022,5,"3,7,8,9,10",mediafire.com,https://www.mediafire.com/file/9pirhsessxrg7o4/Lule+Mental+Butter+-++Manteiga+Mental+\(2022\,https://www.hominiscanidae.org/2022/02/lule-mental-butter-manteiga-mental-2022.html,exact
2022 - Resp - Hominis Canidae #149 - Outubro,2022,5,"6,8,11,13,15",mediafire.com,https://www.mediafire.com/file/chogpxqs2z6kdps/Resp+-+ESCAMA+\(2022\,https://www.hominiscanidae.org/2022/10/resp-escama-2022.html,exact
2023 - Augusta Barna - Sangria Desatada (Deluxe),2023,5,"10,11,16,17,19",mediafire.com,https://www.mediafire.com/file/5mu34cf10xciv2u/Augusta_Barna_-_Sangria_Desatada_%25282022%2529.rar/file,https://www.hominiscanidae.org/2023/01/augusta-barna-sangria-desatada-2022.html,exact
2023 - Do Amor - Problemão,2023,5,"5,6,7,8,11",mediafire.com,https://www.mediafire.com/file/5g19uaijdwvcezn/Do_Amor_-_Problem%25C3%25A3o_%25282023%2529.rar/file,https://www.hominiscanidae.org/2023/04/do-amor-problemao-2023.html,exact
2023 - Jambu - tudo é mt distante,2023,5,"6,7,8,9,11",mediafire.com,https://www.mediafire.com/file/pkyg4dkmvdpvqzm/Jambu_-_tudo_%25C3%25A9_mt_distante_%25282023%2529.rar/file,https://www.hominiscanidae.org/2023/04/jambu-tudo-e-mt-distante-2023.html,exact
2023 - Oliveira Nathalia Queiroz Thalita Medeiros Maju Hugo Linns Marcelo Cabral - teu nome vem de longe,2023,5,"8,9,10,11,12",mediafire.com,https://www.mediafire.com/file/byq0l2wwfzoc61u/Oliveira_-_teu_nome_vem_de_longe_%25282024%2529.rar/file,https://www.hominiscanidae.org/2024/02/oliveira-teu-nome-vem-de-longe-2024.html,exact
2023 - primeiras vezes em sampa - Hominis Canidae #157 - Junho,2023,5,"6,8,9,11,12",mediafire.com,https://www.mediafire.com/file/jx0c33fmzutrvxj/primeiras_vezes_em_sampa_-_Reinaugura%25C3%25A7%25C3%25A3o_do_Teatro_Lira_%25282022%2529.rar/file,https://www.hominiscanidae.org/2022/11/primeiras-vezes-em-sampa-reinauguracao.html,exact
2024 - Sombrio da Silva - Hominis Canidae #167 - Abril,2024,5,"10,11,12,14,16",mediafire.com,https://www.mediafire.com/file/h3xbwkw19gb8vqi/Sombrio_da_Silva_-_Lorotas_%2526_Trag%25C3%25A9dias_%25282024%2529.rar/file,https://www.hominiscanidae.org/2024/04/sombrio-da-silva-lorotas-tragedias-2024.html,exact
2025 - Anis - jardim de inferno vol. 1,2025,5,"2,7,8,9,11",mediafire.com,https://www.mediafire.com/file/uqv77ejjxj3u0ql/Anis_de_Flor_-_F%25C3%25A9rtil_%25282022%2529.rar/file,https://www.hominiscanidae.org/2022/11/anis-de-flor-fertil-2022.html,exact
2014 - Tom Zé - Vira Lata na Via Láctea,2014,5,"4,10,11,12,13",mega.co.nz,https://mega.co.nz/#!U19xxb4I!kvfqAptVjCq7CODG-DFUyr7vKHFYgikHESUMrp8HEOs,https://www.hominiscanidae.org/2014/11/tom-ze-vira-lata-na-via-lactea-2014.html,exact
2014 - bufalobelico - Hominis Canidae #46 - Março,2014,5,"6,7,8,12,15",mega.co.nz,https://mega.co.nz/#!oJNlxTQC!gBrsjW7vxPyK5ampIgbY1Dv6kfBpVYGq8b5W3m-sMnY,https://www.hominiscanidae.org/2014/12/hominis-canidae-hitsbr-2014.html,exact
2018 - Ava Rocha - Trança,2018,5,"7,12,15,17,18",mega.nz,https://mega.nz/#!h01XQIDR!78KEXpEXfmDtd8bkvOTLHNnag-fzQlqk8wMr46O7-_4,https://www.hominiscanidae.org/2018/06/ava-rocha-tranca-2018.html,exact
2019 - Antiprisma - Hemisférios,2019,5,"4,5,7,8,9",mega.nz,https://mega.nz/#!Z8lEnAJY!Exx_t1G_v1jXaZkpwTiXLByHCq_WKlyu96YZXsdw07w,https://www.hominiscanidae.org/2019/09/antiprisma-hemisferios-2019.html,exact
"2019 - Bárbara Eugênia, Bloco Pagu - Tuda",2019,5,"4,6,7,9,10",mega.nz,https://mega.nz/#!NoNjSCjZ!eZaL89rP80Sr65Edl82231hR3iN0ZGGmgTjyJIppTlU,https://www.hominiscanidae.org/2019/08/barbara-eugenia-tuda-2019.html,exact
2019 - Cianeto HC - Sociedade das Marionetes,2019,5,"4,5,8,9,11",mega.nz,https://mega.nz/#!489QWKJQ!h_5OnKKNnmEarscQzRewlLouet_MTaP-AdvymGyrwo0,https://www.hominiscanidae.org/2019/05/cianeto-hc-sociedade-das-marionetes-2019.html,exact
2019 - Juliana Perdigão - Folhuda,2019,5,"5,6,7,8,10",mega.nz,https://mega.nz/#!o08VWKKC!nqOXz6eobBWVlDkFtKcEPGidmJAFeFXEMua3uXMtIM4,https://www.hominiscanidae.org/2019/02/juliana-perdigao-folhuda-2019.html,exact
2019 - Sergio Mello - Sem Filtro,2019,5,"6,7,10,14,16",mega.nz,https://mega.nz/#!c8EgSCIb!wu9ujZksycAvxTjxziQ2hxaeMAvuFLy4RMsOAbWdNZs,https://www.hominiscanidae.org/2020/01/sergio-mello-sem-filtro-2019.html,exact
2019 - Tuzé de Abreu - Hominis Canidae #106 - Março,2019,5,"3,8,11,12,13",mega.nz,https://mega.nz/#!w8FkmK5A!2JY9qw6Gs0woq1n26ksA4bp1EnV15PZEZtj6YkSMt4s,https://www.hominiscanidae.org/2019/03/tuze-de-abreu-contraduzindo-2018.html,exact
2021 - Paolo Ravley - Mundos (Deluxe),2021,5,"3,4,6,7,14",mega.nz,https://mega.nz/file/CtUAgCCY#QZGokf_X0hf5rqgO26ZcSTK7l7zXTh_PQo-jOJpGpr0,https://www.hominiscanidae.org/2022/10/paolo-ravley-mundos-deluxe-2021.html,exact
2022 - Gabriel Sielawa - Terra,2022,5,"5,6,9,10,11",mega.nz,https://mega.nz/file/Cxtz0BKB#rDSHTxRGiVrZo26zoz4ghhWyuVbdFTsc0jHIa5IyMHQ,https://www.hominiscanidae.org/2022/11/gabriel-sielawa-terra-2022.html,exact
2022 - Leo Fazio Alice Marcone Marina Mole - Paranoia,2022,5,"3,8,12,13,16",mega.nz,https://mega.nz/file/64UV2QyB#F7ZK-cr152ylrK9__y4Kt2jiZkHqbDGw1cnjUo1viL8,https://www.hominiscanidae.org/2022/08/leo-fazio-paranoia-2022.html,exact
2022 - Socorro Lira Ricardo Vignini - Dharma,2022,5,"5,8,9,11,12",mega.nz,https://mega.nz/file/KtkXEIyb#a8JqrFUelSXm-4eCqpJMKWBAVvQIPdl_r4WB4yCgc5Q,https://www.hominiscanidae.org/2023/03/socorro-lira-dharma-2022.html,exact
2022 - Terminal Guadalupe Dany López - Agora e Sempre,2022,5,"3,4,5,8,9",mega.nz,https://mega.nz/file/P4FHETQQ#J-RgZ1u77IeNEuRdC4l8huAXvjs9QM2TUnhpFNdAA08,https://www.hominiscanidae.org/2022/10/terminal-guadalupe-agora-e-sempre-2022.html,exact
2023 - Banda De Pau E Corda - Entre A Flor E A Cruz,2023,5,"6,7,9,10,11",mega.nz,https://mega.nz/file/FChkASQK#yE4ktkFmLCF0c0PHXCf7xFJKXANzNQzjYwtlsx5A_cg,https://www.hominiscanidae.org/2023/10/banda-de-pau-e-corda-entre-flor-e-cruz.html,exact
2023 - Felipe Gomide Carlos Malta Eliezer Tristão Gabriel Levy Ricardo Barros - Forrobodó Oriental,2023,5,"4,5,6,8,9",mega.nz,https://mega.nz/file/xGIxQRTQ#XhCSqAlV2P5xcj2BBhYFNKQK9jx6VxjRq58XBi_oaBw,https://www.hominiscanidae.org/2023/12/felipe-gomide-forrobodo-oriental-2023.html,exact
2023 - Martinho Da Vila - Negra Ópera,2023,5,"6,7,9,10,11",mega.nz,https://mega.nz/file/AGQ2SQ7T#WFrtE8T5KszLq4bTZoY5LuokkZTzE8RB68QGX-KyOkY,https://www.hominiscanidae.org/2023/06/martinho-da-vila-negra-opera-2023.html,exact
2023 - Mateus Fazeno Rock Jup do Bairro Agê Caiô glhrmee - Jesus Ñ Voltará,2023,5,"8,9,10,11,12",mega.nz,https://mega.nz/file/pORCFIYR#XYIGOSsnaERdksuvRJKuxSyxeIIJPLgBLreGfhggIow,https://www.hominiscanidae.org/2023/05/mateus-fazeno-rock-jesus-n-voltara-2023.html,exact
2023 - Tiago Malta Lucas Melo Viviane melo Andrei A.k.a. Bushido - Anti Sábio,2023,5,"10,11,12,14,22",mega.nz,https://mega.nz/file/0fxRmT4Y#AXfu26SbozNp81tjR7lFpk8F4kPS0_Q8gkUO4Ou7BDg,https://www.hominiscanidae.org/2023/07/tiago-malta-anti-sabio-2023.html,exact
2023 - Vulgo FK Wall Hein Yokame - Perdas & Ganhos,2023,5,"6,7,9,13,14",mega.nz,https://mega.nz/file/VfgEWTqD#3KRzGcZviT_w6PRf2zADXGtX-8GGUbjkuTFwVaCo17w,https://www.hominiscanidae.org/2023/07/vulgo-fk-perdas-ganhos-2023.html,exact
2024 - Tagore - Barra de Jangada,2024,5,"3,4,5,6,8",mega.nz,https://mega.nz/file/MLQH0KJC#ZDoDdt4BsXhE4o4JlBOG2j2GMVT_JRRqJ4LrsT0dzTU,https://www.hominiscanidae.org/2024/04/tagore-barra-de-jangada-2024.html,exact
2025 - Ana Paia Ana Paia Ana Paia Ana Paia - Hominis Canidae #187 - Dezembro,2025,5,"5,6,8,13,14",mega.nz,https://mega.nz/file/JWMywIwS#rY7HnVGh43opUnK8t8aT87hdeOCNak4t9VO-KPAy8DU,https://www.hominiscanidae.org/2025/12/ana-paia-continuar-2025.html,exact
2025 - Asterisma - Honra Entre Os Novos Ladrões,2025,5,"3,5,6,9,10",mega.nz,https://mega.nz/file/ATtnWASC#_a_GLbHU8RzuuAVBiGsfy_VLKafL0y_JJW2sxB7mLeU,https://www.hominiscanidae.org/2025/12/asterisma-honra-entre-os-novos-ladroes.html,exact
"2025 - BK Fye Deekapz - Diamantes, Lágrimas e Rostos para Esquecer",2025,5,"5,7,8,12,15",mega.nz,https://mega.nz/file/BK9mRZwC#VTyhVGZJBEGFBRcl4fJvB1mN32wYRW1Zrn9IT1LAhAs,https://www.hominiscanidae.org/2025/02/bk-diamantes-lagrimas-e-rostos-para.html,exact
2025 - Gustavo Monteiro - Retribuição,2025,5,"5,6,7,8,10",mega.nz,https://mega.nz/file/gOV0ERDL#J6pdhVi6ApnOkZJSNxyOmM7lfonfGYKfvnYsdCWohgY,https://www.hominiscanidae.org/2025/09/gustavo-monteiro-retribuicao-2025.html,exact
2025 - Marcela Lucatelli - COISA MÁ,2025,5,"3,4,5,6,8",mega.nz,https://mega.nz/file/lWkCVaiK#Qr4Tq8v9aZRI2J8OG_14pTG28nrf4fNNMxLbA6G9Pd4,https://www.hominiscanidae.org/2025/05/marcela-lucatelli-coisa-ma-2025.html,exact
2025 - Percevejo - Infestação de Percevejo é Coisa Seríssima,2025,5,"5,6,7,8,9",mega.nz,https://mega.nz/file/iJtxRLga#l8hyzlnlqfTBlP2O4jdEG7lXsBMKDShh2b6_Vg-ol9U,https://www.hominiscanidae.org/2026/02/percevejo-infestacao-de-percevejo-e.html,exact
"2025 - Pero Manzé - Ave, Êxodo!",2025,5,"6,7,8,10,11",mega.nz,https://mega.nz/file/sPNG1ZIY#FwLkqbnGvJyb_RGAcqtY6N9dPcxKmpoakFkEnzQFjl0,https://www.hominiscanidae.org/2025/10/pero-manze-ave-exodo-2025.html,exact
2025 - Yangprj; NEGGS - LIBERTADOR,2025,5,"5,6,7,8,10",mega.nz,https://mega.nz/file/dCk22KIK#rBbKC_dcGa6-jPGF6Kdpg_RAr3-wkBPQZbsEiEf9eng,https://www.hominiscanidae.org/2025/12/neggs-e-yangprj-libertador-2025.html,exact
2026 - Morris Kiko Dinucci Iara Rennó - Fé na Desordem,2026,5,"4,5,6,8,11",mega.nz,https://mega.nz/file/XzYAkIQC#VIKK8hKNLCbbNMlLmOCqW_KV12gUoI5gvRCfrsaSG9k,https://www.hominiscanidae.org/2026/05/morris-fe-na-desordem-2026.html,exact
2014 - Wry - Hominis Canidae #49 - Junho,2014,5,"6,10,11,13,14",mondowry.com.br,http://mondowry.com.br/?wpdmact=process&did=Ny5ob3RsaW5r,https://www.hominiscanidae.org/2014/06/wry-morangoland-1995.html,exact
"2020 - Guilherme Held, Maria Gadú, Rômulo Fróes - Hominis Canidae #125 - Outubro",2020,5,"8,9,10,14,16",tvkweb.com.br,http://www.tvkweb.com.br/2020/10/01/guitarrista-guilherme-held-vai-alem-da-influencia-de-lanny-gordin-no-primeiro-album/,https://www.hominiscanidae.org/2020/10/guilherme-held-corpo-nos-2020.html,exact
"2018 - FBC, Chris MC - S. C. A",2018,4,"6,7,8,9",,,,no_post
"2018 - FBC, Coyote Beatz - S.C.A",2018,4,"5,6,7,8",,,,no_post
2012 - Boi Fulmegante - O Vácuo da Vida e a Doença da Pós-Modernidade,2012,4,"2,3,4,7",4shared.com,http://www.4shared.com/rar/yAR7pd0j/boi_fulmegante_-_o_vcuo_da_vid.html,https://www.hominiscanidae.org/2012/12/boi-fulmegante-o-vacuo-da-vida-e-doenca.html,exact
2011 - Apanhador Só - Acústico-Sucateiro,2011,4,"4,6,7,8",apanhadorso.com,http://www.apanhadorso.com/Apanhador%20S%C3%B3%20-%20Ac%C3%BAstico-Sucateiro%20%282011%29.rar,https://www.hominiscanidae.org/2011/05/apanhador-so-acustico-sucateiro-2011.html,exact
2013 - Don L - Mixtape Caro Vapor - Vida e Veneno de Don L,2013,4,"3,6,12,16",archive.org,https://archive.org/compress/don-l-mixtape-caro-vapor-vida-e-veneno-de-don-l-2013-www.rappratodos.com.br/formats=VBR%20MP3&file=/don-l-mixtape-caro-vapor-vida-e-veneno-de-don-l-2013-www.rappratodos.com.br.zip,https://www.hominiscanidae.org/2013/10/don-l-caro-vapor-vida-e-veneno-de-don-l.html,exact
2021 - Aparelhagem Malk Espanca - Bodas de Aço,2021,4,"9,10,12,16",archive.org,https://archive.org/compress/ncp-107-aparelhagem-malk-espanca-bodas-de-aco/formats=VBR%20MP3&file=/ncp-107-aparelhagem-malk-espanca-bodas-de-aco.zip,https://www.hominiscanidae.org/2022/01/aparelhagem-malk-espanca-bodas-de-aco.html,exact
2022 - Na Cara e Coragem Produções - 1982,2022,4,"8,9,10,11",archive.org,https://archive.org/details/vaSemVergonhaDisco01,https://www.hominiscanidae.org/2021/03/na-cara-e-coragem-va-sem-vergonha-2021.html,exact
2013 - Malungo - batuque.balanco.groove,2013,4,"4,5,7,8",bandamalungo.com.br,http://www.bandamalungo.com.br/cd/mlng_bbg.zip,https://www.hominiscanidae.org/2014/03/malungo-batuquebalancogroove-2013.html,exact
2018 - Pedro Anderson - Hominis Canidae #95 - Abril,2018,4,"7,8,13,16",bandcamp.com,https://bandcamp.com/download?id=4130253861&ts=1522586921.2555426927&tsig=e4155e68684973758b944db1a0b18fa2&type=album,https://www.hominiscanidae.org/2018/04/pedro-anderson-chapter-i-midi-remixes.html,exact
2019 - God Pussy - Hominis Canidae #109 - Junho,2019,4,"4,6,10,12",bandcamp.com,https://bandcamp.com/download?id=2702745989&ts=1558661958.461644280&tsig=b241b134f81fde8bafd34f00736f616d&type=album,https://www.hominiscanidae.org/2019/06/god-pussy-brail-2019.html,exact
2019 - Não Não-Eu - Hominis Canidae #108 - Maio,2019,4,"3,4,8,13",bandcamp.com,https://bandcamp.com/download?from=email&id=3426460368&payment_id=2263868844&sig=a8d682c3e2ae753ffad8d93994b618eb&type=album,https://www.hominiscanidae.org/2019/05/nao-nao-eu-pureza-e-perigo-2019.html,exact
2021 - 1983 - Underground Sounds From Brazil Vol. 3,2021,4,"3,5,6,8",bandcamp.com,https://bandcamp.com/download?id=1079739077&ts=1539806989.1301122156&tsig=33984f0ac94cd8bc2fc26e499f463966&type=album,https://www.hominiscanidae.org/2018/10/1983-persona-non-grata-2018.html,exact
2026 - Pedro Salvador - Pedro Salvador,2026,4,"8,13,16,17",bandcamp.com,https://bandcamp.com/download?fsig=7c12f343bb33e7c1bda242a7b10d0bae&id=202289950&ts=1778026222.1634159591&type=album,https://www.hominiscanidae.org/2026/05/pedro-salvador-pedro-salvador-2026.html,exact
2013 - Cangaço - Hominis Canidae #42 - Novembro,2013,4,"5,8,11,16",cangacometal.com,http://www.cangacometal.com/cangaco-rastros-2013.rar,https://www.hominiscanidae.org/2013/11/cangaco-rastros-2013.html,exact
2022 - DINGO - A Vida é Uma Granada,2022,4,"6,7,9,10",dingobells.com.br,http://www.dingobells.com.br/Dingo_Bells_Maravilhas_da_Vida_Moderna.zip,https://www.hominiscanidae.org/2015/06/dingo-bells-maravilhas-da-vida-moderna.html,exact
2024 - Diomedes Chinaski Don9 - Coração Partido 2,2024,4,"5,6,7,12",drive.google.com,https://drive.google.com/file/d/1uHEffX0C4Z-Rsga878NDFJIU5_ItyX-3/view?usp=sharing,https://www.hominiscanidae.org/2024/08/diomedes-chinaski-coracao-partido-vol-2.html,exact
2024 - Dora Morelenbaum - PIQUE,2024,4,"3,4,5,10",drive.google.com,https://drive.google.com/file/d/1T2y02KMPBKJVDa2esbZHpVOta4HMi3AH/view?usp=sharing,https://www.hominiscanidae.org/2024/12/dora-morelenbaum-pique-2024.html,exact
2024 - Franco Guesa - Estranho estrangeiro só,2024,4,"4,7,8,10",drive.google.com,https://drive.google.com/file/d/1hqQWboOer1tU_ToDYJ_jO-tIztEPqH-B/view?usp=sharing,https://www.hominiscanidae.org/2024/12/franco-guesa-estranho-estrangeiro-so.html,exact
2024 - Maria Beraldo - Hominis Canidae #170 - Julho,2024,4,"9,10,14,16",drive.google.com,https://drive.google.com/file/d/1g2ciCBD2rGLAkGPb37hzQLhZ002Zse3s/view?usp=sharing,https://www.hominiscanidae.org/2024/12/maria-beraldo-colinho-2024.html,exact
2024 - andre L. R. mendes - It´s Only Artesanato (But I Like It),2024,4,"3,6,8,10",drive.google.com,https://drive.google.com/file/d/1DwlzKZve2DVHz0Q19I66KqaalquYpTEV/view?usp=sharing,https://www.hominiscanidae.org/2024/12/andre-l-r-mendes-its-only-artesanato.html,exact
2025 - Anjo Gabriel - Anjo Gabriel Radio_Stream Edition,2025,4,"9,10,11,12",drive.google.com,https://drive.google.com/file/d/1EYA2m6yKicGU5OTfH6WKzxo2-h3P7KIC/view?usp=sharing,https://www.hominiscanidae.org/2025/02/anjo-gabriel-anjo-gabriel-2025.html,exact
2025 - Dakotta - Hominis Canidae #179 - Abril,2025,4,"6,9,10,15",drive.google.com,https://drive.google.com/file/d/1WGG7O-xF2fmiZGZUPhsCs-9ql5-vSpkY/view?usp=sharing,https://www.hominiscanidae.org/2025/05/hominis-canidae-180-maio-2025.html,exact
2025 - João Jardel - Hominis Canidae #176 - Janeiro,2025,4,"10,13,14,15",drive.google.com,https://drive.google.com/file/d/15W4oJYwMQOmShC_Lx1EQN5y9qL9rqgP9/view?usp=sharing,https://www.hominiscanidae.org/2024/05/joao-jardel-pop-2024.html,exact
"2025 - Mascote Munhoz Rodrigo Brandão - Meus Amigos, Vol. 2",2025,4,"11,12,13,14",drive.google.com,https://drive.google.com/file/d/1FWTrTLknQqIfMApvehzO9KCdJr4f8f3i/view?usp=sharing,https://www.hominiscanidae.org/2025/02/mascote-meus-amigos-vol-2-2025.html,exact
2007 - Como a sequência - Self Titled,2007,4,"5,6,7,8",ledegout.bandcamp.com,http://ledegout.bandcamp.com/download?id=3353399363&ts=1361451321.2515708008&tsig=772c27bf248796c04a076045dd19c0ee&type=album,https://www.hominiscanidae.org/2013/02/le-degout-self-titled-2011.html,exact
2018 - E A Terra Nunca Me Pareceu Tão Distante - Fundação,2018,4,"5,6,7,8",marcoeafundacao.com,http://marcoeafundacao.com/,https://www.hominiscanidae.org/2012/05/marco-nalesso-e-fundacao-tres-vezes.html,exact
2011 - Amabis - Memórias Luso Africanas,2011,4,"4,6,7,8",mediafire.com,http://www.mediafire.com/download/wupl7g8vw59ppj3/Trabalhos_Carnivoros.zip,https://www.hominiscanidae.org/2012/10/amabis-trabalhos-carnivoros-2012.html,exact
2013 - Glauco César II - no mínimo era isso,2013,4,"2,5,6,7",mediafire.com,http://www.mediafire.com/download/2taos5gizuwlg31/CD+Colet%C3%A2nea+no+m%C3%ADnimo+era+isso.zip,https://www.hominiscanidae.org/2013/09/coletanea-outros-criticos-no-minimo-era.html,exact
2014 - A.X.L - A Vida de Axel Alberigi Antes de Tudo,2014,4,"3,5,6,7",mediafire.com,http://www.mediafire.com/download/00wuyzjlp7a83iz/A+Vida+de+Axel+Alberigi+-+Antes+de+Tudo.rar,https://www.hominiscanidae.org/2015/02/axl-vida-de-axel-alberigi-antes-de-tudo.html,fuzzy:0.95
2016 - Hesla - Hominis Canidae #78 - Novembro,2016,4,"6,9,12,13",mediafire.com,http://www.mediafire.com/file/4m16ta74q8c9me5/Hesla_-_Magnetita_%282016%29.rar,https://www.hominiscanidae.org/2016/11/hesla-magnetita-ep-2016.html,exact
2022 - Arthur Navarro - À Flor da Terra,2022,4,"4,5,6,7",mediafire.com,https://www.mediafire.com/file/cw9b6947xntmzb8/Arthur_Navarro_-_%25C3%2580_Flor_da_Terra_%25282022%2529.rar/file,https://www.hominiscanidae.org/2023/01/arthur-navarro-flor-da-terra-2022.html,exact
2022 - Clarissa Bruns - Tua Pele,2022,4,"5,6,7,8",mediafire.com,https://www.mediafire.com/file/c0m8l2obujx0fvh/Clarissa_Bruns_-_Tua_Pele_%25282022%2529.rar/file,https://www.hominiscanidae.org/2022/08/clarissa-bruns-tua-pele-2022.html,exact
2022 - Fistt - A Arte de Perder,2022,4,"5,7,8,9",mediafire.com,https://www.mediafire.com/file/buk2gmd5aj8pckk/Fistt_-_A_Arte_de_Perder_%25282022%2529.rar/file,https://www.hominiscanidae.org/2022/11/fistt-arte-de-perder-2022.html,exact
2022 - Limma - LIMMA,2022,4,"3,4,6,7",mediafire.com,https://www.mediafire.com/file/2fuhtfo8la9aewq/LIMMA_%25282022%2529.rar/file,https://www.hominiscanidae.org/2022/07/limma-limma-2022.html,exact
2022 - Validuaté - Homini Canidae #145 - Junho,2022,4,"10,11,12,13",mediafire.com,https://www.mediafire.com/file/1afo9oxkndljklw/Validuat%25C3%25A9_-_Escute%252C_o_Sol_Est%25C3%25A1_Nascendo_%25282022%2529.rar/file,https://www.hominiscanidae.org/2022/08/validuate-escute-o-sol-esta-nascendo.html,exact
2023 - Bebeto Cruz - O Fantástico Mundo dos Sonhos,2023,4,"11,14,26,27",mediafire.com,https://www.mediafire.com/file/optt83ylg8umtg8/Bebeto_Cruz_-_O_Fant%25C3%25A1stico_Mundo_dos_Sonhos_%25282023%2529.rar/file,https://www.hominiscanidae.org/2024/02/bebeto-cruz-o-fantastico-mundo-dos.html,exact
2023 - Marcos Magah - O Homem Que Virou Circo,2023,4,"7,8,9,10",mediafire.com,https://www.mediafire.com/file/99ufr5lepfo73mj/Marcos_Magah_-_O_Homem_Que_Virou_Circo_%25282023%2529.rar/file,https://www.hominiscanidae.org/2023/04/marcos-magah-o-homem-que-virou-circo.html,exact
2023 - Paulo Franco - Quem Me Trouxe Até Aqui,2023,4,"4,5,7,8",mediafire.com,https://www.mediafire.com/file/dkvwsb9uyn830mv/Paulo_Franco_-_Quem_Me_Trouxe_At%25C3%25A9_Aqui_%25282023%2529.rar/file,https://www.hominiscanidae.org/2024/01/paulo-franco-quem-me-trouxe-ate-aqui.html,exact
2023 - Vinco - Sinestesia,2023,4,"4,6,7,8",mediafire.com,https://www.mediafire.com/file/4la1vgjhu375075/Vinco_-_Sinestesia_%25282023%2529.rar/file,https://www.hominiscanidae.org/2023/12/vinco-sinestesia-2023.html,exact
2024 - Arthur Melo - Mirantes Emocionais,2024,4,"6,7,8,10",mediafire.com,https://www.mediafire.com/file/wm7r4yoqys8z5wi/Arthur_Melo_-_Mirantes_Emocionais_%25282024%2529.rar/file,https://www.hominiscanidae.org/2024/05/arthur-melo-mirantes-emocionais-2024.html,exact
"2024 - Matéria Prima, Jonas Pheer - novidadedasantiga",2024,4,"5,6,8,13",mediafire.com,https://www.mediafire.com/file/dqffa7jtxligmn8/Materia_Prima_%2526_Jonas_Pheer_-_novidadedasantiga.zip/file,https://www.hominiscanidae.org/2024/10/materia-prima-jonas-pheer.html,exact
2009 - Mutação - Por Quê,2009,4,"6,7,8,13",mega.co.nz,https://mega.co.nz/#!x811xLaJ!v5N7VIcV0ZVOo64VtRhljzAtCorfbQSEwPxkBocQoCk,https://www.hominiscanidae.org/2009/08/mutacao-porque-2004.html,exact
2012 - Madame Rrose Sélavy + Thiago Porquinho - JASS Vol. 3,2012,4,"4,5,7,11",mega.co.nz,https://mega.co.nz/#!5ZE3GSCQ!Pa3gyz-GzO4IitAlNxTBQxBnlIQd8l6FdtveD2XzK10,https://www.hominiscanidae.org/2012/03/madame-rrose-selavy-jass-vol-2-2012.html,exact
2012 - Trio Improvisado - Interferências,2012,4,"5,7,8,10",mega.co.nz,https://mega.co.nz/#!vUEFXKYC!he_aPPAXIBM59EtWCbDQM3eGT_dLSQoa6E_Kg4F0Ipw,https://www.hominiscanidae.org/2014/07/trio-improvisado-interferencias-2012.html,exact
2013 - Cacife Clandestino - Mixtape Sonho de Rua,2013,4,"10,11,12,13",mega.co.nz,https://mega.co.nz/#!ncMWUCaS!jKE2IqRo-UvLYxE55nFIKroNpNxCIqTJ8eQ67pmPtqM,https://www.hominiscanidae.org/2014/09/cacife-clandestino-mixtape-sonho-de-rua.html,exact
2013 - Sapo Banjo - Hominis Canidae #40 - Setembro,2013,4,"9,11,13,14",mega.co.nz,https://mega.co.nz/#!jEEjySBa!fx0w32zoNQaXhd5ko4YAS3mJYeZUy5CwpulcU5-_-RU,https://www.hominiscanidae.org/2013/09/sapo-banjo-feira-de-sexta-2013.html,exact
2014 - Isaar - Todo Calor,2014,4,"7,8,9,10",mega.co.nz,https://mega.co.nz/#!OcshyaaI!ZuuqOLquQ7xZsqZHbPV4F0uqSDe6MhoRYMj0Io9ju8s,https://www.hominiscanidae.org/2014/04/isaar-todo-calor-2014.html,exact
2015 - Madame Rrose Sélavy - Ao Vivo no Festival Traço,2015,4,"5,8,9,10",mega.co.nz,https://mega.co.nz/#!Gd9GnBqT!dOeQcGyQVYL6SDr4NYCG5LgEsUbLSPfOtuLbuOzG9vg,https://www.hominiscanidae.org/2015/08/madame-rrose-selavy-ao-vivo-no-festival.html,exact
2016 - Matschulat - Hominis Canidae #74- Julho,2016,4,"11,12,14,16",mega.nz,https://mega.nz/#!bNMzzCbB!IU1j-K8i1BhP6XQUbegPE5a5ij-ku5YlilBaiLOhDH0,https://www.hominiscanidae.org/2016/07/matschulat-ulterior-2016.html,exact
"2018 - Quatro Por Dois, Wagner Padilha, Lia Farias, Raí Tamarindo - Ainda Que Feito de Saudade",2018,4,"5,6,8,9",mega.nz,https://mega.nz/#!QpdESCgR!bW3D6feQ6PdHvtVo5Rmf6muOqVCKX2WPB_c3jT2q9Xc,https://www.hominiscanidae.org/2018/08/quatro-por-dois-ainda-que-feito-de.html,exact
2018 - Ricardo Vilas - Canto de Liberdade,2018,4,"5,8,10,11",mega.nz,https://mega.nz/#!J5lzkALS!Qw5sB7XqKBdQ7iqGhf2gBCFBxJWT8CPKdZksLnzZ1Ig,https://www.hominiscanidae.org/2018/07/ricardo-vilas-canto-de-liberdade-2018.html,exact
2019 - Androide Sem Par - Ruynas,2019,4,"3,5,6,10",mega.nz,https://mega.nz/#!Q18xHQ4a!GdyQzNKo7-TG90elCxj4cjFo2DyTyCVZIxXEZa5Be6w,https://www.hominiscanidae.org/2019/03/androide-sem-par-ruynas-2019.html,exact
"2019 - Diego Mascate - Na Estrada, Antes da Curva",2019,4,"3,5,6,7",mega.nz,https://mega.nz/#!Ih0hiQiJ!CDRS_ybBJw-geYjm8xFId4OILK7b6Fo2PoTloFbsCFE,https://www.hominiscanidae.org/2019/10/diego-mascate-na-estrada-antes-da-curva.html,exact
2019 - Manoel Cordeiro - Guitar Hero Brasil,2019,4,"4,6,10,11",mega.nz,https://mega.nz/#!otFjnIYa!u-pszhmnJP5_zje4iN3w5iRkLyp434hC_KYjrOjlwsA,https://www.hominiscanidae.org/2019/09/manoel-cordeiro-guitar-hero-brasil-2019.html,exact
2019 - Marcio Teixeira de Mello - Fim de Tarde,2019,4,"3,5,6,10",mega.nz,https://mega.nz/#!I4dXzY6Q!xZrpezh8WFdtczKOxhIxf-QW7ftp3y0Idd3eJDQvF5A,https://www.hominiscanidae.org/2019/06/marcio-teixeira-de-melo-fim-de-tarde.html,exact
2019 - Una - Esquartejada,2019,4,"3,5,9,10",mega.nz,https://mega.nz/#!F4FFmSoC!d8UKDlcJV7WutaOuzIoX7MGKCH7RGtlVmK-grwMlrsM,https://www.hominiscanidae.org/2019/10/una-esquartejada-2019.html,exact
"2019 - Yannick Hara, Rafael Carnevalli - O Caçador de Androides",2019,4,"6,9,10,11",mega.nz,https://mega.nz/#!hwNj2K5K!-1WZ_YoS0QKrbFaago2PJAIi7cpkFnQLnyoc0gEvL0c,https://www.hominiscanidae.org/2019/12/yannick-hara-o-cacador-de-androides-2019.html,exact
2020 - Fluhe - Sobre Nós,2020,4,"4,6,8,9",mega.nz,https://mega.nz/file/sGwzRYzR#AqLJtu6O9okP6pyrpJpnCvfXnsous16QBQObxL68H3s,https://www.hominiscanidae.org/2020/10/fluhe-sobre-nos-2020.html,exact
2020 - Illy - Te Adorando pelo Avesso,2020,4,"4,5,7,10",mega.nz,https://mega.nz/file/cpc2EaIT#F5qf2ICutfRfHi-pwt-hBCIPUTHUZCYw_ILb2nbh54c,https://www.hominiscanidae.org/2020/05/illy-te-adorando-pelo-avesso-2020.html,exact
2020 - Martins - Hominis Canidae #117 - Fevereiro,2020,4,"4,9,10,16",mega.nz,https://mega.nz/#!EsVGiYqZ!BnT7Oqz1DEbTyqTvfgIvIDAMactWYggOwLKC-GIAL2c,https://www.hominiscanidae.org/2020/02/martins-martins-2019.html,exact
2020 - Pablo Lanzoni - Valentia Tempo Voz,2020,4,"5,6,7,8",mega.nz,https://mega.nz/file/IPoWTYBZ#HUAUbXZpqkW2uFlK9tj8C_7kjF2PPuTx5vFZFjkiiK4,https://www.hominiscanidae.org/2021/04/pablo-lanzoni-valentia-tempo-voz-2020.html,exact
2020 - Rashid - Tão Real,2020,4,"5,9,10,13",mega.nz,https://mega.nz/#!JkVmUCTL!OQZlCYqjWIfcpS9v5qQR1M2fCdJ8kZKq3GRvi_W9R2s,https://www.hominiscanidae.org/2020/02/rashid-tao-real-2020.html,exact
2021 - Ala Mil - Cafonália,2021,4,"10,11,14,16",mega.nz,https://mega.nz/file/rltmnTTQ#FxmpJKzxXA25aUzjDJW-VbSzzagYX-xDKwqqnjQooAk,https://www.hominiscanidae.org/2022/08/ala-mil-cafonalia-ou-disco-da-xuca.html,exact
2021 - Don L - Roteiro para Aïnouz (Vol. 2),2021,4,"8,9,13,15",mega.nz,https://mega.nz/file/0axl2YhI#dUOwLY6lwVnc9Wx4bk4LTF3Tw44VQQI1arI9ifR08CA,https://www.hominiscanidae.org/2021/12/don-l-roteiro-para-ainouz-vol-2-2021.html,exact
2021 - EDD Bin - Não digo nem meu nome,2021,4,"7,8,9,10",mega.nz,https://mega.nz/file/dCozUarB#uV4ykO8vRT3HKdf7SpQntwVoS3xZEX1MExVwZfnwEV8,https://www.hominiscanidae.org/2021/07/edd-nao-digo-nem-meu-nome-2021.html,fuzzy:0.89
2021 - Tiago Araripe - Terramarear,2021,4,"4,5,6,12",mega.nz,https://mega.nz/file/AXJGCJ6D#Bha_PXiJmb8gwTkmh5azQ62vduebOI-itegc4oxlz-o,https://www.hominiscanidae.org/2021/08/tiago-araripe-terramarear-2021.html,exact
2022 - Arthus Fochi José Delgado - Ano Sabático,2022,4,"4,7,10,11",mega.nz,https://mega.nz/file/qwc3GYwQ#DWN0b8ixiiSnTymCxN3r-A9de6bGWizNR-eDJ0W9OxQ,https://www.hominiscanidae.org/2022/07/arthus-fochi-ano-sabatico-2022.html,exact
2022 - BK Sango Gigantes - ICARUS,2022,4,"7,9,10,11",mega.nz,https://mega.nz/file/2h0RXbYa#PQsk2-_FEuYVHHrzFsgarXzW3vFu5i8BeQEzc7do9rg,https://www.hominiscanidae.org/2022/11/bk-gigantes-jxnv-icarus-2022.html,exact
2022 - Decurso Drama - Disfarce,2022,4,"3,4,5,7",mega.nz,https://mega.nz/file/L5EwABaJ#ZjlCz6WL3QMxXTkOV1GKODIlKmRhzkUV9v4wKjku8zw,https://www.hominiscanidae.org/2022/12/decurso-drama-disfarce-2022.html,exact
2022 - Devotos - Punk Reggae,2022,4,"4,5,6,8",mega.nz,https://mega.nz/file/DksVUbhA#SwP4AdYF5fs18LGpHrU2jaNoPI8eJpsQwcxYYtVZIwM,https://www.hominiscanidae.org/2022/05/devotos-punk-reggae-2022.html,exact
2022 - Faca Preta - Resistir,2022,4,"4,8,9,10",mega.nz,https://mega.nz/file/O0MVCDSa#1LQPYj7l2ol1hj-eav4Y5CncbG6JNBZsQlPicQN3xXk,https://www.hominiscanidae.org/2022/09/faca-preta-resistir-2022.html,exact
2022 - Gabi Farias Gramophone - Enchente,2022,4,"4,6,7,8",mega.nz,https://mega.nz/file/y5sFwaCQ#tVZoNhMmEp_zycbkcU492pevTbHSqYpgrl4yh_GTbc8,https://www.hominiscanidae.org/2022/03/gabi-farias-enchente-2022.html,exact
2022 - Luedji Luna - Bom Mesmo é Estar Debaixo D'Água Deluxe,2022,4,"3,8,11,12",mega.nz,https://mega.nz/file/28dkAR7b#TBZ7WzrO3qsEbRCCF8P9SKDe0vIM1TT9qdnAPuQSATk,https://www.hominiscanidae.org/2020/11/luedji-luna-bom-mesmo-e-estar-debaixo.html,exact
2022 - Mundhumano - Os Deuses Que Dançam,2022,4,"4,5,7,8",mega.nz,https://mega.nz/file/v8Fz2RiR#2u_V7B4NTeKRMWBE1RcDx6EW658hjBtTQf8rdin7PZ8,https://www.hominiscanidae.org/2022/12/mundhumano-os-deuses-que-dancam-2022.html,exact
2022 - Raya - Tô,2022,4,"4,5,6,7",mega.nz,https://mega.nz/file/KgUCgJrL#20exrbGjJqNUtG-wD7RDhQ5G194IAMMW2d2jZAhLL5M,https://www.hominiscanidae.org/2022/07/raya-to-2022.html,exact
2022 - agda - Agda,2022,4,"7,8,11,15",mega.nz,https://mega.nz/file/b81DjLyB#v5eyZJFqiA83DLhLBhNEBuzKZj3xWcxbbYRTtgvAOzo,https://www.hominiscanidae.org/2023/04/agda-agda-2022.html,exact
2023 - Bule - dançando sem ninguém me ouvir,2023,4,"5,6,7,8",mega.nz,https://mega.nz/file/sGgWQZSY#UXrsGZwtYl3RtbVwvP6XCq5c5TgtHt7pmqJf7QxhINo,https://www.hominiscanidae.org/2023/07/bule-dancando-sem-ninguem-me-ouvir-2023.html,exact
2023 - Cronixta Felipe Cordeiro - Wi-Fi da Floresta,2023,4,"3,4,6,7",mega.nz,https://mega.nz/file/1CJ0HCQZ#T81WEct7uMuHmgXx3A2EeLpqeHNgshFWlPF4hSrFChU,https://www.hominiscanidae.org/2023/10/cronixta-wi-fi-da-floresta-2023.html,exact
"2023 - Jotaerre Ludmila Singa - Depois da Tempestade, Pt. 1",2023,4,"7,8,12,14",mega.nz,https://mega.nz/file/gTIjkLIS#ncZfyqBqkDBNy7gZZPVgPKO4SP5D0Mxg5YZx01tfNsg,https://www.hominiscanidae.org/2023/11/jotaerre-depois-da-tempestade-pt-1-2023.html,exact
2023 - Materia Prima GORIBEATZZ - No Intervalo do Fim,2023,4,"4,5,8,9",mega.nz,https://mega.nz/file/ALhkTTAZ#2AWHYIaiJY18Pvx2bj2yX08eszVuAQmGvrawTWSAxa0,https://www.hominiscanidae.org/2023/12/materia-prima-goribeatzz-no-intervalo.html,exact
2023 - Matheus Mota Matheus Dalia Bruno Duarte Rodrigo Marques - Tribufu,2023,4,"6,7,9,11",mega.nz,https://mega.nz/file/3ocC0YYL#8dXOIycwZT92KrN-lfSyxp--S62IL1ieFRIPeGlH990,https://www.hominiscanidae.org/2023/02/matheus-mota-tribufu-2023.html,exact
2023 - Os Roucos - Movimento Contínuo,2023,4,"3,4,9,11",mega.nz,https://mega.nz/file/IWZwybiS#Meih_UQXyGfwT_1K6q3CMedSzTIchy6XkrTjSLIFf4Y,https://www.hominiscanidae.org/2023/05/os-roucos-movimento-continuo-2023.html,exact
2023 - Tori - Hominis Canidae #153 - Fevereiro,2023,4,"6,7,8,10",mega.nz,https://mega.nz/file/ilFinbhK#yeMUDJ1M2tOTcT6VbGwjazP7vE_SwS_1iTcVw1ihZOU,https://www.hominiscanidae.org/2023/02/tori-descese-lado-e-b-2023.html,exact
2024 - Duxy - Noites em Claro,2024,4,"4,6,10,11",mega.nz,https://mega.nz/file/RTIQCQRR#aEVax439S55EuIKuY_zr1JUeHyS3AbFHyxYcxw-JTn0,https://www.hominiscanidae.org/2024/05/duxy-noites-em-claro-2024.html,exact
2024 - El Coffee Riff - Maciço,2024,4,"3,4,8,10",mega.nz,https://mega.nz/file/5HpQHJrY#wZn5GWHkY1lCDOfG-c1bjz4_EYAvvM1cJ1OJIeNG1vs,https://www.hominiscanidae.org/2024/03/el-coffee-macico-2024.html,exact
2024 - Paula Cavalciuk - Pangeia,2024,4,"5,7,9,11",mega.nz,https://mega.nz/file/sWZzEA5b#yImcaE-RUaMnMyOb-mtDlhTpdOGxxWrT8jiPU_y01J8,https://www.hominiscanidae.org/2024/04/paula-cavalciuk-pangeia-2024.html,exact
2025 - BaianaSystem Dino d'Santiago Antônio Carlos & Jocafi - O Mundo Dá Voltas,2025,4,"3,4,5,9",mega.nz,https://mega.nz/file/MH1GgCIR#x7L5lv--gHcwec2_c06UHPgq1M-1zpapxWwy71av97w,https://www.hominiscanidae.org/2025/01/baianasystem-o-mundo-da-voltas-2025.html,exact
2025 - Continue - Imenso Nada,2025,4,"3,4,5,10",mega.nz,https://mega.nz/file/8W9xDDhA#WCBJWlKtZhRFrIOj5fLtxkluN5WYRmPVG-1CPczmqsA,https://www.hominiscanidae.org/2025/08/continue-imenso-nada-2025.html,exact
2025 - DIMAS - inferno de verão,2025,4,"4,6,7,8",mega.nz,https://mega.nz/file/ZW1yCCqA#pNpaZmJl3rQI535SW2K3sxbREnecLNRqOVw0zpzStgQ,https://www.hominiscanidae.org/2025/12/dimas-inferno-de-verao-2025.html,exact
2025 - Elisa de Sena - Orgânica,2025,4,"5,7,8,10",mega.nz,https://mega.nz/file/4e0EVBiD#DCmQPyQll0cKw14kOKYFOgUB7KweIdBCNEjsPaHmclU,https://www.hominiscanidae.org/2025/12/elisa-de-sena-organica-2025.html,exact
2025 - Emicida; Dona Jacira; Amaro Freitas; Henrique Albino - Emicida Racional VL 2 - Mesmas Cores & Mesmos Valores,2025,4,"3,5,6,8",mega.nz,https://mega.nz/file/bFVWFBaa#rLTM-5ZpDwKMZNjFZh-kn-pUuF24-ugQy5mU2oPy5W4,https://www.hominiscanidae.org/2025/12/emicida-emicida-racional-vl-2-mesmas.html,exact
"2025 - Isaackito, Charel - Mobile Studio Bahia 2025",2025,4,"5,8,9,13",mega.nz,https://mega.nz/file/YPtkXTzB#3zpv-gllfVh2v-gvnjzquu4hEswByhWZ-tLwk9VJyEo,https://www.hominiscanidae.org/2025/07/isaackito-charel-mobile-studio-bahia.html,exact
2025 - Jup do Bairro - Juízo Final,2025,4,"4,5,9,13",mega.nz,https://mega.nz/file/JX80lByC#2eCnrQLUSaEN9_BPN9Bl-LotVMCq4SB22dSIqtPQN90,https://www.hominiscanidae.org/2025/11/jup-do-bairro-juizo-final-2025.html,exact
2025 - Matanza Ritual - A Vingança é Meu Motor,2025,4,"8,10,11,12",mega.nz,https://mega.nz/file/UKc1nLKT#UlcCc794EsLHgXmZf_-oIp4pEa2ijQDm7mghogdbw78,https://www.hominiscanidae.org/2025/04/matanza-ritual-vinganca-e-meu-motor-2025.html,exact
2025 - Rael - Onda,2025,4,"7,9,10,12",mega.nz,https://mega.nz/file/YWcXiYpI#VsjiUekfLJjNuDDjpg-yuF-nu6pistRlzUUsvb3eiJw,https://www.hominiscanidae.org/2025/05/rael-onda-2025.html,exact
"2025 - SUPERALMA - Todo Tempo Que Virá Depois Desse Momento, Vol. 2",2025,4,"4,5,10,11",mega.nz,https://mega.nz/file/2JdiATbB#K_QKuFp0oLkdmejIXMiIAcYPXXC-JxyizGVm74GLNRs,https://www.hominiscanidae.org/2026/01/superalma-todo-tempo-que-vira-depois.html,exact
2026 - Cidadão Instigado - Cidadão Instigado,2026,4,"3,8,10,11",mega.nz,https://mega.nz/file/z2Zh3A4b#__ql7D-zlm-G10FSAC2eOhIQT71qpbNBNhpnTmGbXP4,https://www.hominiscanidae.org/2026/05/cidadao-instigado-cidadao-instigado-2026.html,exact
2007 - Animal Collective - 2007-10-01 - Webster Hall,2007,4,"9,10,11,12",mir.cr,http://mir.cr/PBBIU4XR,https://www.hominiscanidae.org/2013/01/animal-collective-ao-vivo-terminal-5.html,exact
2016 - Oxente Uai - Feito Passarim,2016,4,"4,5,6,8",oxenteuai.com.br,http://www.oxenteuai.com.br/download/Oxente-Uai-Feito-Passarim.zip,https://www.hominiscanidae.org/2016/07/oxente-uai-feito-passarim-2016.html,exact
2014 - Rumbo Reverso - Hominis Canidae #47- Abril,2014,4,"5,9,12,14",rumboreverso.com,http://www.rumboreverso.com/download.php,https://www.hominiscanidae.org/2014/04/rumbo-reverso-i-2013.html,exact
2015 - Kovtun - Androginóforo,2015,4,"8,9,11,12",sinewave.com.br,http://sinewave.com.br/albums/kovtun/sw0138.kovtun_androginoforo.zip,https://www.hominiscanidae.org/2015/02/kovtun-androginoforo-2015.html,exact
2014 - Tiago Frugoli - A Fita de Batidas,2014,4,"13,18,19,24",tiagofrugoli.bandcamp.com,http://tiagofrugoli.bandcamp.com/download?enc=any&from=email&id=4141150312&payment_id=246407089&sig=91530f663956da4d87ad53058a38d89a&type=album,https://www.hominiscanidae.org/2012/09/tiago-frugoli-2011.html,exact
2010 - Apanhador Só - Apanhador Só,2010,3,"3,7,9",apanhadorso.com,http://www.apanhadorso.com/Apanhador%20S%C3%B3%20-%20Apanhador%20S%C3%B3%20%282010%29.rar,https://www.hominiscanidae.org/2010/07/apanhador-so-apanhador-so.html,exact
2022 - Substância Negra - Jardins Efemeros (ou Que o Luto se torne saudade),2022,3,"8,9,10",archive.org,https://archive.org/compress/ncp-11-1/formats=VBR%20MP3&file=/ncp-11-1.zip,https://www.hominiscanidae.org/2022/07/substancia-negra-jardins-efemeros-ou.html,exact
2023 - Putrefarina333 - Canção Veloz Selvagem e Meio Besta para Pessoas Apressadas,2023,3,"4,5,6",archive.org,https://archive.org/download/putrefarina333canssaumveloz/_NCP11~1.RAR,https://www.hominiscanidae.org/2023/05/putrefarina-333-cancao-veloz-selvagem-e.html,exact
2024 - bruxa do mangue - marianna and júlia,2024,3,"7,8,9",archive.org,https://archive.org/compress/mariannaandjulia/formats=VBR%20MP3&file=/mariannaandjulia.zip,https://www.hominiscanidae.org/2024/08/bruxa-do-mangue-marianna-and-julia-2024.html,exact
2015 - VICTIM! - Hominis Canidae #60 - Maio,2015,3,"8,9,16",bandcamp.com,https://bandcamp.com/download?id=1627269590&ts=1430489932.3193410176&tsig=77dd0b659a4c347153852c13f3a7cfd4&type=album,https://www.hominiscanidae.org/2015/05/victim-pertuis-2015.html,exact
2016 - Pantomime Jazz - Hominis Canidae #70 - Março,2016,3,"10,13,15",bandcamp.com,https://bandcamp.com/download?id=1550979858&ts=1456758863.2286949065&tsig=8039cc459f0a71d993433e86e119bb7c&type=album,https://www.hominiscanidae.org/2016/03/pantomime-jazz-fingers-2016.html,exact
2016 - VERMES DO LIMBO - Hominis Canidae #72 - Maio,2016,3,"9,10,14",bandcamp.com,https://bandcamp.com/download?id=368774885&ts=1462018338.1954684911&tsig=875d50728b9abcac90efe7ddc1c7048b&type=album,https://www.hominiscanidae.org/2016/05/vermes-do-limbo-ep-vrmsxx-2016.html,exact
2018 - Abdala Pacheco - Hominis Canidae #101 - Outubro,2018,3,"11,13,14",bandcamp.com,https://bandcamp.com/download?id=2307440608&ts=1538508432.2503167933&tsig=3ac25dfb8696ee5d847f75ee424c0029&type=album,https://www.hominiscanidae.org/2018/10/abdala-pacheco-selva-de-pedra-2018.html,exact
"2025 - @mattxs - Ditirambos, Canto II O Totem e o Martelo",2025,3,"4,5,6",bandcamp.com,https://bandcamp.com/download?fsig=6fcdf30a637ee9c1d7476081d844b861&id=4019731338&ts=1759713284.3126758029&type=album,https://www.hominiscanidae.org/2025/10/mattxs-ditirambos-canto-ii-o-totem-e-o.html,exact
2025 - pandUkkyi - HyperHits (2),2025,3,"8,12,16",bandcamp.com,https://bandcamp.com/download?fsig=8ba475e294398a612e40c74362833314&id=1393941375&ts=1754135395.3563503609&type=album,https://www.hominiscanidae.org/2025/08/pandukkyi-hyperhits-2025.html,exact
2013 - Boogarins - Hominis Canidae #36 - Maio,2013,3,"11,13,16",boogarins.com,http://www.boogarins.com/,https://www.hominiscanidae.org/2013/05/boogarins-as-plantas-que-curam-2013.html,exact
2014 - Diego Mascate - A.C,2014,3,"7,9,11",diegomascate.com.br,http://diegomascate.com.br/cd_diegomascate.zip,https://www.hominiscanidae.org/2015/02/diego-mascate-ac-2014.html,exact
2019 - Isidoro Pilsen - Isidoro Pilsen,2019,3,"8,9,12",dl.dropboxusercontent.com,https://dl.dropboxusercontent.com/u/1980909/ISIDORO_PILSEN_2.zip,https://www.hominiscanidae.org/2013/11/isidoro-pilsen-ep-2-2013.html,exact
2024 - Daniel Shadow DJ Erik Skratch - Cores e Cinzas,2024,3,"4,5,7",drive.google.com,https://drive.google.com/file/d/1Nlaj6CwTUBZwxcZgskN7kVPM6TPOUsQE/view?usp=sharing,https://www.hominiscanidae.org/2025/02/daniel-shadow-cores-e-cinzas-2024.html,exact
2024 - Flecha Kabal - Enfer,2024,3,"6,7,8",drive.google.com,https://drive.google.com/file/d/1MFM7LnKDStVgacZ9Lq8L9GjRIh8QVNuo/view?usp=sharing,https://www.hominiscanidae.org/2024/12/flecha-kabal-enfer-2024.html,exact
2024 - Gabriel Acaju - A História de Criança Em Sagacidadinheiro,2024,3,"5,6,7",drive.google.com,https://drive.google.com/file/d/1voXNg1sFaPh2_QznN0pdTzlJk0GIOuKP/view?usp=sharing,https://www.hominiscanidae.org/2024/10/gabriel-acaju-historia-de-crianca-em.html,exact
2024 - Joni Mochakk - Talismã,2024,3,"4,5,6",drive.google.com,https://drive.google.com/file/d/1fsG92dndesb7eCoFfusUoiyVYukYAJ4q/view?usp=sharing,https://www.hominiscanidae.org/2024/11/joni-talisma-2024.html,exact
2024 - Juliano fm Costa - Vida Real,2024,3,"3,5,6",drive.google.com,https://drive.google.com/file/d/1-NLYX7f_dik8AZ-KMYg_5SGQ9EYWlcWa/view?usp=sharing,https://www.hominiscanidae.org/2025/01/juliano-fm-costa-vida-real-2024.html,exact
2024 - Life Aquatic Mariana Oliveira - Apneia,2024,3,"4,6,8",drive.google.com,https://drive.google.com/file/d/1JNHWYx7Z1nHgKkVYwnWOmxBF4YBXUi_q/view?usp=sharing,https://www.hominiscanidae.org/2024/10/life-aquatic-apneia-2024.html,exact
2024 - Lotzse - excelentes exceções,2024,3,"6,7,8",drive.google.com,https://drive.google.com/file/d/1u-VGiTtaiRezIWqb7GghaSocFWAuPmxb/view?usp=sharing,https://www.hominiscanidae.org/2025/01/lotzse-excelentes-excecoes-2024.html,exact
2024 - Malu Maria - NAVE PÁSSARO,2024,3,"4,5,6",drive.google.com,https://drive.google.com/file/d/1RFPFGE_VYoxA7npDQfmSIx8DH7T5d1ur/view?usp=sharing,https://www.hominiscanidae.org/2024/06/malu-maria-nave-passaro-2024.html,exact
2024 - Marcos Gabriel Faria - Papel Pardo,2024,3,"8,10,13",drive.google.com,https://drive.google.com/file/d/1gfMPo4DoTg-aUqRn-zPdGfNihzr4FOpq/view?usp=sharing,https://www.hominiscanidae.org/2024/05/marcos-gabriel-faria-papel-pardo-2024.html,exact
2024 - Masterholic Bonovo - Invasão do Pequi (Live),2024,3,"5,7,8",drive.google.com,https://drive.google.com/file/d/1A6VwQSwqXVaYQ8aSNrYKrOq-MsHjmpRr/view?usp=sharing,https://www.hominiscanidae.org/2024/10/varios-artistas-invasao-do-pequi-live.html,exact
2024 - Matheus Who - Iconoclasta,2024,3,"4,6,8",drive.google.com,https://drive.google.com/file/d/1HNuRc7ZBUkoryUHtIb_kSCg3PdXGJMER/view?usp=sharing,https://www.hominiscanidae.org/2024/12/matheus-who-iconoclasta-2024.html,exact
2024 - Mundo Video - Noite de Lua Torta,2024,3,"5,6,7",drive.google.com,https://drive.google.com/file/d/1MUY1HMbktLBx4x0CDGFJNmlBECfEaj_o/view?usp=sharing,https://www.hominiscanidae.org/2024/12/mundo-video-noite-de-lua-torta-2024.html,exact
2024 - PC Silva - Me Dê Notícias do Universo,2024,3,"5,8,10",drive.google.com,https://drive.google.com/file/d/1_ihlkfncj-Aois5dFUnwA_p5FgbEx52g/view?usp=sharing,https://www.hominiscanidae.org/2025/02/pc-silva-me-de-noticias-do-universo-2024.html,exact
2024 - Thalin Cravinhos VCR Slim Marilia Medalha Pirlo iloveyoulangelo - Maria Esmeralda,2024,3,"5,6,13",drive.google.com,https://drive.google.com/file/d/1R9zgbozUbGGr1gj-C_xznY85ky8Hptvt/view?usp=sharing,https://www.hominiscanidae.org/2024/10/thalin-cravinhos-vcr-slim.html,exact
2024 - nabru cjr beatz - Desenredo,2024,3,"10,11,14",drive.google.com,https://drive.google.com/file/d/1LHuqz7dRayaY1a8eNFuBHqgqP2x9xJa4/view?usp=sharing,https://www.hominiscanidae.org/2024/12/nabru-desenredo-2024.html,exact
2025 - Cidade de Ateus - Pós Madrugada,2025,3,"4,5,6",drive.google.com,https://drive.google.com/file/d/1vNUiF9A9bKHTIxwIhqZF8G87n8nBjY_0/view?usp=sharing,https://www.hominiscanidae.org/2025/02/cidade-de-ateus-pos-madrugada-2025.html,exact
2025 - Felipe - PRISMA,2025,3,"7,8,9",drive.google.com,https://drive.google.com/file/d/19rHPBgxRA7o7B5gK4QJv1m-Gyq36mfVk/view?usp=sharing,https://www.hominiscanidae.org/2025/05/felipe-prisma-2025.html,exact
2025 - Juliano fm Costa - Chamar Alguém de Amor,2025,3,"5,8,9",drive.google.com,https://drive.google.com/file/d/1FlZk4tV_kWGuMsSWTVZm9ibS_i6eUYL1/view?usp=sharing,https://www.hominiscanidae.org/2025/07/juliano-fm-costa-chamar-alguem-de-amor.html,exact
2025 - Materia Prima - Depois que a Onda passa,2025,3,"7,8,10",drive.google.com,https://drive.google.com/file/d/1pEgkk3_3ArN-3lYuwKNdy4w_278DdBHl/view?usp=sharing,https://www.hominiscanidae.org/2025/04/materia-prima-barba-negra-depois-que.html,exact
2025 - Roça Nova - Corta Quebranto,2025,3,"3,8,9",drive.google.com,https://drive.google.com/file/d/1xx87b1AFlOG-Wek8UU2Ns7qFyZFI7kAB/view?usp=sharing,https://www.hominiscanidae.org/2025/01/roca-nova-corta-quebranto-2025.html,exact
2025 - Vitoria Faria - Vacas Exaustas,2025,3,"5,6,7",drive.google.com,https://drive.google.com/file/d/1-eX5Qb0S8Y3XQuP8-kYS003rwn1Qn9OQ/view?usp=sharing,https://www.hominiscanidae.org/2025/07/vitoria-faria-vacas-exaustas-2025.html,exact
2025 - fidaionice - Conversa Fiada,2025,3,"6,8,9",drive.google.com,https://drive.google.com/file/d/1p0Krk1pWiW7dWYkwIF6K-uJvor2SR0Ud/view?usp=sharing,https://www.hominiscanidae.org/2025/08/fidaionice-conversa-fiada-2025.html,exact
"2025 - Poesia Abstrata - Eu, o Ego e as Sombras",2025,3,"3,5,6",dropbox.com,https://www.dropbox.com/scl/fi/nyzy5elcxwaqd8czrk6ox/HOMINISCANIDAE.ORG-PA-Eu-o-Ego-e-as-Sombras-2025.rar?rlkey=9dqrzpehkeqj9orbgvpkpyma4&st=8qce7eju&dl=0,https://www.hominiscanidae.org/2026/03/poesia-abstrata-eu-o-ego-e-as-sombras.html,exact
2026 - Os Elefantes Elegantes - Sobre Dor e Outros Prazeres,2026,3,"3,9,15",dropbox.com,https://www.dropbox.com/scl/fi/gd1f2i0t4i3wc5puu8gk6/HOMINISCANIDAE.ORG-OS-EE-Sobre-Dor-e-Outros-Prazeres-2026.rar?rlkey=0ceflh0kmq01xg8vfrdo41rxv&st=di7zuyzd&dl=0,https://www.hominiscanidae.org/2026/03/os-elefantes-elegantes-sobre-dor-e.html,exact
2026 - Poty - CIDRERÊ,2026,3,"5,6,7",dropbox.com,https://www.dropbox.com/scl/fi/bqcrryzxdj9bt7kgac5wf/HOMINISCANIDAE.ORG-P_t_-CIDRER-2026.rar?rlkey=a6ccixtxcmrx6eyvufpr5llr0&st=2s6u6lk7&dl=0,https://www.hominiscanidae.org/2026/04/poty-cidrere-2026.html,exact
2026 - Sorosoro - Eu e Você ou Tudo o Que Eu Não Quero Que Você Saiba,2026,3,"7,8,9",dropbox.com,https://www.dropbox.com/scl/fi/9ebrap67zzqh9a5bxy4s6/HOMINISCANIDAE.ORG-Srsr-Eu-e-Voc-ou-Tudo-o-Que-Eu-N-o-Quero-Que-Voc-Saiba-2026.rar?rlkey=cmq61ua6715rap10u6jwvc146&st=qp1jjwhn&dl=0,https://www.hominiscanidae.org/2026/04/sorosoro-eu-e-voce-ou-tudo-o-que-eu-nao.html,exact
2009 - Lugar Nenhum - s t,2009,3,"3,4,5",lugarnenhum.net,http://www.lugarnenhum.net/lugar-nenhum-2010.zip,https://www.hominiscanidae.org/2010/09/lugar-nenhum-lugar-nenhum-ep-2010.html,exact
2007 - Juçara Marçal e Kiko Dinucci - Padê,2007,3,"7,11,13",mediafire.com,http://www.mediafire.com/download/da58w8jhfjjp7rp/jucara_marcal_encarnado.zip,https://www.hominiscanidae.org/2014/02/jucara-marcal-encarnado-2014.html,exact
2010 - Cidadão Instigado - Ao Vivo - Rec Beat Festival (2010),2010,3,"6,7,9",mediafire.com,http://www.mediafire.com/?58e9l3o1y56552s,https://www.hominiscanidae.org/2010/11/cidadao-instigado-ao-vivo-no-ronca.html,exact
2013 - Dodoka I Am A Robot But That's Ok - Glad EP,2013,3,"2,3,4",mediafire.com,http://www.mediafire.com/?w3wq146l4qz2lxu,https://www.hominiscanidae.org/2013/07/dodoka-glad-ep-2013.html,exact
"2018 - Diomedes Chinaski, Cacife Clandestino, Don L - Hominis Canidae - #HITSBR",2018,3,"12,16,26",mediafire.com,http://www.mediafire.com/file/7ud1nv4g5y533fo/Diomedes%20Chinaski%20-%20Mixtape%20Comunista%20Rico%20%282018%29.zip,https://www.hominiscanidae.org/2018/07/diomedes-chinaski-mixtape-comunista.html,exact
2019 - Tantão e os Fitas - Hominis Canidae #105 - Fevereiro,2019,3,"9,10,13",mediafire.com,https://www.mediafire.com/file/ouq5zxwalnakkx3/Tant%E3o_e_os_Fitas_-_Drama_%282019%29.zip,https://www.hominiscanidae.org/2019/02/tantao-e-os-fitas-drama-2019.html,exact
2021 - Afago - 3645,2021,3,"5,6,7",mediafire.com,https://www.mediafire.com/file/6wrxtl7qu0pcdau/Afago_-_3645_%25282021%2529.rar/file,https://www.hominiscanidae.org/2021/04/afago-motim-13-3645-2021.html,exact
2021 - Aliados CP - Balada Sertaneja,2021,3,"3,6,7",mediafire.com,https://www.mediafire.com/file/g4m41afqlwyko66/Aliados_CP_-_Balada_Sertaneja_%25282021%2529.rar/file,https://www.hominiscanidae.org/2021/12/aliados-cp-balada-sertaneja-2021.html,exact
2021 - André Mourão - Câmera Analógica,2021,3,"8,9,10",mediafire.com,https://www.mediafire.com/file/xocyfssxtc1rji0/Andr%25C3%25A9_Mour%25C3%25A3o_-_C%25C3%25A2mera_%2An%2Al%25C3%25B3gica_%25282021%2529.rar/file,https://www.hominiscanidae.org/2021/06/andre-mourao-camera-analogica-2021.html,exact
2021 - Helayne Cristini (feat. Didier Guigue) - O Mar da Praia da Pehna,2021,3,"2,3,4",mediafire.com,https://www.mediafire.com/file/e69yj5yqha1nhqy/Helayne_Cristine_-_O_Mar_da_Praia_da_Pehna_%25282021%2529.rar/file,https://www.hominiscanidae.org/2021/08/helayne-cristini-o-mar-da-praia-da.html,exact
2022 - Caian - Paixão e outras drogas,2022,3,"4,5,6",mediafire.com,https://www.mediafire.com/file/nr9hc0dy5v1skp2/Caian_-_Paix%25C3%25A3o_e_outras_drogas_%25282022%2529.rar/file,https://www.hominiscanidae.org/2022/02/caian-paixao-e-outras-drogas-2022.html,exact
2022 - Claudia Manzo - Re-Voltar,2022,3,"4,5,7",mediafire.com,https://www.mediafire.com/file/ywla9fjg2x5l9rt/Claudia_Manzo_-_Re-Voltar_%25282022%2529.rar/file,https://www.hominiscanidae.org/2022/03/claudia-manzo-re-voltar-2022.html,exact
2022 - Crizin da Z.O - ALMA BRABA,2022,3,"3,6,7",mediafire.com,https://www.mediafire.com/file/u6g7qd6d6ab1tys/Crizin_da_Z.O._-_ALMA_BRABA_%25282022%2529.rar/file,https://www.hominiscanidae.org/2022/01/crizin-da-zo-alma-braba-2022.html,exact
2022 - Larva Serrote - As Despedidas do Pé de Cachaça,2022,3,"4,5,6",mediafire.com,https://www.mediafire.com/file/h07mk29jlefjmfr/Larva_Serrote_-_As_Despedidas_do_P%25C3%25A9_de_Cacha%25C3%25A7a_%25282022%2529.rar/file,https://www.hominiscanidae.org/2023/02/larva-serrote-as-despedidas-do-pe-de.html,exact
2022 - Medicos Cubanos - Meu Próprio Clube da Luta,2022,3,"4,6,8",mediafire.com,https://www.mediafire.com/file/coazuot5fvr7013/Medicos_Cubanos_-_Meu_Pr%25C3%25B3prio_Clube_da_Luta_%25282022%2529.rar/file,https://www.hominiscanidae.org/2022/07/medicos-cubanos-meu-proprio-clube-da.html,exact
2022 - Rafa Carvalho - Do Mar,2022,3,"7,11,12",mediafire.com,https://www.mediafire.com/file/3yn3rw3j7dtgyqp/Rafa_Carvalho_-_Do_Mar_%25282022%2529.rar/file,https://www.hominiscanidae.org/2022/02/rafa-carvalho-do-mar-2022.html,exact
2022 - Terno Rei - Gêmeos,2022,3,"4,7,8",mediafire.com,https://www.mediafire.com/file/mcjmlwt0deookr9/Terno_Rei_-_G%25C3%25AAmeos_%25282022%2529.rar/file,https://www.hominiscanidae.org/2022/03/terno-rei-gemeos-2022.html,exact
2023 - Roger Deff Michelle Oliveira Luciano Cuíca Play - Alegoria da Paisagem,2023,3,"3,4,6",mediafire.com,https://www.mediafire.com/file/wripeo0exoofe38/Roger_Deff_-_Alegoria_da_Paisagem_%25282023%2529.rar/file,https://www.hominiscanidae.org/2023/11/roger-deff-alegoria-da-paisagem-2023.html,exact
2023 - Test - Disco Normal,2023,3,"6,9,11",mediafire.com,https://www.mediafire.com/file/ght9rzguosg7agz/Test_-_Disco_Normal_%25282023%2529.rar/file,https://www.hominiscanidae.org/2023/12/test-disco-normal-2023.html,exact
2024 - Demonia - atitude punk vol.1,2024,3,"4,5,6",mediafire.com,https://www.mediafire.com/file/768u6mi67jaewxy/Demonia_-_atitude_punk_vol.1_%25282024%2529.rar/file,https://www.hominiscanidae.org/2024/04/demonia-atitude-punk-vol1-2024.html,exact
2024 - Os Bardos Malino MC - Recriatura Humanum (Remix),2024,3,"4,5,6",mediafire.com,https://www.mediafire.com/file/8ss2wqs612r40dh/Os_Bardo_-_Recriatura-_Humanum_%2528Remix%2529_%25282024%2529.rar/file,https://www.hominiscanidae.org/2024/03/os-bardos-recriatura-humanum-remix-2024.html,exact
2003 - Eddie - Original Olinda Style,2003,3,"5,6,9",mega.co.nz,https://mega.co.nz/#!04V1UL6b!n0jAQsv4cFANWDRvd16ztdXpdm-P9Dg046wpzZY2i-8,https://www.hominiscanidae.org/2011/03/eddie-original-olinda-style-2003.html,exact
2010 - WASSAB - WASSAB,2010,3,"5,7,9",mega.co.nz,https://mega.co.nz/#!qYFQlLYS!BjferxIOnIFnA5OQRp-0AjYAsxI39TLvSAPLxyH_obY,https://www.hominiscanidae.org/2010/09/wassab-wassab-2010.html,exact
2011 - Rua - Do Absurdo,2011,3,"4,8,9",mega.co.nz,https://mega.co.nz/#!bQlgFLpQ!aAmzYSI21je3XH_cU9R4e3VtLoZGzN9Bv5mmVjSNg8c,https://www.hominiscanidae.org/2011/07/rua-do-absurdo-2011.html,exact
2013 - 5PE - Pedra Negra,2013,3,"3,6,8",mega.co.nz,https://mega.co.nz/#!91sh2IqY!EmYxBNjGV_9IsOhk-jmexm40M3xUySEsAXR9hJ8z_ew,https://www.hominiscanidae.org/2015/04/5pe-pedra-negra-2013.html,exact
2013 - Pedeginja - Contos Cotidianos,2013,3,"3,4,5",mega.co.nz,https://mega.co.nz/#!GUsExagb!Rn9c4cOUpgj4jHyN3CnfW25XZFBzW9084H6yCp1BA48,https://www.hominiscanidae.org/2014/08/pedeginja-contos-cotidianos-2013.html,exact
2013 - Sálvia di Vinil - Antigas Esperanças de Velhos Assuntos,2013,3,"5,11,13",mega.co.nz,https://mega.co.nz/#!nV0F3Iib!Vx3BJayeajVdQ-BY-s2gk352hYAvZQHUrw0OcH_bcJ0,https://www.hominiscanidae.org/2014/02/salvia-di-vinil-antigas-esperancas-de.html,exact
2014 - Leaving The Planet - Hominis Canidae #50 - Julho,2014,3,"14,15,16",mega.co.nz,https://mega.co.nz/#!3I9CzSKZ!Ujjm4wjMryIv7wQbT8W8Q8BV6n921YV8BXtR6ozerkI,https://www.hominiscanidae.org/2014/07/leaving-planet-leaving-planet-2014.html,exact
2014 - Madd - Em Frente Sem Reclamar,2014,3,"6,7,8",mega.co.nz,https://mega.co.nz/#!SVEFFTIa!DBzzgTtoIT39RP-VrYxBKEbDGqj9tSS-alZIxpV53KE,https://www.hominiscanidae.org/2014/05/madd-em-frente-sem-reclamar-2014.html,exact
2014 - Trummer Super Sub América - Trummer Super Sub América,2014,3,"4,5,6",mega.co.nz,https://mega.co.nz/#!WZcB2JjL!YNhvskhNcfSdkRkh8Pm-Ak9QejBjo_iWiyVhXIbPM_U,https://www.hominiscanidae.org/2014/02/trummer-super-sub-america-trummer-super.html,exact
2014 - Zimun - Pra Frente,2014,3,"3,4,5",mega.co.nz,https://mega.co.nz/#!rFNGzDBT!yzyBqScgDTMilHonGqTEld5SEB6m_Bx_KvlvrlZl6bg,https://www.hominiscanidae.org/2015/01/zimun-pra-frente-2014.html,exact
2015 - Hierofante Púrpura - Hominis Canidae #56 - Janeiro,2015,3,"7,14,16",mega.co.nz,https://mega.co.nz/#!iRkADSrC!eHZ3bhE1FdRou6frwG9xX0TvDseouEScNJxM00GAqt4,https://www.hominiscanidae.org/2015/01/hierofante-purpura-boas-bestas-ep-2015.html,exact
2015 - Lurdez Da Luz - Hominis Canidae #57 - Fevereiro,2015,3,"7,9,11",mega.co.nz,https://mega.co.nz/#!gIszGboA!vfRhU23zE0Fqk0i9zmAWI36say8ewnQNuBPV-SzZUTU,https://www.hominiscanidae.org/2015/02/lurdez-da-luz-gana-pelo-bang-2014.html,exact
2015 - Mano Chel - Mixtape Lokoemotiva,2015,3,"3,4,6",mega.co.nz,https://mega.co.nz/#!uQ1FkBBS!-5Jj-KSTg_UEsbGG6Mm34msIaz-4odsea87I150j1pY,https://www.hominiscanidae.org/2015/07/mano-chel-mixtape-lokoemotiva-2015.html,exact
2015 - Montanas Trio - Emancipação,2015,3,"3,4,8",mega.co.nz,https://mega.co.nz/#!KBFmRKaR!VnWsOidbesfzOYejk9Ue5Q2aC7DDiUYGSqyHzjaUIXM,https://www.hominiscanidae.org/2015/03/montanas-trio-emancipacao-2015.html,exact
1963 - Jorge Ben Jor - Samba Esquema Novo,1963,3,"6,8,9",mega.nz,https://mega.nz/file/5CgyiCyI#ZIr2Pm3lhkR4nj_8884SHu6L8ROWVqpNausjSeF09Ys,https://www.hominiscanidae.org/2021/03/jorge-ben-samba-esquema-novo-1963.html,exact
1969 - Jorge Ben Jor - Jorge Ben,1969,3,"5,8,10",mega.nz,https://mega.nz/file/a0Ulgb5K#ovAa45adLxLTbn1GZ3aomiiFLFBhA0mkUjvqhhDKcmI,https://www.hominiscanidae.org/2023/03/jorge-ben-jor-jorge-ben-1969.html,exact
1970 - Os Mutantes - A Divina Comédia Ou Ando Meio Desligado,1970,3,"5,8,9",mega.nz,https://mega.nz/file/e9s2zKrB#EzzqhPzGaOQl3AhKuTb7ziqS8sdhxowdeREetBqKA4I,https://www.hominiscanidae.org/2022/10/os-mutantes-mutantes-e-seus-cometas-no.html,exact
1971 - Joelma - Joelma,1971,3,"6,9,10",mega.nz,https://mega.nz/#!hwknUB6B!lxSax3A1u-dCLrE_BwWjJzorBLGOi1i_eeZmZULfQtg,https://www.hominiscanidae.org/2020/02/joelma-joelma-1971.html,exact
1976 - Walter Franco - Revólver,1976,3,"6,9,12",mega.nz,https://mega.nz/#!kkExHKaQ!aRqyqGVW1UjxcLK-SEyUsozu0AskCT5E-So2Z56ZbJg,https://www.hominiscanidae.org/2009/12/walter-franco-revolver-1976.html,exact
2011 - Zeca do Rolete - Zeca do Rolete,2011,3,"6,7,8",mega.nz,https://mega.nz/file/dTM2TLiC#C7QB_ho034IUAFyIRAnwGaMCeeAt35aiR-0Lj4g_JEk,https://www.hominiscanidae.org/2025/05/zeca-do-rolete-zeca-do-rolete-2011.html,exact
2016 - Clima - Monumento Ao Soldado Desconhecido,2016,3,"5,8,10",mega.nz,https://mega.nz/#!6JVEUQZC!uMmuNzOXfIJEf2eabQbHyZ-TZRLVF4hCGSp7g_Q_xxo,https://www.hominiscanidae.org/2016/02/clima-monumento-ao-soldado-desconhecido.html,exact
2018 - Alabê KetuJazz - Alabê KetuJazz,2018,3,"7,8,9",mega.nz,https://mega.nz/#!Ut9SwCzY!jnHfYHEmRXBTn-dCB4JXrmLvH2HLhqoJ8Oxds_zun2M,https://www.hominiscanidae.org/2018/08/alabe-ketujazz-alabe-ketujazz-2018.html,exact
2018 - André Abujamra - Omindá,2018,3,"8,10,11",mega.nz,https://mega.nz/#!d0M33YhD!KzrsD7yC8bRvKXLWBPfQgQxwd8yIt9PaEcbQsEwDvkI,https://www.hominiscanidae.org/2018/09/andre-abujamra-ominda-2018.html,exact
2018 - Cordel do Fogo Encantado - Viagem ao Coração do Sol,2018,3,"6,9,10",mega.nz,https://mega.nz/#!oh0nRbYb!lZ6Mtiywq5XM1Zh41sWqxZ6z1-2cCRZKNwhOf1ADKoA,https://www.hominiscanidae.org/2018/04/cordel-do-fogo-encantado-viagem-ao.html,exact
2018 - Elo Da Corrente - Rosa de Jericó,2018,3,"3,10,11",mega.nz,https://mega.nz/#!51dB1YRR!nR8SPSA7a8FroWLCZeE6ZPQ2S85HDS_3BQrRiyZgCVE,https://www.hominiscanidae.org/2019/02/elo-da-corrente-rosa-de-jerico-2018.html,exact
2018 - Erasmo Carlos - Amor É Isso,2018,3,"6,8,11",mega.nz,https://mega.nz/#!0wV0CY4R!Vwg-8D90knxLIxD0fLg79L6X7PtChDLICLe4HBfmbvw,https://www.hominiscanidae.org/2018/09/erasmo-carlos-amor-e-isso-2018.html,exact
2018 - Fernan - Píer,2018,3,"7,8,9",mega.nz,https://mega.nz/#!J9czCLLa!r-oFuKqHVbl6t1a5ASOGXxu3fhOJDwmlbaUx9MujPKU,https://www.hominiscanidae.org/2018/05/fernan-pier-2018.html,exact
2018 - Gui Hargreaves - Rebento,2018,3,"5,7,8",mega.nz,https://mega.nz/#!NkNEzYRC!VN-rHpcuIdIhs1WgJeVTFr1TcWxQnWAMm2GdpPCI8RI,https://www.hominiscanidae.org/2018/04/gui-hargreaves-rebento-2018.html,exact
2018 - Maurício Pereira - Outono no Sudeste,2018,3,"5,8,11",mega.nz,https://mega.nz/#!kx0UiKpS!_Xf3saSrsWLpcwz_sIdr847zOZZVg-sxNqphxzCNNfE,https://www.hominiscanidae.org/2018/09/mauricio-pereira-outono-no-sudeste-2018.html,exact
2018 - Saulo Duarte - Avante Delírio,2018,3,"4,5,7",mega.nz,https://mega.nz/#!ZxUGTYRB!DZ0-6akUCiL63V92kg4FbezGJtg6qRLWEleakAL67jw,https://www.hominiscanidae.org/2018/09/saulo-duarte-avante-delirio-2018.html,exact
"2019 - BaianaSystem, Antonio Carlos, Jocafi, Orquestra Afrosinfônica - O Futuro Não Demora",2019,3,"6,8,11",mega.nz,https://mega.nz/#!h5M3nSpA!0AK8CAMJYsxxxdD9DqexL0NnBZTL1ZncZmCuWV8Tzo4,https://www.hominiscanidae.org/2019/02/baianasystem-o-futuro-nao-demora-2019.html,exact
2019 - Bebel Frota - Bebélica,2019,3,"5,7,9",mega.nz,https://mega.nz/#!xo8QUYqZ!Y3TtepGJKGMHW0e9_vPOPVex47xdQLxHgVSo5N_h_4o,https://www.hominiscanidae.org/2019/11/bebel-frota-bebelica-2019.html,exact
2019 - Boogarins - Sombrou Dúvida,2019,3,"5,6,7",mega.nz,https://mega.nz/#!sstBEaYJ!uBncJn4iBQWWubU0PGTvGi29Ikqem1bSNl4LihBUESw,https://www.hominiscanidae.org/2019/05/boogarins-sombrou-duvida-2019.html,exact
2019 - Casas Populares da BR 232 - Negraíndia,2019,3,"3,7,9",mega.nz,https://mega.nz/#!EgETTIYY!zmXBcTMBN_7iPSgNUtzyQXf5dCBOlo82bQ-pTp6xcms,https://www.hominiscanidae.org/2019/08/casas-populares-da-br-232-negraindia.html,exact
2019 - Colibri - Canto de Colibri,2019,3,"4,6,7",mega.nz,https://mega.nz/file/IsNlHAoA#CMR9nJxxuaoSeMzVAhAkhsLqgi9rWYDPSC0wNcEvtuA,https://www.hominiscanidae.org/2020/05/colibri-canto-de-colibri-2019.html,exact
"2019 - Drik Barbosa, Anna Trea - Drik Barbosa",2019,3,"3,4,9",mega.nz,https://mega.nz/#!ZsNlUCrQ!8k4lt3mdgWh5Xba1PODKm--YgJnyFD7ph5nXePQpxnk,https://www.hominiscanidae.org/2019/10/drik-barbosa-drik-barbosa-2019.html,exact
"2019 - Ema Stoned, Yantra, Makoto Kawabata - Hominis Canidae #107 - Abril",2019,3,"8,11,16",mega.nz,https://mega.nz/#!4hUAkYIZ!eau_aunMpErDb9IVdmlZakjkQjT4X2fqW1be5WIfJoo,https://www.hominiscanidae.org/2019/04/ema-stoned-phenomena-2019.html,exact
2019 - Guardavento - Apesar de Tudo,2019,3,"4,6,7",mega.nz,https://mega.nz/#!A9E2TAAL!nlnmyMkC-96sl-jFiRLf1ZsNjHzZBnWgRHfEFTwZcQs,https://www.hominiscanidae.org/2019/08/guardavento-apesar-de-tudo-2019.html,exact
"2019 - Hamilton De Holanda, Daniel Santiago, Edu Ribeiro, Thiago Espírito Santo - Harmonize",2019,3,"5,7,8",mega.nz,https://mega.nz/#!94033AqR!e2FeeNv9l11Z5bSatm06cets8OdB9xMoMI2dI67EhNw,https://www.hominiscanidae.org/2019/09/hamilton-de-holanda-quarteto-harmonize.html,exact
2019 - Lucas Santtana - O Céu é Velho Há Muito Tempo,2019,3,"4,6,8",mega.nz,https://mega.nz/#!x59jXYTZ!BhI9Q-4MFMdnZajC719c_p4LBxQT1wU2nVMGBZk79eM,https://www.hominiscanidae.org/2019/12/lucas-santtana-o-ceu-e-velho-ha-muito.html,exact
2019 - Martins - Martins,2019,3,"6,7,9",mega.nz,https://mega.nz/#!EsVGiYqZ!BnT7Oqz1DEbTyqTvfgIvIDAMactWYggOwLKC-GIAL2c,https://www.hominiscanidae.org/2020/02/martins-martins-2019.html,exact
"2019 - Xaga, Ghetto ZN - Asas de Ouro",2019,3,"5,9,11",mega.nz,https://mega.nz/#!FpVTnAwI!nJDExkQb6-EZImZWaGwBgDhCDWNAZlACCnTclsMZdDM,https://www.hominiscanidae.org/2019/06/xaga-asas-de-ouro-2019.html,exact
2020 - Academia da Berlinda - Descompondo o Silêncio,2020,3,"4,5,9",mega.nz,https://mega.nz/file/ww9BlYaS#dN10bjYiNjGJ1hi5WP_2Eb6V2jUbbXvwbGz9Hn4Mefk,https://www.hominiscanidae.org/2020/04/academia-da-berlinda-descompondo-o.html,exact
2020 - Bruno Schiavo - A Vida Só Começou,2020,3,"4,6,10",mega.nz,https://mega.nz/#!BoEUxI5Z!G5yIrvisxfK1x0FExEyT68hReHS8XlXm43v1vNP52_A,https://www.hominiscanidae.org/2020/03/bruno-schiavo-vida-so-comecou-2020.html,exact
2020 - Emanuelle Araújo - Quero Viver Sem Grilo - uma Viagem a Jards Macalé,2020,3,"4,6,7",mega.nz,https://mega.nz/#!JlUDQQLR!DynsaXA3SWURhkf3mkmTnCOB6SlWURXqaJaiw7CeJFI,https://www.hominiscanidae.org/2020/03/emanuelle-araujo-quero-viver-sem-grilo.html,exact
2020 - Letrux - Letrux Aos Prantos,2020,3,"5,7,10",mega.nz,https://mega.nz/#!Ax00HAoK!facIHBB6UQOjPPKMoyBJPh_t5wbKLSXwm_MG5f9qSUI,https://www.hominiscanidae.org/2020/03/letrux-aos-prantos-2020.html,exact
2020 - Lô Borges - Dínamo,2020,3,"5,8,9",mega.nz,https://mega.nz/#!otVxDQ5I!K6GNn6dMqu4XMXGo52CYbq2gB8_W6I7OsRThGdzGbtg,https://www.hominiscanidae.org/2020/03/lo-borges-dinamo-2020.html,exact
2020 - Versu2 Sant - A Trama dos Tambores,2020,3,"5,7,9",mega.nz,https://mega.nz/file/y6BXWBYD#P-Be3pg3E84VTKU-VlvEaaIjKFL82QC5UlOKireEELk,https://www.hominiscanidae.org/2026/05/cajupitanga-trama-2026.html,exact
2021 - Alceu Valença - Sem Pensar No Amanhã,2021,3,"6,7,8",mega.nz,https://mega.nz/file/FKAERb7a#7-xsVpH690VNqn2Y78l-M4XHwYPDO24ixgoLESYHO5I,https://www.hominiscanidae.org/2021/05/alceu-valenca-sem-pensar-no-amanha-2021.html,exact
2021 - Alex Sant'Anna e Quésia - Encruzilhada,2021,3,"5,9,10",mega.nz,https://mega.nz/file/8TxWSayJ#tbQYqxyxA0rZtYiAUDZWz-F5S2Bk3o88Ahph9k39dBo,https://www.hominiscanidae.org/2022/01/alex-santanna-encruzilhada-2022.html,exact
"2021 - Schnneider, BEX, Makalister - Hominis Canidae #131 - Abril",2021,3,"9,11,15",mega.nz,https://mega.nz/file/iNswTSiJ#_tLHdlc16yr601PaFJffdXFPi8-hLZwy4GUAZTCaf8Q,https://www.hominiscanidae.org/2021/04/schnneider-degrade-2018.html,exact
2022 - Apto Vulgar - Sabotagem,2022,3,"6,7,9",mega.nz,https://mega.nz/file/S0E20KTS#sW9KnpczU_UEKBIzB7tXjWgH-Bc28LYtWg3JKqq0w9g,https://www.hominiscanidae.org/2022/04/apto-vulgar-sabotagem-2022.html,exact
2022 - Arthur Nogueira - Brasileiro Profundo,2022,3,"7,8,10",mega.nz,https://mega.nz/file/kfgWgIRY#CwyxYiZSntBb2sn2qGHCreH9bV-wb87Q-TXv7Y2H3sA,https://www.hominiscanidae.org/2022/02/arthur-nogueira-brasileiro-profundo-2022.html,exact
2022 - Bloco do Caos - Os Muros Não Sabem Escutar,2022,3,"7,8,9",mega.nz,https://mega.nz/file/CgtljQCL#DF-yDdbpWUATy9Owin7tsN-HRtPNTrpPHMPPsj1LIa0,https://www.hominiscanidae.org/2023/02/bloco-do-caos-os-muros-nao-sabem.html,exact
2022 - Doralyce Chris Beats Zn Vilãodubeat - Dádiva,2022,3,"3,5,10",mega.nz,https://mega.nz/file/Hxt0GChK#lDDwVMwWzJnT1nasWCKdWkNJ2jDxN6SpxYxVi8poqxs,https://www.hominiscanidae.org/2022/05/doralyce-dadiva-2022.html,exact
2022 - Dormente - Abismo Informação,2022,3,"5,7,9",mega.nz,https://mega.nz/file/mhEDBDCJ#YBrKKp2ZrL8R5StQ_8-vEefQKpIKGlIzA-joc9LkEKo,https://www.hominiscanidae.org/2023/01/dormente-abismo-informacao-2022.html,exact
2022 - Edwin de Paula - Telecorsa,2022,3,"5,8,11",mega.nz,https://mega.nz/file/v8sGXSbL#Dw-GVrJjD2iJUPMhC701gr9fz4MUWwKa0vxOfHex5Ds,https://www.hominiscanidae.org/2022/08/edwin-de-paula-telecorsa-2022.html,exact
2022 - Jean Medeiros - Hominis Canidae #147 - Agosto (2022),2022,3,"6,7,8",mega.nz,https://mega.nz/file/PtEHUASI#ZAXcbz2ck4wo9oNDFanPh5aW8cLjPDHnmPyJj3LIud8,https://www.hominiscanidae.org/2022/09/jean-medeiros-contos-de-terra-e-sol-2022.html,exact
2022 - Jupi77er - RG,2022,3,"3,6,9",mega.nz,https://mega.nz/file/WxUFxLqI#ll9ZxX7MNU5MX9SgkLEKdOwsqNtxcZhixdRh8FEdzE4,https://www.hominiscanidae.org/2022/12/jupi77er-rg-2022.html,exact
2022 - Martiny - Tudo Sob Tranquilo,2022,3,"5,6,7",mega.nz,https://mega.nz/file/z90CRL5T#jBCjLtl_23zrljUyknfM9pM48To_7CPO92BZFlTU3BQ,https://www.hominiscanidae.org/2022/10/martiny-tudo-sob-tranquilo-2022.html,exact
2022 - Mayra Clara Pedro Huff Paula Bunjes - Mvb - Música Vingativa Brasileira,2022,3,"6,7,8",mega.nz,https://mega.nz/file/K0MAmAJQ#GMtUVVJW2mBF5andzyGn0YkUzr1hA6cWzz7XA8LfjeE,https://www.hominiscanidae.org/2023/04/mayra-clara-mvb-musica-vingativa.html,exact
2022 - Molho Negro - ESTRANHO,2022,3,"6,7,9",mega.nz,https://mega.nz/file/3tMl1ZiK#JyGBzAmWVaNSmcX43-yXK3k610tcslMMLHUpLnAuyWE,https://www.hominiscanidae.org/2022/10/molho-negro-estranho-2022.html,exact
2022 - Mukeka Di Rato - Boiada Suicida,2022,3,"10,13,14",mega.nz,https://mega.nz/file/cKQQWJIL#K9qzmW1rtH4IxAUci_hcC3UuqNJicEFNEjzOgJhhuug,https://www.hominiscanidae.org/2023/05/mukeka-di-rato-boiada-suicida-2022.html,exact
2022 - Orquestra Greiosa - Esperanza,2022,3,"3,5,6",mega.nz,https://mega.nz/file/H5kVUZhR#YYez5b6wh4dCpSJQYotrb6AdW1_bDjkFHnL1SVV4mnU,https://www.hominiscanidae.org/2022/11/orquestra-greiosa-esperanza-2022.html,exact
"2022 - Renata Pires - Damas, Espadas & Coroas",2022,3,"5,7,9",mega.nz,https://mega.nz/file/H8cgmRaC#MRw4-Wb5DGN8kFf6KYSdhTeKi4Kj3Gu8Bm_edoDtjn8,https://www.hominiscanidae.org/2022/11/varios-artistas-damas-espadas-coroas.html,exact
2022 - Thunderbird - Pequena Minoria de Vândalos,2022,3,"5,6,7",mega.nz,https://mega.nz/file/rgk0WAhR#lRxPIdF5hvlDrx6SbfxVAvD4DVoUaX5LqkBriAXtjZM,https://www.hominiscanidae.org/2022/07/thunderbird-pequena-minoria-de-vandalos.html,exact
2022 - Victoria Saavedra - Peripécias,2022,3,"4,5,7",mega.nz,https://mega.nz/file/jt0HQSAY#1dDDwZDvFu4KyiDY1Uk4vUyMBE_uZZX701BEMyDoIew,https://www.hominiscanidae.org/2022/05/victoria-saavedra-peripecias-2022.html,exact
2022 - Yung Buda Zemaru Psycho 13 - Zero,2022,3,"11,19,23",mega.nz,https://mega.nz/file/a4lX2BxJ#n94nYzaX2bJb6fnp6YaxuDyGdaY3Z8EM9T83IEj6C6k,https://www.hominiscanidae.org/2022/11/yung-buda-zero-2022.html,exact
2022 - Yuri Gonzaga - Amador,2022,3,"6,7,11",mega.nz,https://mega.nz/file/bhtBDbyJ#Zlxk3_5R8TBwXqtOssE5hbrRktzlyaX2FHj6RCWVjJ0,https://www.hominiscanidae.org/2022/10/yuri-gonzaga-amador-2022.html,exact
2023 - Babi Jaques e Lasserre - Sóis,2023,3,"7,8,10",mega.nz,https://mega.nz/file/UC5nGRCb#2WsUqF_TCQa0g4qZ95SYgxkBadb8jkReWla9i2rRWc4,https://www.hominiscanidae.org/2023/06/babi-jaques-e-lasserre-sois-2023.html,exact
2023 - Banda Del Rey - O Disco,2023,3,"5,6,9",mega.nz,https://mega.nz/file/gaJ3RZBY#z-JKfYM8twxbR-ZWX11ZQNsrDTsAsKIpTljAQi6FDXE,https://www.hominiscanidae.org/2023/08/banda-del-rey-o-disco-2023.html,exact
2023 - Banda Eddie - Carnaval Chanson,2023,3,"3,7,8",mega.nz,https://mega.nz/file/YHwyFDYA#hN_ROtSC5jPuSYyQhZ3vPYJVHeXSvQozmqLIHyGxmQc,https://www.hominiscanidae.org/2023/08/banda-eddie-carnaval-chanson-2023.html,exact
2023 - Billy Saga Siamese - Extraordinário,2023,3,"7,8,9",mega.nz,https://mega.nz/file/hTJFlTSb#7xE7FgoR1YUKp8_185D0S_3IZtD6JJgF7zf9GZ8Ch3I,https://www.hominiscanidae.org/2023/07/billy-saga-extraordinario-2023.html,exact
2023 - Cesar Mc - Ligações Estranhas,2023,3,"5,7,8",mega.nz,https://mega.nz/file/dbJk0aZY#UZlXd--JBOTTQI3HgfA8QTevVMwE-G5V-lKfih7BCCM,https://www.hominiscanidae.org/2023/10/cesar-mc-ligacoes-estranhas-2023.html,exact
2023 - Daniel Kowalski - A Ponte Sobre um Arbusto Improvável,2023,3,"3,5,7",mega.nz,https://mega.nz/file/b4lwkRoD#0KG1EyKOTt2tztiq4G8t9Wv4-d-I3MLeMYRe7Zp1VRQ,https://www.hominiscanidae.org/2023/04/daniel-kowalski-ponte-sobre-um-arbusto.html,exact
2023 - Daniel Kowalski - Hominis Canidae #155 - Abril,2023,3,"12,13,14",mega.nz,https://mega.nz/file/b4lwkRoD#0KG1EyKOTt2tztiq4G8t9Wv4-d-I3MLeMYRe7Zp1VRQ,https://www.hominiscanidae.org/2023/04/daniel-kowalski-ponte-sobre-um-arbusto.html,exact
"2023 - Daniel Kowalski - Músicas de Água e Pedra, Sambaíba",2023,3,"3,5,7",mega.nz,https://mega.nz/file/JPRDGBgQ#-FV7-40vU-pUzZKJFJ_HyRLLIkk-RWVcK73fSLptiZI,https://www.hominiscanidae.org/2023/11/daniel-kowalski-musicas-de-agua-e-pedra.html,exact
2023 - Daniel Peixoto - Tropiqueer,2023,3,"10,11,13",mega.nz,https://mega.nz/file/1ChEiJYR#ZZxAB7Dq9jIQbtNaKreqZGluUpyYAXApYo52TAfrJbk,https://www.hominiscanidae.org/2023/06/daniel-peixoto-tropiqueer-2023.html,exact
2023 - Danilo Cutrim - Azul,2023,3,"6,9,11",mega.nz,https://mega.nz/file/jxFR0JaK#jeEYY6wdROsrVYsVB93FYFj4IyOWB9RA_kD8eblRhpQ,https://www.hominiscanidae.org/2023/03/danilo-cutrim-azul-2023.html,exact
2023 - Doralyce - Dassalu,2023,3,"3,6,7",mega.nz,https://mega.nz/file/RC42mKyJ#JF764YqOXvrCPzOGsLFnK1cK8X39CipvID2egixgxlQ,https://www.hominiscanidae.org/2023/06/doralyce-dassalu-2023.html,exact
2023 - Drama em Crise - Drama em Crise,2023,3,"6,11,12",mega.nz,https://mega.nz/file/ZChxWbDK#sYE5dvdfIDER9awizzyn6g3kG1YY8bQcezTnuPKGoDk,https://www.hominiscanidae.org/2024/01/drama-em-crise-drama-em-crise-2023.html,exact
2023 - LIMAO THE SOUND - Tropikaldelia,2023,3,"5,6,7",mega.nz,https://mega.nz/file/dLgzSKaY#gyVYzsaBDOfkdeZocGoROdQt8dkMWleRmLysPoup5Rs,https://www.hominiscanidae.org/2023/09/limao-sound-tropikaldelia-2023.html,exact
2023 - Martins - Interessante e Obsceno,2023,3,"6,7,11",mega.nz,https://mega.nz/file/UGQxGLIa#LLy1Q9s6KX81VqLwA8HIJizZra0_U3-HzkPrPOeme3E,https://www.hominiscanidae.org/2023/09/martins-interessante-e-obsceno-2023.html,exact
2023 - Nevi Lunes & Paulo Slap - E de Novo Eu Quase Morri,2023,3,"4,7,8",mega.nz,https://mega.nz/file/2xM2TYLb#jETLzNl14MuwJh3pCHGJGemMXALxWb2ywAPGVH0ace0,https://www.hominiscanidae.org/2023/01/nevi-lunes-e-de-novo-eu-quase-morri-2023.html,exact
2023 - Ordep Lemos - Vida Que Vai Vida Que Vem,2023,3,"5,6,7",mega.nz,https://mega.nz/file/bp81hLTa#EMxNn7yGlwnwPlLn2CcehWPEOOrfaNsZNN24wIr1AiE,https://www.hominiscanidae.org/2023/02/ordep-lemos-vida-que-vai-vida-que-vem.html,exact
2023 - Pedro Rosa - Midnight Alvorada,2023,3,"4,7,9",mega.nz,https://mega.nz/file/lD4RAIgQ#xJGzqvVAAUJWDXQhYuG3sMBqCk8dH0RWSfdSYYTm4t8,https://www.hominiscanidae.org/2023/06/pedro-rosa-midnight-alvorada-2023.html,exact
2023 - Rodrigo Ogi - Aleatoriamente,2023,3,"5,8,9",mega.nz,https://mega.nz/file/VWQS3B4b#0sY2wpknUAGOU81w9OQF9tP64oCmqh6H-xPHf-rmKQQ,https://www.hominiscanidae.org/2023/10/rodrigo-ogi-aleatoriamente-2023.html,exact
2023 - Silvia Gomes - Canto Pra Recomeçar,2023,3,"6,7,8",mega.nz,https://mega.nz/file/tbR13LpA#BM4tUINwT0WTVRESOFSdH-t65ubq0dP8Qm7T03OBpdo,https://www.hominiscanidae.org/2023/08/silvia-gomes-canto-pra-recomecar-2023.html,exact
2023 - Supercombo - Remédios,2023,3,"4,5,9",mega.nz,https://mega.nz/file/5SIVDRAA#uAM0yvXGTKOJaD6_jX3y_zoDFqt9srVizxMf9AfThEY,https://www.hominiscanidae.org/2023/06/supercombo-remedios-2023.html,exact
2023 - Vic Brow - Ninguém É Tão Ocupado Assim,2023,3,"6,7,8",mega.nz,https://mega.nz/file/kLImjJDC#ThC0SpUNpl6wZFMZUqqI3DXrIh8JpZwxEE5OnLwy0go,https://www.hominiscanidae.org/2023/06/vic-brow-ninguem-e-tao-ocupado-assim.html,exact
"2023 - Vitor Brauer Alcyr Vergetti Caíque, o Jorg - Tréinquinumpára 01 Maceió",2023,3,"4,5,6",mega.nz,https://mega.nz/file/lPojUTAQ#LLP_hmt1MopKQ13S06Padri9aam6hxoqGSlP3HHukJs,https://www.hominiscanidae.org/2023/07/vitor-brauer-treinquinumpara-01-maceio.html,exact
"2023 - Zudizilla - Zulu Quarta Parede, Vol.3",2023,3,"5,9,10",mega.nz,https://mega.nz/file/Mf5mhaBQ#3SP8LeIJX5wxipz-JhY4Eww_IZUM4GRfuD77vEdiCl8,https://www.hominiscanidae.org/2023/07/zudizilla-zulu-quarta-parede-vol3-2023.html,exact
2024 - Barro Fran - Língua,2024,3,"7,9,10",mega.nz,https://mega.nz/file/8SBhCISB#RUebL7fp2wWG74frpSM8NFaDQFNiUH_o-8RBy8ajTWo,https://www.hominiscanidae.org/2024/05/barro-lingua-2024.html,exact
2024 - DUDA BEAT Lúcio Maia - Tara e Tal,2024,3,"3,8,9",mega.nz,https://mega.nz/file/hf53haoA#7bpR0WHD9435TfTqeR-eVN-Hltqf7gkD2cdV15SSr5s,https://www.hominiscanidae.org/2024/04/duda-beat-tara-e-tal-2024.html,exact
2024 - Filipe Ret Dallass - NUME,2024,3,"6,7,12",mega.nz,https://mega.nz/file/5SMAyZ6b#Oa8hPGWrLzHUiagWU_ROj0b8qmSqpGV5whM_L4lTT1k,https://www.hominiscanidae.org/2025/03/filipe-ret-nume-2024.html,exact
2024 - Luigi o Juca - Luigi o Juca (Ao Vivo em São Paulo),2024,3,"7,9,10",mega.nz,https://mega.nz/file/4GRQkLBZ#8yuL2qqjcISDLhCIZv2a-57xH7Fgdb1ZE-sz1XQ2d3M,https://www.hominiscanidae.org/2024/02/luigi-o-juca-ao-vivo-em-sao-paulo-2024.html,exact
2025 - Alê Balbo - No Caminho da Força,2025,3,"7,9,13",mega.nz,https://mega.nz/file/BONAFapZ#-lvdG4GtTBU6wJiq33p82MXphHXxFtTFH7UnuhXdfsg,https://www.hominiscanidae.org/2025/11/ale-balbo-no-caminho-da-forca-2025.html,exact
2025 - Andirá - A Vida É uma Questão Pra Todo Mundo,2025,3,"6,7,8",mega.nz,https://mega.nz/file/OdNDCbTI#3L5DLG84Doo7852C3r36TnKI8F1Rbgf25d99l6tgMRQ,https://www.hominiscanidae.org/2026/01/andira-vida-e-uma-questao-pra-todo.html,exact
2025 - Antonio Neves - De las Nieves,2025,3,"6,8,9",mega.nz,https://mega.nz/file/4TMQATpL#omKGKMdRdAPevA5EizE8oIJIci7Atm7lOm5DDIDktlc,https://www.hominiscanidae.org/2025/06/antonio-neves-de-las-nieves-2025.html,exact
2025 - Apeles - CRU,2025,3,"5,7,9",mega.nz,https://mega.nz/file/IX9zEJiT#iLnwuXUB6wHBzlcZP7zTaLn4PyN8Eo-JMYx-DkIaOTk,https://www.hominiscanidae.org/2025/09/apeles-cru-2025.html,exact
2025 - Banana Bipolar - 103,2025,3,"5,7,8",mega.nz,https://mega.nz/file/1eNGlb5Q#7KA2RJS5y3lk9lco-F_Uh8vvh5knFPiVIcs3AmH2m3Y,https://www.hominiscanidae.org/2025/09/banana-bipolar-103-2025.html,exact
2025 - Brejeiras - Senhora da Canção - Brejeiras Cantam Ivone Lara,2025,3,"5,7,8",mega.nz,https://mega.nz/file/RCNgQBrD#1_6x4yqrNMhLN1APkxgjnmD7HBgXbqprt6Xvd8Kg8ME,https://www.hominiscanidae.org/2025/04/brejeiras-senhora-da-cancao-brejeiras.html,exact
2025 - Carlinhos Carneiro - Hotel Ritz,2025,3,"5,8,10",mega.nz,https://mega.nz/file/RWc3QbRR#fxFOMQ2qVA6IPE6VGyKHeIvqf5NtX30tck6ixH2V3Po,https://www.hominiscanidae.org/2025/11/carlinhos-carneiro-os-excelentes.html,exact
2025 - Carol Lyne - Viciei,2025,3,"5,6,7",mega.nz,https://mega.nz/file/bR01hKAL#-FKxmW2561ziQdpfSeeVRfusS5QmEU9ghcHPqjurShg,https://www.hominiscanidae.org/2026/03/carol-lyne-viciei-2025_5.html,exact
2025 - Carolina Andrade - À Flor da Pele,2025,3,"5,7,8",mega.nz,https://mega.nz/file/2RdilYJZ#arG3qKK35BjE77mCgCiZLV6IIWafYY7tSiXBnSR43tk,https://www.hominiscanidae.org/2026/03/carolina-andrade-flor-da-pele-2025.html,exact
2025 - Cria - Eu e Você,2025,3,"6,7,8",mega.nz,https://mega.nz/file/8P8GWK4a#VKS_67e6SrqyuWYEy_unfsMj-ABX6BCiKxuz0RZoJ38,https://www.hominiscanidae.org/2025/05/cria-eu-e-voce-2025.html,exact
2025 - Don L - CARO Vapor II - qual a forma de pagamento,2025,3,"8,11,13",mega.nz,https://mega.nz/file/9Xt2SLia#Ud8az02BAZwAjGasSKWx8SNotKYQxB_lAtpGkUJPz2k,https://www.hominiscanidae.org/2025/06/don-l-caro-vapor-ii-qual-forma-de.html,exact
2025 - Felipe Mancini - Vissungos - Dos Cantos para As Cordas,2025,3,"5,6,11",mega.nz,https://mega.nz/file/4LNkiSJa#PLZ2dtBhIUdSd9xJ4-t9MnxVm02pWeWicbGMvzRaws4,https://www.hominiscanidae.org/2025/09/felipe-mancini-vissungos-dos-cantos.html,exact
2025 - Jorgens - O Passado é Agora,2025,3,"7,8,9",mega.nz,https://mega.nz/file/8LsQkDSD#OdyPhEZW_uA_DdQnM_Zf-N7FqiExv8B2KNeXcX2mfeg,https://www.hominiscanidae.org/2025/07/jorgens-o-passado-e-agora-2025.html,exact
2025 - Les Rita Pavone - El Baile Rock,2025,3,"7,8,9",mega.nz,https://mega.nz/file/wHVxmaZI#hFAbQ99RuIsyuUoNg7S7WGyrBiyi4TEDrd1movQtYUg,https://www.hominiscanidae.org/2025/06/les-rita-pavone-el-baile-rock-2025.html,exact
2025 - Marcos Lamy - Braço de Mar,2025,3,"7,8,9",mega.nz,https://mega.nz/file/0PUigCwY#cB060mbbqe9S6wn4YAHdFXyeYPzGKGEb3JY8nbEqqMY,https://www.hominiscanidae.org/2025/07/marcos-lamy-braco-de-mar-2025.html,exact
"2025 - Mauricio Tizumba - Umbanda, Ao Vivo",2025,3,"7,11,12",mega.nz,https://mega.nz/file/ZCUCRQoD#7OvLv8cSTECKBs5el82HY1SINWimNwuZ4llhPEFeYa0,https://www.hominiscanidae.org/2025/11/mauricio-tizumba-umbanda-ao-vivo-2025.html,exact
2025 - Ney Matogrosso Hecto Will Calhoun - Canções Para Um Novo Mundo,2025,3,"5,6,7",mega.nz,https://mega.nz/file/1P9yRYaR#bw1HdtRPwSEp2fvqe614R2RKo2xd8RttgwLmOEDcNzk,https://www.hominiscanidae.org/2025/01/ney-matogrosso-hecto-cancoes-para-um.html,exact
2025 - OBelga; Ryam Beatz; Pirlo; Bolim; Ana Frango Elétrico - Último Ensaio Sobre Seus Olhos,2025,3,"5,6,7",mega.nz,https://mega.nz/file/jV1hHapT#oMIt_u26wVN4jUyl5ocTCIwfdVAnEB93C3A7uXvOflQ,https://www.hominiscanidae.org/2026/02/obelga-ultimo-ensaio-sobre-seus-olhos.html,exact
2025 - PUSHER174 - Líder dos delinquentes,2025,3,"7,8,10",mega.nz,https://mega.nz/file/mEU0kCjb#iWNbomlTXkW091CfAZHK2-m5dNFbYWPYK38V_Ml52fw,https://www.hominiscanidae.org/2026/03/pusher174-lider-dos-delinquentes-2025.html,exact
2025 - Pelos - Noturnas,2025,3,"4,5,8",mega.nz,https://mega.nz/file/JLcmSSRQ#aEwN51gG2jpU90NPjYi7wXs5lD1NXlmOmHQ2nqAcQ_U,https://www.hominiscanidae.org/2025/09/pelos-noturnas-2025.html,exact
2025 - Persecuter - Dissonante Harmonia,2025,3,"4,5,9",mega.nz,https://mega.nz/file/2NlkUSxC#ECSI-A8f-GaVpjKkbcGjFMKBDyWm_SeMmCj3qf0dT1Y,https://www.hominiscanidae.org/2026/01/persecuter-dissonante-harmonia-2025.html,exact
2025 - Potente Durâmen; Rimano Grão-Notável - Som-Realismo em Baixa Fidelidade,2025,3,"6,8,10",mega.nz,https://mega.nz/file/DUtBnIbQ#jVdw0CmB-LHe_rijMauoqKOH_kvm3fYgVd3_1zFVj_o,https://www.hominiscanidae.org/2026/03/potente-duramen-som-realismo-em-baixa.html,exact
2025 - Ro Araujo - Afruturo,2025,3,"6,9,10",mega.nz,https://mega.nz/file/0D8Chabb#LE0hV3y0pBV3RXxSIiQ00kl-6QjO3bwWGKWWMsSiodc,https://www.hominiscanidae.org/2025/01/ro-araujo-afruturo-2025.html,exact
"2025 - Senndy, Salve Crazy - Aruanda",2025,3,"10,11,13",mega.nz,https://mega.nz/file/oW1nVJbY#1R_oFq_EFeRb2qTHL94NcTBhHszl1_xq6MOSXID4_-w,https://www.hominiscanidae.org/2025/07/senndy-aruanda-2025.html,exact
2025 - SwitchBacK HC - O Cão Tá pra Trás,2025,3,"4,7,9",mega.nz,https://mega.nz/file/6A9FhT5Z#bMBmYv06mQUdCwSLpEXJa0-EaONtmeeoHUBzQvc5p4Y,https://www.hominiscanidae.org/2026/01/switchback-hc-o-cao-ta-pra-tras-2025.html,exact
2025 - Talvez Seja Só Eu - Não Me Deixam em Paz,2025,3,"6,11,12",mega.nz,https://mega.nz/file/SNEhHLIb#OBzSfUF9oN_CA1I1K3NzbuRnWN-HZCZxbZ9eIYx1ljc,https://www.hominiscanidae.org/2026/02/talvez-seja-so-eu-nao-me-deixam-em-paz.html,exact
2025 - Terno Rei - Nenhuma Estrela,2025,3,"6,8,10",mega.nz,https://mega.nz/file/MTECQZjR#C5ol4Nx3XQpJUy4swEgYgsdrICabYeMY--BO-Q8AmQE,https://www.hominiscanidae.org/2025/05/terno-rei-nenhuma-estrela-2025.html,exact
2025 - euetu; Roberto Navarro - Caratapa,2025,3,"3,5,6",mega.nz,https://mega.nz/file/GJ0DyKyK#u-gxQcgYnDCvFFJXwwW9PmSmPyLJq0RqJ0bIjjvj4OQ,https://www.hominiscanidae.org/2026/01/euetu-caratapa-2025.html,exact
2026 - Cleozinhu - Variações para o Silêncio,2026,3,"6,10,16",mega.nz,https://mega.nz/file/b24W1JRZ#dDOSL01-xwhfKXvzaLKfjwZ95QpKHxsXKicBmAqlU4o,https://www.hominiscanidae.org/2026/04/cleozinhu-variacoes-para-o-silencio-2026.html,exact
"2026 - Criolo; Amaro Freitas; Dino d'Santiago - CRIOLO, AMARO E DINO",2026,3,"5,6,10",mega.nz,https://mega.nz/file/KVEHyRbZ#327RXOCEq8Yp2rrZFB-cX3Z63aVhk-vBF8fVDaY9v5w,https://www.hominiscanidae.org/2026/02/criolo-amaro-e-dino-criolo-amaro-e-dino.html,exact
2026 - Guilherme Arantes - Interdimensional,2026,3,"5,7,11",mega.nz,https://mega.nz/file/GQMATL4Z#KEpKeCIsDF8oWIv4BbWTXa9Hkb78JxR8bUU5FQKecrE,https://www.hominiscanidae.org/2026/02/guilherme-arantes-interdimensional-2026.html,exact
2026 - Siso - Ferro e Fogo,2026,3,"5,6,7",mega.nz,https://mega.nz/file/2rByVbqD#LEXM1Tpw945JiWXkuEeVW6dlO7dMH-oFws5M6QxZF5M,https://www.hominiscanidae.org/2026/04/siso-ferro-e-fogo-2026.html,exact
2012 - Pentagono - Manhã,2012,3,"7,8,9",pentagonomanha.com.br,http://www.pentagonomanha.com.br/pentagono_manha.zip,https://www.hominiscanidae.org/2012/11/pentagono-manha-2012.html,exact
2014 - Russo Passapusso - Hominis Canidae #53 - Outubro,2014,3,"9,13,14",s3-sa-east-1.amazonaws.com,https://s3-sa-east-1.amazonaws.com/russopassapusso-paraisodamiragem/Russo+Passapusso+-+Paraiso+da+Miragem.zip,https://www.hominiscanidae.org/2014/10/russo-passapusso-paraiso-da-miragem-2014.html,exact
2015 - La Carne - La Carne 5,2015,3,"4,5,6",senhorf.com.br,http://www.senhorf.com.br/mp3/La_Carne_-_Granada.zip,https://www.hominiscanidae.org/2009/07/la-carne-granada-2008.html,exact
2012 - Seychelles - Três,2012,3,"6,10,11",sey.art.br,http://sey.art.br/sons/Sey3/tres.zip,https://www.hominiscanidae.org/2013/05/seychelles-tres-2013.html,exact
2014 - TESTEMOLDE - Testemolde,2014,3,"5,6,9",sinewave.com.br,http://sinewave.com.br/albums/testemolde/sw0130.testemolde_testemolde.zip,https://www.hominiscanidae.org/2014/09/testemolde-testemolde-2014.html,exact
2009 - Nação Zumbi & Siba e A Fuloresta Nação Zumbi e Siba e Fuloresta do Samba - Ao Vivo no Carnaval do Recife,2009,2,"11,15",,img/blank.gif,https://www.hominiscanidae.org/2011/10/nacao-zumbi-ao-vivo-festival-de-inverno.html,exact
"2018 - IZA, Rincon Sapiência - Dona de mim",2018,2,"8,10",,,,no_post
2024 - ADL Lenderk No Beat - Da Boca,2024,2,"6,8",,,,no_post
2013 - Paes - Sem Despedida,2013,2,"8,9",4shared.com,http://www.4shared.com/rar/-R5TKnkI/Sem_Despedida_Lanamento_Virtua.html?,https://www.hominiscanidae.org/2013/07/paes-sem-despedida-2013.html,exact
2013 - Hazamat - Live @ Taperoá,2013,2,"9,13",archive.org,http://archive.org/download/Hazamat-LiveAtTapero-pb/Hazamat-LiveAtTapero-pb_vbr_mp3.zip,https://www.hominiscanidae.org/2013/08/hazamat-live-at-taperoa-2013.html,exact
2017 - DJ MixXxuruca - Transgênico (Volume 2),2017,2,"4,7",archive.org,https://archive.org/download/DJMixXxurucaTransgnicoVolume2/DJ%20MixXxuruca%20-%20Transg%C3%AAnico%20\(Volume%202\,https://www.hominiscanidae.org/2017/05/dj-mixxxuruca-transgenico-volume-2-2017.html,exact
2021 - Aparelahegm Malk Espanca - Dubiônico,2021,2,"4,5",archive.org,https://archive.org/compress/aparelhagem-malk-espanca-dubionico/formats=VBR%20MP3&file=/aparelhagem-malk-espanca-dubionico.zip,https://www.hominiscanidae.org/2021/06/aparelhagem-malk-espanca-dubionico.html,exact
2021 - DJ MixXxuruca Steve Vai - Transgênico (Volume 6),2021,2,"6,11",archive.org,https://archive.org/compress/djmixXxurucatransgenicoVolume6/formats=VBR%20MP3&file=/djmixXxurucatransgenicoVolume6.zip,https://www.hominiscanidae.org/2021/08/dj-mixxxuruca-transgenico-volume-6-2021.html,exact
2022 - Taticocteau God Pussy - Parangaricutirimirruaro,2022,2,"3,4",archive.org,https://archive.org/compress/ncp-113-taticocteau-god-pussy-parangaricutirimirruaro/formats=VBR%20MP3&file=/ncp-113-taticocteau-god-pussy-parangaricutirimirruaro.zip,https://www.hominiscanidae.org/2022/10/taticocteau-god-pussy.html,exact
2023 - Mar Di Fuego - Hominis Canidae #159 - Agosto,2023,2,"9,11",archive.org,https://archive.org/compress/mar-di-fuego-vermelho-ep-2023/formats=VBR%20MP3&file=/mar-di-fuego-vermelho-ep-2023.zip,https://www.hominiscanidae.org/2023/11/mar-di-fuego-vermelho-ep-2023.html,exact
2015 - Gudicarmas - Dharma Astral (Ao Vivo),2015,2,"5,6",bandcamp.com,https://bandcamp.com/download?id=882405860&ts=1441897833.3664386850&tsig=ee93232d6b60dfc0c31da5f59d50ea74&type=album,https://www.hominiscanidae.org/2015/09/gudicarmas-dharma-2015.html,exact
2015 - notadeum - Hominis Canidae #58 - Março,2015,2,"4,16",bandcamp.com,https://bandcamp.com/download?id=789191495&ts=1425041773.3216137393&tsig=0499c5d46e60898c75344bddc6620b85&type=album,https://www.hominiscanidae.org/2015/03/notadeum-nenhum-valor-2015.html,exact
2017 - Walter & Reys - Hominis Canidae #82 (Março),2017,2,"4,10",bandcamp.com,https://bandcamp.com/download?id=2021132796&ts=1490126803.1292095777&tsig=73809b092e390b70b8e282aae60c620f&type=album,https://www.hominiscanidae.org/2017/03/walter-reys-crente-2017.html,exact
2018 - Jonathan Tadeu - Hominis Canidae #100 - Setembro,2018,2,"13,14",bandcamp.com,https://bandcamp.com/download?from=email&id=198797998&payment_id=4159123035&sig=f3409d0f09e1742f062cd6205127e1f7&type=album,https://www.hominiscanidae.org/2018/09/jonathan-tadeu-sapucai-2018.html,exact
2022 - Emmanuel Luka - Catarina ou Perdi o Tempo para Respirar e Estou Com Vontade de Tossir,2022,2,"4,11",bandcamp.com,https://bandcamp.com/download?fsig=6d859058a1a8b6f59c44ef5b0832fe4d&id=3443027845&ts=1772323759.4089294623&type=album,https://www.hominiscanidae.org/2026/03/emmanuel-luka-catarina-2026.html,exact
2024 - Decurso Drama - Distopia Proposital,2024,2,"7,8",bandcamp.com,https://bandcamp.com/download?fsig=b99d5dde1e4c85e60f41372cfc7376fe&id=2369122993&ts=1726865106.635805822&type=album,https://www.hominiscanidae.org/2024/09/decurso-drama-distopia-proposital-2024.html,exact
2024 - MFKIM - Otimista,2024,2,"5,8",bandcamp.com,https://bandcamp.com/download?fsig=6a9df6fc2b40fe0f77a8be462a307b25&id=2868175760&ts=1726258500.2224740556&type=album,https://www.hominiscanidae.org/2024/09/mfkim-otimista-2024.html,exact
2024 - valvulosa - Tino (2),2024,2,"4,6",bandcamp.com,https://bandcamp.com/download?fsig=d3cfc93f3dd2d40481a69095ffbedec6&id=1821976962&ts=1734180391.2612598728&type=album,https://www.hominiscanidae.org/2024/12/valvulosa-tino-2024.html,exact
2025 - Jahtalapaga - Jahtalapaga,2025,2,"3,4",bandcamp.com,https://bandcamp.com/download?fsig=f9b901d3da72a6ee9000531b669a8c15&id=3194058061&ts=1761998033.268118157&type=album,https://www.hominiscanidae.org/2025/11/jahtalapaga-jahtalapaga-2025.html,exact
2025 - Jan Felipe - Calmaria,2025,2,"5,6",bandcamp.com,https://bandcamp.com/download?fsig=78d9cff2f74d7040655a7f498ede8b6b&id=693407204&ts=1762595408.537286095&type=album,https://www.hominiscanidae.org/2025/11/jan-felipe-calmaria-2025.html,exact
2026 - Emmanuel Luka - Catarina,2026,2,"4,11",bandcamp.com,https://bandcamp.com/download?fsig=6d859058a1a8b6f59c44ef5b0832fe4d&id=3443027845&ts=1772323759.4089294623&type=album,https://www.hominiscanidae.org/2026/03/emmanuel-luka-catarina-2026.html,exact
2026 - Mateus Alves & Tomaz Alves Souza - (2026) O Agente Secreto (trilha sonora),2026,2,"6,11",bandcamp.com,https://bandcamp.com/download?fsig=cf6675c17a7cc196895a9b1d614206c4&id=3810303464&ts=1773517873.1142710027&type=album,https://www.hominiscanidae.org/2026/03/mateus-alves-tomaz-alves-souza-trilha.html,exact
2026 - Sistema Som Rachado - Compasso Por Compasso,2026,2,"6,8",bandcamp.com,https://bandcamp.com/download?fsig=abb185929070c5855f89cdc79cb9d56c&id=740749044&ts=1778200182.824726167&type=album,https://www.hominiscanidae.org/2026/05/sistema-som-rachado-compasso-por.html,exact
2016 - BeatBass Hightech - Hominis Canidae #69 - Fevereiro,2016,2,"7,8",bbht.com.br,http://bbht.com.br/disco/bbht_luzesSonoras_mp3.zip,https://www.hominiscanidae.org/2016/02/beatbass-high-tech-luzes-sonoras-2015.html,exact
2024 - Pense - Hominis Canidae #168 - Maio,2024,2,"9,15",bit.ly,http://bit.ly/penseRealidadeVidaFe,https://www.hominiscanidae.org/2019/01/pense-realidade-vida-e-fe-2018.html,exact
"1978 - Guilherme Coutinho, Grupo Stalo - Guilherme Coutinho E O Grupo Stalo",1978,2,"5,7",drive.google.com,https://drive.google.com/file/d/1LA11o7Jb_jK-QRriNNf0N_m-M1YYUrde/view?usp=sharing,https://www.hominiscanidae.org/2024/07/guilhermico-hexcode-2024.html,exact
2019 - nabru De Sá - Ao Vivo no @MartheFestival,2019,2,"4,6",drive.google.com,https://drive.google.com/file/d/1LHuqz7dRayaY1a8eNFuBHqgqP2x9xJa4/view?usp=sharing,https://www.hominiscanidae.org/2024/12/nabru-desenredo-2024.html,exact
2023 - Rama Om - Aquário de Borboletas Vol. 1,2023,2,"9,11",drive.google.com,https://drive.google.com/file/d/1yxjLQTZX3B6Wyq5nCF7ymb5jWd6GLKkc/view?usp=sharing,https://www.hominiscanidae.org/2024/11/rama-om-aquario-de-borboletas-vol-1-2023.html,exact
2024 - Beto Cupertino - Auto,2024,2,"4,7",drive.google.com,https://drive.google.com/file/d/1D8DPq1ifP862AC75iDGY46Eg4GOT3sMF/view?usp=sharing,https://www.hominiscanidae.org/2025/01/beto-cupertino-auto-2024.html,exact
2024 - Binarious Tom Suassuna - vida-morte-vida,2024,2,"3,5",drive.google.com,https://drive.google.com/file/d/127EJps04FQbcW_oGI17eKDjyHGAKIcOD/view?usp=sharing,https://www.hominiscanidae.org/2024/06/binarious-vida-morte-vida-2024.html,exact
2024 - Cleiton Dante - CLEITON DANTE,2024,2,"5,13",drive.google.com,https://drive.google.com/file/d/17cCNM8XxTaeNgP8ZhbOP9cNtOyAnbtkX/view?usp=sharing,https://www.hominiscanidae.org/2024/12/cleiton-dante-cleiton-dante-2024.html,exact
2024 - Deborah Crespo - Caso Sério,2024,2,"3,7",drive.google.com,https://drive.google.com/file/d/19FM4-fwu4uqAII3ZA5xxf47sRzNUAprE/view?usp=sharing,https://www.hominiscanidae.org/2024/07/deborah-crespo-caso-serio-2024.html,exact
2024 - Demophobia - Perversidade e Violência,2024,2,"5,6",drive.google.com,https://drive.google.com/file/d/1P6rWqriei-bG1IJaX2bntmvQGCZlS-0M/view?usp=sharing,https://www.hominiscanidae.org/2024/06/demophobia-perversidade-e-violencia-2024.html,exact
2024 - GORIBEATZZ Sujoground Alra Alves - Poucas Virtudes para o Mal,2024,2,"7,10",drive.google.com,https://drive.google.com/file/d/14m-4iKRmX6ND6huSmeRmXuYgpKgIrGI7/view?usp=sharing,https://www.hominiscanidae.org/2025/01/goribeatzz-poucas-virtudes-para-o-mal.html,exact
2024 - Gracinha - Corpo Celeste,2024,2,"5,8",drive.google.com,https://drive.google.com/file/d/1HNlzwG4LpEBEEZgwBE4WBWC9VLrl2YDf/view?usp=sharing,https://www.hominiscanidae.org/2024/06/gracinha-corpo-celeste-2024.html,exact
2024 - Guilherme Cobelo - Caubói Astral,2024,2,"5,6",drive.google.com,https://drive.google.com/file/d/1XGv6wZDVgCmdEiE-c2RSDwC-7Yh1obbW/view?usp=sharing,https://www.hominiscanidae.org/2024/11/guilherme-cobelo-cauboi-astral-2024.html,exact
2024 - Heberte Almeida Anna Lages Michelle Oliveira - Fôlego,2024,2,"5,6",drive.google.com,https://drive.google.com/file/d/1MwHAtYM5O_j-Vk7qJ12MHFMwljYGEG0j/view?usp=sharing,https://www.hominiscanidae.org/2024/09/heberte-almeida-folego-2024.html,exact
2024 - Jennify C. Wally Salomão - Atmosfera,2024,2,"3,10",drive.google.com,https://drive.google.com/file/d/195SXJgbILloZHb99eMy3XQ5uLV-CGdKy/view?usp=sharing,https://www.hominiscanidae.org/2024/08/jennify-c-atmosfera-2024.html,exact
2024 - Luiz Amargo - Amor de Mula,2024,2,"7,8",drive.google.com,https://drive.google.com/file/d/1zF7PJLGv7iW2GlzTCcq4BVGpXiYk0pgJ/view?usp=sharing,https://www.hominiscanidae.org/2024/09/luiz-amargo-amor-de-mula-2024.html,exact
2024 - Lukete Duailibe - Lukete Me,2024,2,"6,9",drive.google.com,https://drive.google.com/file/d/1zXB5iTQ7Ux84OcFblCX7aHPe1YL5zCQs/view?usp=sharing,https://www.hominiscanidae.org/2024/12/lukete-lukete-me-2024.html,exact
2024 - Natania Borges Xavbeatz WaraBeats - I,2024,2,"7,11",drive.google.com,https://drive.google.com/file/d/1S8hDksZlCj3ReU1rfH-pve_Mt1pXtHyB/view?usp=sharing,https://www.hominiscanidae.org/2024/06/natania-borges-i-2024.html,exact
2024 - Pfink - Tocandira,2024,2,"6,9",drive.google.com,https://drive.google.com/file/d/1X-HTkmDY6QT_q8ioeKfF0usTSlX8ZG4l/view?usp=sharing,https://www.hominiscanidae.org/2024/07/pfink-tocandira-2024.html,exact
2024 - Pobre Orfeu - Poderia Ser Melhor,2024,2,"6,7",drive.google.com,https://drive.google.com/file/d/19Ud4L68LjmsWWWtTzUQC4czyqBaA3Jzl/view?usp=sharing,https://www.hominiscanidae.org/2024/06/pobre-orfeu-poderia-ser-melhor-2024.html,exact
2024 - Vitor Brauer Born to Freedom - Tréinquinumpára 04 Natal,2024,2,"5,6",drive.google.com,https://drive.google.com/file/d/1pfWALg5jJ6bPz7S4238lyRBRSxarPhbN/view?usp=sharing,https://www.hominiscanidae.org/2024/12/vitor-brauer-treinquinumpara-04-natal.html,exact
2024 - andre L. R. mendes - Cabeça de Cinema,2024,2,"3,7",drive.google.com,https://drive.google.com/file/d/1t4d23O6G3e8lcyPai9n4P-2jvUwkrtW6/view?usp=sharing,https://www.hominiscanidae.org/2024/08/andre-l-r-mendes-cabeca-de-cinema-2024.html,exact
2025 - Eduardo Pereira - Canções de Amor ao Vento,2025,2,"4,8",drive.google.com,https://drive.google.com/file/d/1iIUwZwLJ71Vv3TkJRdQaGFO1Mxp1kBhX/view?usp=sharing,https://www.hominiscanidae.org/2025/07/eduardo-pereira-cancoes-de-amor-ao.html,exact
2025 - Gabre - arquipélago de ilhas surdas,2025,2,"6,7",drive.google.com,https://drive.google.com/file/d/17oUqiNfDqEby1OU_Qqpyvxzip95L-_Ga/view?usp=sharing,https://www.hominiscanidae.org/2025/06/gabre-arquipelago-de-ilhas-surdas-2025.html,exact
2025 - U L T R A S O N H O - Hominis Canidae #180 - Maio,2025,2,"13,16",drive.google.com,https://drive.google.com/file/d/1WGG7O-xF2fmiZGZUPhsCs-9ql5-vSpkY/view?usp=sharing,https://www.hominiscanidae.org/2025/05/hominis-canidae-180-maio-2025.html,exact
2026 - Naturezautomática - Hominis Canidae #191 - Abril,2026,2,"6,12",drive.google.com,https://drive.google.com/file/d/1U8wx9dbLeQQPmhuDU6ITj95iIiroJuGo/view?usp=sharing,https://www.hominiscanidae.org/2026/04/hominis-canidae-191-abril-2026.html,exact
2025 - Fernas Morais - Terra d'água,2025,2,"4,6",dropbox.com,https://www.dropbox.com/scl/fi/1msawrqt8ibmh56mtcr52/HOMINISCANIDAE.ORG-FM-Terra-d-gua-2025.rar?rlkey=mcjm5dbp1ionet775dldwcz7z&st=j5lt8mdx&dl=0,https://www.hominiscanidae.org/2026/04/fernas-morais-terra-dagua-2025.html,exact
2025 - Godofredo - Tutorial,2025,2,"6,10",dropbox.com,https://www.dropbox.com/scl/fi/ty81osy5g0fswa61gkald/HOMINISCANIDAE.ORG-Gdfrd-Tutorial-2025.rar?rlkey=2s0yzledkyeamqmmrkissz0z1&st=7q6ld5rb&dl=0,https://www.hominiscanidae.org/2026/03/godofredo-tutorial-2025.html,exact
2026 - Cobra de Coleira - Cárcere Cognitivo,2026,2,"3,4",dropbox.com,https://www.dropbox.com/scl/fi/2t3rjfkq618gplp50s44g/HOMINISCANIDAE.ORG-CdeC-C-rcere-Cognitivo-2026.rar?rlkey=43gxozxd0arkiqat49e449t67&st=nxwgbo3b&dl=0,https://www.hominiscanidae.org/2026/05/cobra-de-coleira-carcere-cognitivo-2026.html,exact
2026 - El Negro - Bronco,2026,2,"4,6",dropbox.com,https://www.dropbox.com/scl/fi/g3vcpu5le84zrqca9dlbh/HOMINISCANIDAE.ORG-EN-Bronco-2026.rar?rlkey=s5ilesjdk2x2mxlhjqq6puuqy&st=0wiarxna&dl=0,https://www.hominiscanidae.org/2026/04/el-negro-bronco-2026.html,exact
2026 - MC Tainá Azuada - Engole o Recalque Porque Eu Não Paro,2026,2,"4,6",dropbox.com,https://www.dropbox.com/scl/fi/c5gqfm1rt23ee1yu37gle/HOMINISCANIDAE.ORG-MC-T-A-Engole-o-Recalque-Porque-Eu-N-o-Paro-2026.rar?rlkey=g11gppkbcipoz76r2mkvaahph&st=ph8d4ypj&dl=0,https://www.hominiscanidae.org/2026/04/mc-taina-azuada-engole-o-recalque.html,exact
2026 - Taia - Obatajá,2026,2,"6,9",dropbox.com,https://www.dropbox.com/scl/fi/h72cpme4yvgzojtj0kbt7/HOMINISCANIDAE.ORG-T_i_-Ob-Taj-2026.rar?rlkey=qicis8183gd3n0d2l1gt1pfr6&st=rpdwfvdt&dl=0,https://www.hominiscanidae.org/2026/04/taia-oba-taja-2026.html,exact
2014 - Wem - Começo,2014,2,"4,6",em-music.com,http://wem-music.com/wp/wp-content/uploads/2014/comeco.zip,https://www.hominiscanidae.org/2014/07/wem-comeco-2014.html,exact
2016 - Iara Rennó - Flecha,2016,2,"4,7",iararenno.com,http://iararenno.com/images/Flecha.zip,https://www.hominiscanidae.org/2017/01/iara-renno-arco-e-flecha-2016.html,exact
2013 - BNegão & Seletores de Frequência - Ao Vivo - Recbeat Festival,2013,2,"11,12",iteliosprod.s3.amazonaws.com,http://iteliosprod.s3.amazonaws.com/downloads/features/BNegao__Seletores_de_Frequencia_-_TransmutAcao_2015_Arquivos_Corretos.zip,https://www.hominiscanidae.org/2015/09/bnegao-seletores-de-frequencia.html,exact
2013 - Marcello GuGu - Até Que Enfim GuGu,2013,2,"11,12",marcellogugu.com.br,http://www.marcellogugu.com.br/downloads/atequeenfimgugu.zip,https://www.hominiscanidae.org/2013/06/marcello-gugu-ate-que-enfim-gugu-2013.html,exact
2018 - Marditu Soundz - Sistema-Cuatro,2018,2,"5,7",marditusoundz.bandcamp.com,http://marditusoundz.bandcamp.com/,https://www.hominiscanidae.org/2019/02/marditu-soundz-sistema-cuatro-2018.html,exact
1972 - sebastiao tapajos & pedro dos santos - sebastiao tapajos & pedro dos santos vol. 2,1972,2,"7,8",mediafire.com,http://www.mediafire.com/?xra3v93l7ghk88e,https://www.hominiscanidae.org/2012/09/sebastiao-tapajos-e-sua-guitarra.html,exact
2013 - Mahmundi - Armazém 73,2013,2,"10,11",mediafire.com,http://www.mediafire.com/download/jccioc56p0jssro/Mahmundi+-+Setembro.zip,https://www.hominiscanidae.org/2013/10/mahmundi-setembro-ep-2013.html,exact
2015 - Charlie Chaplin - Diários emocionais vol.4,2015,2,"15,18",mediafire.com,http://www.mediafire.com/?gr1xb1mkzh0p1s6,https://www.hominiscanidae.org/2011/11/charlie-chaplin-goveia-tortuosas.html,exact
2016 - bruxa do mangue - uma constelação de sonhos,2016,2,"10,13",mediafire.com,https://www.mediafire.com/file/1bonlx3u5f2bfyy/uma_constela%25C3%25A7%25C3%25A3o_de_sonhos.zip/file,https://www.hominiscanidae.org/2025/05/bruxa-do-mangue-uma-constelacao-de.html,exact
2017 - Sabine Holler - Hominis Canidae #85 - Junho,2017,2,"9,11",mediafire.com,http://www.mediafire.com/file/1tdodzhruhkk5kz/Sabine_Holler_-_Mother_of_Transition_%282017%29.zip,https://www.hominiscanidae.org/2017/06/sabine-holler-mother-of-transition-2017.html,exact
2018 - Catavento - Hominis Canidae #99 - Agosto,2018,2,"12,13",mediafire.com,http://www.mediafire.com/file/sfzhljxkp163hib/Catavento_-_Ansiedade_na_Cidade_%282018%29.zip,https://www.hominiscanidae.org/2018/08/catavento-ansiedade-na-cidade-2018.html,exact
"2018 - Mestre Anderson Miguel, Juçara Marçal - Hominis Canidae #96 - Maio",2018,2,"10,16",mediafire.com,http://www.mediafire.com/file/4khoe9nvh1j04fd/Mestre_Anderson_Miguel_-_Sonorosa_%282018%29.zip,https://www.hominiscanidae.org/2018/05/mestre-anderson-miguel-sonorosa-2018.html,exact
2020 - Crashkill - Hominis Canidae #120 - Maio,2020,2,"15,16",mediafire.com,http://www.mediafire.com/file/cuzoyrqfyqaf75n/Crashkill_-_Consumed_by_Biomechanics_%25282020%2529.rar/file,https://www.hominiscanidae.org/2020/05/crashkill-consumed-by-biomechanics-2020.html,exact
2020 - Flaviola - Ex Tudo,2020,2,"6,7",mediafire.com,http://www.mediafire.com/file/mj2wlyia7z2jg6j/Flaviola_-_Ex_Tudo_%25282020%2529.rar/file,https://www.hominiscanidae.org/2020/07/flaviola-ex-tudo-2020.html,exact
"2020 - M.TAKARA, CARLA BOREGAS - LINHA D'ÁGUA",2020,2,"4,5",mediafire.com,http://www.mediafire.com/?2v5zw18ulic1jh0,https://www.hominiscanidae.org/2009/09/m-takara-conta-2007.html,exact
2021 - Alex Skulla - Antimatéria,2021,2,"7,8",mediafire.com,https://www.mediafire.com/file/ur0ajofe3cfpk0e/Alex_Skulla_-_Antimat%25C3%25A9ria_%25282021%2529.rar/file,https://www.hominiscanidae.org/2022/04/alex-skulla-antimateria-2021.html,exact
2022 - Bione - Ego,2022,2,"4,8",mediafire.com,https://www.mediafire.com/file/kqm5oipc6m5ykqg/Bione+-+Ego+\(2022\,https://www.hominiscanidae.org/2022/11/bione-ego-2022.html,exact
2022 - Cianeto HC - Onde os Fracos Não Têm Vez,2022,2,"4,5",mediafire.com,https://www.mediafire.com/file/3vein729dyevv4x/Cianeto_HC_-_Onde_os_Fracos_N%25C3%25A3o_T%25C3%25AAm_Vez_%25282022%2529.rar/file,https://www.hominiscanidae.org/2022/12/cianeto-hc-onde-os-fracos-nao-tem-vez.html,exact
2022 - Davi Bandeira - INTENSO,2022,2,"4,6",mediafire.com,https://www.mediafire.com/file/ub48b56x4lefawc/Davi_Bandeira_-_INTENSO_%25282022%2529.rar/file,https://www.hominiscanidae.org/2022/11/davi-bandeira-intenso-2022.html,exact
2022 - Eduardo Arantes - Sintonia Imperfeita,2022,2,"5,7",mediafire.com,https://www.mediafire.com/file/dij1lia5cpg1m7d/Eduardo_Arantes_-_Sintonia_Imperfeita_%25282022%2529.rar/file,https://www.hominiscanidae.org/2022/07/eduardo-arantes-sintonia-imperfeita-2022.html,exact
2022 - Felipe Bedetti Bo Hilbert João Paulo Avelar Thadeu Romano Toninho Horta - Afluentes,2022,2,"6,8",mediafire.com,https://www.mediafire.com/file/p45rsai3sa78lm9/Felipe_Bedetti_-_Afluentes_%25282022%2529.rar/file,https://www.hominiscanidae.org/2022/01/felipe-bedetti-afluentes-2022.html,exact
2022 - Fernando Catatau - Fernando Catatau,2022,2,"4,7",mediafire.com,https://www.mediafire.com/file/p287jgilzsv857m/Fernando_Vasques_-_Ano_Passado_%25282022%2529.rar/file,https://www.hominiscanidae.org/2022/04/fernando-vasques-ano-passado-2022.html,exact
"2022 - Galf AC Nairobi Mistah Jordan - Anti Lock. Galf AC, Nairobi, Mistah Jordan (Prod. Traumatopia)",2022,2,"7,8",mediafire.com,https://www.mediafire.com/file/d704neacdiyjv3g/Galf_AC_ft._Nairobi%252C_Mistah_Jordan_%2528Prod._Traumatopia%2529_-_Anti_Lock_%25282022%2529.rar/file,https://www.hominiscanidae.org/2022/06/galf-ac-nairobi-mistah-jordan-prod.html,exact
2022 - Giovanna Moraes - Para Tomar Coragem,2022,2,"6,8",mediafire.com,https://www.mediafire.com/file/0q3if3im9vltlo9/Giovanna_Moraes_-_Para_Tomar_Coragem_%25282022%2529.rar/file,https://www.hominiscanidae.org/2022/10/giovanna-moraes-para-tomar-coragem-2022.html,exact
2022 - Maracatech - Nada Está Muito Longe,2022,2,"5,6",mediafire.com,https://www.mediafire.com/file/pveub6l5ptjcugp/Maracatech_-_Nada_Est%25C3%25A1_Muito_Longe_%25282022%2529.rar/file,https://www.hominiscanidae.org/2022/05/maracatech-nao-esta-muito-longe-2022.html,exact
2022 - Marina Mathey - Boneca Pau Brasil,2022,2,"3,6",mediafire.com,https://www.mediafire.com/file/fohno8rfz85y3ay/Marina_Mathey_-_Boneca_Pau_Brasil_%25282022%2529.rar/file,https://www.hominiscanidae.org/2022/11/marina-mathey-boneca-pau-brasil-2022.html,exact
2022 - Onda Errada HC - Onda Errada HC,2022,2,"3,5",mediafire.com,https://www.mediafire.com/file/2amh5040r0kkdmw/Onda_Errada_HC_%25282022%2529.rar/file,https://www.hominiscanidae.org/2022/12/onda-errada-hc-onda-errada-hc-2022.html,exact
2022 - Songy - 15 Seconds To The Existence Void,2022,2,"12,13",mediafire.com,https://www.mediafire.com/file/rj4cl1swdr6goly/Songy_-_15_Seconds_To_The_Existence_Void_%25282022%2529.rar/file,https://www.hominiscanidae.org/2022/12/songy-15-seconds-to-existence-void-2022.html,exact
2022 - The Wxlker - Retrospectiva do Brasil do Futuro,2022,2,"4,6",mediafire.com,https://www.mediafire.com/file/0kfqpujmtav0ky8/The_Wxlker_-_Retrospectiva_do_Brasil_do_Futuro_%25282022%2529.rar/file,https://www.hominiscanidae.org/2022/05/the-wxlker-retrospectiva-do-brasil-do.html,exact
2022 - trema¨ Cint Murphy - Br-Lockdown,2022,2,"9,10",mediafire.com,https://www.mediafire.com/file/ivlguso2aq9xw8o/trema¨+-+Br-Lockdown+\(2022\,https://www.hominiscanidae.org/2022/05/trema-br-lockdown-2022.html,exact
2023 - Benza - Eros V,2023,2,"6,8",mediafire.com,https://www.mediafire.com/file/a4zmvsarayqgqs4/Benza_-_Eros_V._%25282023%2529.rar/file,https://www.hominiscanidae.org/2023/06/benza-eros-v-2023.html,exact
2023 - Bruno Benitez - Disco Vivo,2023,2,"7,9",mediafire.com,https://www.mediafire.com/file/4vujj3oc8lqtxjm/Bruno_Benitez_-_Disco_Vivo_%25282023%2529.rar/file,https://www.hominiscanidae.org/2024/02/bruno-benitez-disco-vivo-2023.html,exact
2023 - Cajupitanga - farra farra (montagens e trilhas),2023,2,"5,7",mediafire.com,https://www.mediafire.com/file/lf7vvqf4ohptvna/Cajupitanga_-_farra_farra_%2528montagens_e_trilhas%2529_%25282023%2529.rar/file,https://www.hominiscanidae.org/2023/08/cajupitanga-farra-farra-montagens-e.html,exact
2023 - Cirio - Intervenção,2023,2,"5,6",mediafire.com,https://www.mediafire.com/file/adadugcxcnskmwn/Cirio_-_Interven%25C3%25A7%25C3%25A3o_%25282023%2529.rar/file,https://www.hominiscanidae.org/2023/06/cirio-intervencao-2023.html,exact
2023 - Clara Lima Rizzi Get Busy Danzo - Além,2023,2,"5,7",mediafire.com,https://www.mediafire.com/file/ga8funmyso0hz3i/Clara_Lima%252C_Rizzi_Get_Busy_-_Al%25C3%25A9m_%25282023%2529.rar/file,https://www.hominiscanidae.org/2023/02/clara-lima-rizzi-get-busy-alem-2023.html,exact
2023 - G. Paim - Sem Calor Nem Cor,2023,2,"5,6",mediafire.com,https://www.mediafire.com/file/ecvyyyxa7z7hxjm/G._Paim_-_Sem_Calor_Nem_Cor_%25282023%2529.rar/file,https://www.hominiscanidae.org/2023/06/g-paim-sem-calor-nem-cor-2023.html,exact
2023 - Gabriel Campos - 12 Meses,2023,2,"3,4",mediafire.com,https://www.mediafire.com/file/7on4e817439wteq/Gabriel_Campos_-_12_Meses_%25282023%2529.rar/file,https://www.hominiscanidae.org/2023/04/gabriel-campos-12-meses-2023.html,exact
"2023 - Giancarlo Rufatto - eu sertanejo, vol.2",2023,2,"4,5",mediafire.com,"https://www.mediafire.com/file/k71tc7emc3yonub/Giancarlo+Rufatto+-+Meu+Sertanejo,+Vol.2+\(2023\",https://www.hominiscanidae.org/2023/11/giancarlo-rufatto-meu-sertanejo-vol-1.html,exact
2023 - Kanduras - Tudo Vira Moda,2023,2,"6,8",mediafire.com,https://www.mediafire.com/file/9m3yl5gnxn9skvr/Kanduras_-_Tudo_Vira_Moda_%25282023%2529.rar/file,https://www.hominiscanidae.org/2023/07/kanduras-tudo-vira-moda-2023.html,exact
2023 - Sou Juan - Alma Livre,2023,2,"8,10",mediafire.com,https://www.mediafire.com/file/tbga6rxd0g1g6ke/Sou_Juan_-_Alma_Livre_%25282023%2529.rar/file,https://www.hominiscanidae.org/2023/10/sou-juan-alma-livre-2023.html,exact
2023 - Wagner Luther - Lados,2023,2,"7,10",mediafire.com,https://www.mediafire.com/file/7bg2np40ot5h95u/Wagner_Luther_-_Lados_%25282023%2529.rar/file,https://www.hominiscanidae.org/2023/08/wagner-luther-lados-2023.html,exact
2024 - Milenio Mc - Fazendo Barulho nas Ruas de Phb,2024,2,"3,9",mediafire.com,https://www.mediafire.com/file/9wh7mokh8d61jkc/Milenio_Mc__-_Fazendo_Barulho_nas_Ruas_de_Phb_%25282024%2529.rar/file,https://www.hominiscanidae.org/2024/05/milenio-mc-fazendo-barulho-nas-ruas-de.html,exact
2024 - Mirela Hazin - Tanto pra Dizer,2024,2,"8,11",mediafire.com,https://www.mediafire.com/file/g7xzf9mx6tx03qm/Mirela_Hazin_-_Tanto_pra_Dizer_%255B2024%255D.rar/file,https://www.hominiscanidae.org/2024/04/mirela-hazin-tanto-pra-dizer-2024.html,exact
2024 - Sabotage KAMAU Zegon DemBeats Erick Jay - Sabotage 50,2024,2,"3,4",mediafire.com,http://www.mediafire.com/file/16oufmcsf2atdqt/Sabotage_-_Sabotage_%282016%29.zip,https://www.hominiscanidae.org/2016/11/sabotage-sabotage-2016.html,exact
2024 - Subversivos - Afronte,2024,2,"4,6",mediafire.com,https://www.mediafire.com/file/z2wbw3gc11tqvi0/Subversivos_-_Afronte_%25282024%2529.zip/file,https://www.hominiscanidae.org/2024/08/subversivos-afronte-2024.html,exact
2024 - Tvkills - Manipulação em Massa,2024,2,"3,4",mediafire.com,https://www.mediafire.com/file/kxxj1pmjryfj40v/Tvkills_-_Manipula%25C3%25A7%25C3%25A3o_em_Massa_%25282024%2529.rar/file,https://www.hominiscanidae.org/2024/04/tvkills-manipulacao-em-massa-2024.html,exact
2024 - Vinil Vagabundo - Memórias do Verão Passado,2024,2,"5,6",mediafire.com,https://www.mediafire.com/file/wumt87bd25qmvv9/Vinil_Vagabundo_-_Mem%25C3%25B3rias_do_Ver%25C3%25A3o_Passado_%25282024%2529.rar/file,https://www.hominiscanidae.org/2024/05/vinil-vagabundo-memorias-do-verao.html,exact
2025 - Renegades of Punk - Gravidade,2025,2,"8,12",mediafire.com,http://www.mediafire.com/?jiavs25dvxc5ssh,https://www.hominiscanidae.org/2011/01/renegades-of-punk-ep-demo-2008.html,exact
1978 - Candeia - Axé,1978,2,"6,8",mega.co.nz,https://mega.co.nz/#!fI8VXApC!mfxSHBAQUt1uucta_4HznPv_gl4hAplPLjLuBvP7Yq4,https://www.hominiscanidae.org/2014/03/candeia-axe-1978.html,exact
2007 - Arquivo Morto - Falsa Democracia,2007,2,"9,10",mega.co.nz,https://mega.co.nz/#!iN0AHBSL!O_EIjne-uiZdG4vbB_ZckAeY6B1aXigNQ9HBwHLhzIY,https://www.hominiscanidae.org/2013/07/arquivo-morto-falsa-democracia-2007.html,exact
2009 - Pé-Preto - Pé-Preto EP,2009,2,"6,7",mega.co.nz,https://mega.co.nz/#!rZ9xiChT!I2cI4jpE7hGxHSEh0SSCFqz2XeH-ooVxgiW8Fb8m-Uc,https://www.hominiscanidae.org/2014/02/pe-preto-ep-2009.html,exact
2012 - D MinGus - Canções do Quarto de Trás,2012,2,"8,10",mega.co.nz,https://mega.co.nz/#!ORcnjBhS!4RRSZ7zwxnwCTog0Oixjc3TXwKCzc2Xcc_pBWsiJVM8,https://www.hominiscanidae.org/2012/01/d-mingus-cancoes-do-quarto-de-tras-2012.html,exact
"2013 - Os Vespas - Guitarra, Whisky & Blues",2013,2,"3,7",mega.co.nz,https://mega.co.nz/#!KQ8CBbbB!2dj-OQj8dxeuygkqu19I1bnQzjdaiEbqjbE6ckWUdEE,https://www.hominiscanidae.org/2014/03/os-vespas-guitarra-whisky-blues-2013.html,exact
2014 - A Tropa - A Tropa,2014,2,"7,9",mega.co.nz,https://mega.co.nz/#!PU0CxYbT!_viEy9CmLDV-V4DK9-NLoQTwbhlB6mn7XgblBUKDj_c,https://www.hominiscanidae.org/2014/08/a-tropa-tropa-2014.html,exact
"2014 - AQUëLES! - Um Dedinho de Prosa, Dois Dedinhos no Cu!",2014,2,"6,9",mega.co.nz,https://mega.co.nz/#!md9whbra!Zkt_DVAAbqevX4HMjI5f4VOZwaDCMqRlff6oG3vdgeE,https://www.hominiscanidae.org/2014/04/aqueles-um-dedinho-de-prosa-dois.html,exact
2014 - Abdala - galatic sem c,2014,2,"4,5",mega.co.nz,https://mega.co.nz/#!KF1RBLAI!UIiA7VkYk8QhJC-UMZ3z0MwPqWjFANVox92pUTeGSNI,https://www.hominiscanidae.org/2014/03/abdala-galatic-sem-c-ep-2014.html,exact
2014 - Elo da Corrente - Cruz,2014,2,"8,9",mega.co.nz,https://mega.co.nz/#!M4dTRDIb!nSO8Wemw6RupaFqO7l-qejwsHX2BC9n9Cbg5gwHTu28,https://www.hominiscanidae.org/2014/12/elo-da-corrente-cruz-2014.html,exact
2014 - Leo Cavalcanti - Despertador,2014,2,"5,9",mega.co.nz,https://mega.co.nz/#!rZcnQDxC!_ZSz_BEk3ptVWPO_9t681lkpEF0wnAXubdtzmZa_Kjw,https://www.hominiscanidae.org/2014/03/leo-cavalcanti-despertador-2014.html,exact
2014 - Luzialuzia - Hominis Canidae #48 - Maio,2014,2,"5,9",mega.co.nz,https://mega.co.nz/#!oJNlxTQC!gBrsjW7vxPyK5ampIgbY1Dv6kfBpVYGq8b5W3m-sMnY,https://www.hominiscanidae.org/2014/12/hominis-canidae-hitsbr-2014.html,exact
2014 - Matheus Stoshy - Música pra Viagem,2014,2,"6,7",mega.co.nz,https://mega.co.nz/#!zMEy2DRT!1QT3UX1ulTdQPyDAYgH6529HrnQFuEAP9yNRYY3D-QQ,https://www.hominiscanidae.org/2015/04/matheus-stoshy-musica-para-viagem-2014.html,exact
2014 - Mombojó - Alexandre,2014,2,"6,7",mega.co.nz,https://mega.co.nz/#!cpkmxLqT!CF-rHyrWNmkkw7naAYTLJ786funvg48WHhf2e_Jrhik,https://www.hominiscanidae.org/2014/07/mombojo-alexandre-2014.html,exact
2014 - Racionais Mc's - Cores & Valores,2014,2,"12,14",mega.co.nz,https://mega.co.nz/#!wkcxUbSY!5NPbRJ5j504rfI0bfGha4gJOHTiXH-7DW0CzPAqDJWY,https://www.hominiscanidae.org/2014/12/racionais-mcs-cores-valores-2014.html,exact
2015 - Mano F (O Revide) - A Arte de Fazer Rap,2015,2,"15,16",mega.co.nz,https://mega.co.nz/#!AhlUkazB!8ZacetBu8xxrw1RS1q2EE8Liw1ZKIwT9G3GTQIe4VnE,https://www.hominiscanidae.org/2015/01/mano-f-o-revide-arte-de-fazer-rap-2014.html,exact
2015 - Outro Mar - Outro Mar,2015,2,"3,9",mega.co.nz,https://mega.co.nz/#!KZ8iXTZD!rASYPGzmQCAfkdsYHvIGRmWkMJLDze4hssGZF35seCI,https://www.hominiscanidae.org/2015/01/outro-mar-outro-mar-2015.html,exact
1964 - Tenorio Jr - Embalo,1964,2,"7,9",mega.nz,https://mega.nz/file/pKVBBKZT#wUT2VBGjCv_usdftPmylYy9TtqhDpm-Z_wsfheC3nmo,https://www.hominiscanidae.org/2025/09/tenorio-jr-embalo-1964.html,exact
1969 - Marcos Valle - Mustang Côr de Sangue ou Corcel Côr de Mel,1969,2,"6,9",mega.nz,https://mega.nz/#!XN1E0KpY!E6Ok0h4xcIylXOhJwEJQl2oLGLQ21E-lsk0ss8VGJ9I,https://www.hominiscanidae.org/2019/04/marcos-valle-mustang-cor-de-sangue-1969.html,exact
2004 - Ludovic - Servil,2004,2,"6,7",mega.nz,https://mega.nz/#!V0VjCIhY!79BBo9c-ulAyKEnBCOA2ymeq-kcmsVnCjx2wzcqz1AY,https://www.hominiscanidae.org/2009/07/ludovic-servil-2004.html,exact
2006 - Ludovic - Idioma Morto,2006,2,"4,5",mega.nz,https://mega.nz/#!wo1mwJRZ!UpzIsH6BijTXEzGj6JJbxqJGesSb484g219jC0FWY6I,https://www.hominiscanidae.org/2009/07/ludovic-idioma-morto-2006.html,exact
2014 - Dario Julio & Os Franciscanos - Ainda Somos os Mesmos,2014,2,"7,8",mega.nz,https://mega.nz/file/cK4GQIhB#uwPf6sLhpoL7qumQmkYWtBl4qQvYkKLyWaoXIOgpfHY,https://www.hominiscanidae.org/2021/07/dario-julio-os-franciscanos-suite.html,exact
2015 - Maglore - III,2015,2,"7,10",mega.nz,https://mega.nz/file/jkNyQLwT#pyg0-btDWICCcAIGgLQrfw_gryBkdSfxXQl0-ueFepk,https://www.hominiscanidae.org/2022/09/maglore-v-2022.html,exact
2015 - Tom Custódio da Luz - Confronto,2015,2,"4,7",mega.nz,https://mega.nz/#!KMEDEZbC!Hs0RlUmiucT58DMbpUCwOUPqvfQvd0tt_t66RWMOKg4,https://www.hominiscanidae.org/2015/12/tom-custodio-confronto-2015.html,exact
2016 - Metá Metá - MM3,2016,2,"4,6",mega.nz,https://mega.nz/#!vEUlHRgA!WFxgx5S882azF3j7k7K4QiWW9MdaWJol1roUu848LYg,https://www.hominiscanidae.org/2016/05/meta-meta-mm3-2016.html,exact
2017 - Èkó Afrobeat - Èkó Afrobeat,2017,2,"6,8",mega.nz,https://mega.nz/#!dgsgjKAA!BKOlcyjwq_FSAWDWF7sxxxgZtUUQWRx1leu7xMWOJT8,https://www.hominiscanidae.org/2018/06/eko-afrobeat-eko-afrobeat-2017.html,exact
2018 - Alaska - Ninguém Vai Me Ouvir,2018,2,"6,12",mega.nz,https://mega.nz/#!58USgCBY!KNIPGL372EdS02m0nxQHEIU6LMQQ15LgJaU6gsi6Ezs,https://www.hominiscanidae.org/2019/01/alaska-ninguem-vai-me-ouvir-2018.html,exact
"2018 - Alquifonia, Michel de Moura - Palavra Não",2018,2,"4,6",mega.nz,https://mega.nz/#!F8dk0JiD!nwF9KOp7sk4OdVubSMd3nsJcgXi5Lf8rFE_Bq_Et1Kc,https://www.hominiscanidae.org/2018/06/alquifonia-palavra-nao-2018.html,exact
2018 - BK - Gigantes,2018,2,"7,11",mega.nz,https://mega.nz/#!tpd1HKhZ!ei8tKsUs6rna5N70sISYmj0ftOwbEa-Aaix52HsN8Uw,https://www.hominiscanidae.org/2018/11/bk-gigantes-2018.html,exact
"2018 - Cacá Machado, Mateus Aleluia - Sibilina",2018,2,"8,9",mega.nz,https://mega.nz/#!o1MERYDL!wi6RJyXUfiSZq0PEmhuVx_e4XQhoI_EF69zKR-3K_CY,https://www.hominiscanidae.org/2018/09/caca-machado-sibilina-2018.html,exact
2018 - Crespo - A Estética da Dúvida,2018,2,"3,4",mega.nz,https://mega.nz/#!MhtWTQqK!wXwYL53W6hnujmihLPJ6WBEO07wZcaIw7-V3NBbrwis,https://www.hominiscanidae.org/2018/10/crespo-estetica-da-duvida-2018.html,exact
2018 - François Muleka - Couragem,2018,2,"8,9",mega.nz,https://mega.nz/#!o41G1YSB!4EQrGKkJCHJq3lztbh5Zxg16ZryH0hYCW3tr3h2gMm8,https://www.hominiscanidae.org/2019/05/francois-muleka-couragem-2018.html,exact
"2018 - Gilú Amaral, Hugo Lins, Erica Natuza - Peji",2018,2,"7,8",mega.nz,https://mega.nz/#!osk1QCKQ!BaXiJGJvypHlmmNE_ioE35Ad6hm-cmxtHsr9FZXu3tU,https://www.hominiscanidae.org/2018/12/gilu-amaral-peji-2018.html,exact
"2018 - Guizado, Negro Leo, Sandra Coutinho, Negro Léo - O Multiverso Em Colapso",2018,2,"6,9",mega.nz,https://mega.nz/#!NsU0BKYZ!fMXn86PP3ZFdx7NQaskdwVtW8dbXzjRoJYa6sCEkE7I,https://www.hominiscanidae.org/2018/12/guizado-o-multiverso-em-colapso-2018.html,exact
"2018 - Lauro Aires - Centropia, Vol. 2",2018,2,"4,7",mega.nz,https://mega.nz/#!Rh0lwTLS!i3-hKbWhi7odt2cdXqyLrXi88GOLOeH-vbTaezuATeg,https://www.hominiscanidae.org/2018/04/lauro-aires-centropia-vol-2-2018.html,exact
2018 - Os Dentes - Sideral,2018,2,"10,12",mega.nz,https://mega.nz/#!lslCADbZ!e0_l_Nf8Er-6R3y1ghEGSz075XaRkwLIMLOSzzQzArs,https://www.hominiscanidae.org/2018/06/os-dentes-sideral-2018.html,exact
2018 - Rogerio Skylab - Nas Portas do CU,2018,2,"6,11",mega.nz,https://mega.nz/#!5tsjUSQD!ayqR_zFreLSiZIG4e7YbutqchScbfb70caUGMZU3iWs,https://www.hominiscanidae.org/2019/01/rogerio-skylab-nas-portas-do-cu-2019.html,exact
2019 - Acidental - Grandes Momentos 2015-2018,2019,2,"14,15",mega.nz,https://mega.nz/#!lktjiCoJ!jtzK3LpnpATS0gPLwpR_O20tAAlx4L9dpSKxDojYJGc,https://www.hominiscanidae.org/2019/06/acidental-grandes-momentos-2015-2018.html,exact
2019 - Aláfia - Liturgia Samba Soul,2019,2,"10,12",mega.nz,https://mega.nz/#!gwF1zIaC!1-iEnHymRxiZXLh-1aLL_VpsQ-JrCkXYHnkqG0Q1N2Q,https://www.hominiscanidae.org/2019/10/alafia-liturgia-samba-soul-2019.html,exact
2019 - Amiri - O.N.F.K,2019,2,"8,9",mega.nz,https://mega.nz/#!JlEiwaob!GCkjZyt9ArMijIKNj3rITM3ELVc4KLfq3dQLD2hLmDQ,https://www.hominiscanidae.org/2019/12/amiri-onfk-2019.html,exact
2019 - Dead Fish - Ponto Cego,2019,2,"4,10",mega.nz,https://mega.nz/#!xoFX0CAC!aDa3_ufABdHZ47rsW8d71MnbFbIiE9znkxm2O46e0tM,https://www.hominiscanidae.org/2019/07/dead-fish-ponto-cego-2019.html,exact
2019 - Delia Fischer - Tempo Mínimo,2019,2,"5,11",mega.nz,https://mega.nz/#!40dQDCBA!8QUHbmLcGe6VSXdNxKr-NWCMImPKCLZu-RsAz2HBTyA,https://www.hominiscanidae.org/2019/05/delia-fischer-tempo-minimo-2019.html,exact
2019 - Jai Mahal - Imperatriz Assassina,2019,2,"6,7",mega.nz,https://mega.nz/#!Zp9E0STY!5D92dOz2PZvQZ9RHy2DVYUiVOZUeBrTZ6sxIvdlUQwM,https://www.hominiscanidae.org/2019/05/jai-mahal-e-os-pacificos-da-ilha.html,exact
2019 - Lia de Itamaraca - Ciranda Sem Fim,2019,2,"4,9",mega.nz,https://mega.nz/#!U4tCWYYY!wVMaIAM86np9OhsyJGJYqERVeVjqVNuK0tDOHQg4qMY,https://www.hominiscanidae.org/2019/12/lia-de-itamaraca-ciranda-sem-fim-2019.html,exact
2019 - Marina Iris - Voz Bandeira,2019,2,"6,7",mega.nz,https://mega.nz/#!11cyBKBY!FOnoWDQrAWJvFiyNor5hy3P_z7ul_BkOlKk6jGWDsQg,https://www.hominiscanidae.org/2019/12/marina-iris-voz-bandeira-2019.html,exact
"2019 - Marsara - Silêncio, Ruído",2019,2,"8,9",mega.nz,https://mega.nz/#!BtUwnIDa!Avmzbs4bDknvrjnQgpJ-uCe2CeAycU-qrBF3gcf4oxw,https://www.hominiscanidae.org/2019/05/marsara-silencioruido-2019.html,exact
2019 - Montanas Trio - Serviço Comunitário,2019,2,"9,10",mega.nz,https://mega.nz/#!pw0SEQAD!osXWSp-2D5vaBv-KqgLGtNKX102HrswfKwmJxrR-gLk,https://www.hominiscanidae.org/2019/02/montanas-trio-servico-comunitario-2019.html,exact
2019 - Mário Wamser - Incertezão,2019,2,"4,8",mega.nz,https://mega.nz/#!Ixt3jY4L!sryazl-fxcLIZhm2CwgTOTIMu8EMTy6xM16RhlhSgkw,https://www.hominiscanidae.org/2019/10/mario-wamser-incertezao-2019.html,exact
"2019 - Nill, O Adotado - Lógos",2019,2,"7,10",mega.nz,https://mega.nz/#!AwdVlAAB!beBg_BNbr-3zfItN7aEWu-4y987JrvdnI9LzYOKB2g0,https://www.hominiscanidae.org/2019/09/nill-logos-2019.html,exact
2019 - O Terno - atrás além,2019,2,"4,6",mega.nz,https://mega.nz/#!A4FAhS7K!B_e9K2tXnABiJmT5hTQUJenlYrLwUME-nvzsco7oLNc,https://www.hominiscanidae.org/2019/05/o-terno-2019.html,exact
"2019 - Pélico - Quem Me Viu, Quem Me Vê",2019,2,"4,8",mega.nz,https://mega.nz/#!YpcE1Kga!PJKwQ3V3xwrmPocC1JDzAHhrh5NZCQu_pA4bvaWsgys,https://www.hominiscanidae.org/2019/11/pelico-quem-me-viu-quem-me-ve-2019.html,exact
"2019 - RAP NOVA ERA, Rap Nova Era, Dj Cia, Yzalú, DJ CIA - Renovação",2019,2,"5,11",mega.nz,https://mega.nz/#!k8shmSJT!9URcSf6p-mOfhtbtCviy5YdNVQxfXwGvTLQ_vXB13ZY,https://www.hominiscanidae.org/2019/09/rap-nova-era-renovacao-2019.html,exact
2019 - Rubens da Selva - Existe um Cachorro Faminto na Minha Barriga Latindo pra Você,2019,2,"4,5",mega.nz,https://mega.nz/#!x1kVDIqQ!Pv7KyRBBikGL2oI_ez2eLvDXHOB4bzHxZZ3GFo5XTb0,https://www.hominiscanidae.org/2019/08/rubens-da-selva-existe-um-cachorro.html,exact
2019 - Storen - Espectro,2019,2,"6,9",mega.nz,https://mega.nz/#!wldGhIoS!aKm7qmXQBmWySQ30M6oz7mMQoBzW8DDvr4lIwLuxkuA,https://www.hominiscanidae.org/2019/05/storen-espectro-2019.html,exact
"2019 - Thiago Elniño, Natache - Pedras, Flechas, Lanças, Espadas e Espelhos",2019,2,"5,6",mega.nz,https://mega.nz/#!lhVE2aaK!rs_wau0KqgzXGGl-o3NQSQnBhsfLy0kCVTXFeyhhiK8,https://www.hominiscanidae.org/2019/09/thiago-elnino-pedras-flechas-lancas.html,exact
2019 - Thiago Hoover - Aurora Boreal,2019,2,"7,8",mega.nz,https://mega.nz/#!R5cyESiJ!AHf4rWSd8aYYF9wBtawQ7j3qxMi78psuR_dAdpPYhFg,https://www.hominiscanidae.org/2019/07/thiago-hoover-aurora-boreal-2019.html,exact
2019 - Tita Lima - Titanium,2019,2,"7,8",mega.nz,https://mega.nz/#!d8tGWarC!b27BAZLh0d7Vt_C6XGclvpo8HjpMV_QbbhLrFfSen6I,https://www.hominiscanidae.org/2019/07/tita-lima-titanium-2019.html,exact
2019 - Zander - Vivo,2019,2,"10,11",mega.nz,https://mega.nz/#!h4UBGQwB!Rvcd0Ppu2E9UtHxSR3PRGnpo2jTvHFnScPg4u3RSr7c,https://www.hominiscanidae.org/2019/11/zander-vivo-2019.html,exact
"2020 - Caetano Veloso, Ivan Sacerdote - Caetano Veloso & Ivan Sacerdote",2020,2,"4,5",mega.nz,https://mega.nz/#!40UghIBT!msB76ZbSRBSo6r87spqgibuvaGcZnfnwurNKPu45Iho,https://www.hominiscanidae.org/2020/02/caetano-veloso-caetano-veloso-ivan.html,exact
"2020 - Edi Rock - Origens Parte 2 - Ontem, Hoje e Amanhã",2020,2,"9,12",mega.nz,https://mega.nz/file/UG52nQYT#Kb9yUIWITFtE4bMTdwKKnQJFq-0gAi24eHZ2jL0CBgY,https://www.hominiscanidae.org/2020/11/edi-rock-origens-parte-2-ontem-hoje-e.html,exact
2020 - Estevão Lobo - Latino Nativo,2020,2,"4,6",mega.nz,https://mega.nz/file/E8lRiQwJ#IDoEtfhUDbc2BRnKl-aztBULiriHa9Ttj98aVRwUax4,https://www.hominiscanidae.org/2020/04/estevao-lobo-latino-nativo-2020.html,exact
2020 - Florais Da Terra Quente - Florais da Terra Quente,2020,2,"5,7",mega.nz,https://mega.nz/file/YOBDgYpY#pR1qV5tPHM8KM6Y01kcCHMXu8WVxch3UZfZXOIPx89E,https://www.hominiscanidae.org/2020/12/florais-da-terra-quente-florais-da.html,exact
2020 - Grupo Porco - O Futuro Vai Ser Pior,2020,2,"13,14",mega.nz,https://mega.nz/file/dTxChALL#_zjXx-OCTVkzkC4t28xsO9UwQSO-pR_Jv_VmYnavgRM,https://www.hominiscanidae.org/2021/01/grupo-porco-o-futuro-vai-ser-pior-2020.html,exact
2020 - Marina Silva - O Caótico Jazz Tropical de Marina Silva,2020,2,"4,5",mega.nz,https://mega.nz/file/JbYAgRAK#0DxjOxBnwqGFmH9H7Stn8uKFrHykpCX3Vjq9il4L6og,https://www.hominiscanidae.org/2021/01/marina-silva-o-caotico-jazz-tropical-de.html,exact
"2020 - Murica, BEATDOMK - Sede",2020,2,"4,8",mega.nz,https://mega.nz/file/190BwaZZ#mLGABL_9wDLOoKTUoKgn3BXmwJLUJRsvc8i_gXOrI-M,https://www.hominiscanidae.org/2020/09/murica-sede-2020.html,exact
"2020 - O Janus, Victor Souza, Heber Lemos - A Utopia Modular no Universo de Janus",2020,2,"4,5",mega.nz,https://mega.nz/file/oT4HnIYa#qsYkUCtu8gQwnkOp0Bbua7EpbHWL0RRk2fFjADTdkyQ,https://www.hominiscanidae.org/2020/11/o-janus-utopia-modular-no-universo-de.html,exact
2020 - Priscilla Ermel - Origens Da Luz,2020,2,"7,12",mega.nz,https://mega.nz/#!M5tilILI!MfGb7ijd6xLTrZVnoCyzDx8e8omjjzhjLBjOCjMZML8,https://www.hominiscanidae.org/2020/03/priscilla-ermel-origens-da-luz-2020.html,exact
2020 - Rodrigo Novo - Sítio,2020,2,"8,10",mega.nz,https://mega.nz/file/wfQBzKSC#51jxcX1IlYiBEn4zd17HiKFinc6tBz7VhuhSx1rFtY4,https://www.hominiscanidae.org/2020/11/rodrigo-novo-sitio-2020.html,exact
2020 - Roseane Santos - Fronteiriça,2020,2,"7,8",mega.nz,https://mega.nz/file/dGwAFT7B#pZyTS9bkTD6mCXSjDTPj_NW5J8qVMu8SIOOu51Dag6Y,https://www.hominiscanidae.org/2020/11/roseane-santos-fronteirica-2020.html,exact
2022 - $ifrão & Mopho - Firme,2022,2,"5,7",mega.nz,https://mega.nz/file/MKx23YJY#p_g99PF7TUcjxx1g1UlnymyCBVHyJ76JC8g3s67tc3Y,https://www.hominiscanidae.org/2022/01/ifrao-firme-2022.html,exact
2022 - Afrocidade - Vivão,2022,2,"3,9",mega.nz,https://mega.nz/file/ET4gGRKY#oOWoEpCq8tGSNriAJIddouTrOTHSPBVuIREVqxBXyAk,https://www.hominiscanidae.org/2022/02/afrocidade-vivao-2022.html,exact
2022 - Amargo - Amargo 1,2022,2,"4,6",mega.nz,https://mega.nz/file/61MzDYzZ#J8q6ekH-Ol53R9K-dP7I2X3RE9YlCHsSyqt41zEv35s,https://www.hominiscanidae.org/2022/06/amargo-amargo1-2022.html,exact
2022 - Ariel - Ariel,2022,2,"5,9",mega.nz,https://mega.nz/file/74UBEDJb#8TN1zbbYQv00IRQ6OPHbU8v2mmRi18N4V7hGh2pAny8,https://www.hominiscanidae.org/2022/06/ariel-ariel-2022.html,exact
2022 - Atalhos - A Tentação do Fracasso,2022,2,"5,6",mega.nz,https://mega.nz/file/7psFBZoR#cJSwLB_IW2ToG_UO-RFeqfLp731tdNTh-rfg21YgRqo,https://www.hominiscanidae.org/2022/03/atalhos-tentacao-do-fracasso-2022.html,exact
2022 - Autoramas - Autointitulado,2022,2,"9,11",mega.nz,https://mega.nz/file/9LpQDSiJ#Jkygq1kubhgHBeb5jq004ye9B0kHvLEh-9E5AZ82JLg,https://www.hominiscanidae.org/2022/02/autoramas-autointitulado-2022.html,exact
2022 - Bel medula luczan - Abala Ladaia,2022,2,"4,9",mega.nz,https://mega.nz/file/W5MC0DIL#hBENavem8vOCvB5rzPfoFVWMyLXzjzs-3-zmrP_AHLY,https://www.hominiscanidae.org/2022/07/bel-medula-luczan-abala-ladaia-2022.html,exact
2022 - Black Pantera - Ascensão (Deluxe Edition),2022,2,"5,6",mega.nz,https://mega.nz/file/9foTVbrZ#7OX7wB_S3bXP-2SRDM8t-A8Tmob-FZbBSRm06MbKgA8,https://www.hominiscanidae.org/2023/05/black-pantera-ascensao-deluxe-edition.html,exact
2022 - Bruno Capinan - Tara Rara,2022,2,"7,9",mega.nz,https://mega.nz/file/b5cQiCjT#xTfn1mRXYKeNZmeo1SV62YRt8m18HDAETUjdoz2tBIs,https://www.hominiscanidae.org/2022/05/bruno-capinan-tara-rara-2022.html,exact
2022 - Cadu Pereira - Vendo o Mundo,2022,2,"3,4",mega.nz,https://mega.nz/file/vpVUCBTL#1yJo82m5LSo3GMZ6orK-PERMEEoXV1Tli08hAgsUeT8,https://www.hominiscanidae.org/2023/01/cadu-pereira-vendo-o-mundo-2022.html,exact
2022 - Ciro Belluci - Recanto,2022,2,"9,10",mega.nz,https://mega.nz/file/ugVSBLSZ#N2DDhNvK_rYFwh6hi39HutrLUAGb1MJ6MyzyXt0BsVc,https://www.hominiscanidae.org/2022/07/ciro-belluci-recanto-2022.html,exact
2022 - Danty - Primeiro Ato,2022,2,"6,10",mega.nz,https://mega.nz/file/e592RYYL#fq_7J-gjK2NoEXtWivyo2USYjAqQbll2doQbbZobCLI,https://www.hominiscanidae.org/2022/12/danty-primeiro-ato-2022.html,exact
"2022 - Dieguito Reis, Lau e Eu & Martin Mendonça - Verão na Cidade Sem Mar",2022,2,"4,7",mega.nz,https://mega.nz/file/D4dWgIjB#KNHjLntAJI9vrcdp-MnpokuBunzjsncyf46hi58uFt0,https://www.hominiscanidae.org/2022/05/dieguito-reis-verao-na-cidade-sem-mar.html,exact
2022 - Djonga Coyote Beatz - O Dono do Lugar,2022,2,"9,10",mega.nz,https://mega.nz/file/b9sjWRSJ#DCc_A0SrabGgghRqjWypm8CtfcmgsNuevHien1vY1Xg,https://www.hominiscanidae.org/2022/12/djonga-o-dono-do-lugar-2022.html,exact
2022 - Engrenagem Urbana - Primeira Linha,2022,2,"4,8",mega.nz,https://mega.nz/file/ukUgmL4I#_ffdeomkhl8A34F-R8YAO5XrbIX31YMZzAUIpLgKKfI,https://www.hominiscanidae.org/2022/09/engrenagem-urbana-primeira-linha-2022.html,exact
2022 - Eu Jonatha Mermo - Se Eu Tivesse uma Banda,2022,2,"5,7",mega.nz,https://mega.nz/file/L0MBWJrT#Br2L7vOPK_dwAUv_3TkW2IYN6n7mojf9Q0DJVFvcLfk,https://www.hominiscanidae.org/2022/04/eu-jonatha-mermo-se-eu-tivesse-uma.html,exact
2022 - Jair Naves - Ofuscante A Beleza Que Eu Vejo,2022,2,"6,9",mega.nz,https://mega.nz/file/r4tWjRQI#nj32fbUMSi81hOJH3_XaUE56FXXDn-nSEEB5rvVvefs,https://www.hominiscanidae.org/2022/06/jair-naves-ofuscante-beleza-que-eu-vejo.html,exact
2022 - Maranda - Tudo Até Agora,2022,2,"7,8",mega.nz,https://mega.nz/file/Ds03FBQI#_CeUDAgMgAEtYFIN4zQu7pU8mPKtJCCERDP7WETWSs4,https://www.hominiscanidae.org/2022/07/maranda-tudo-ate-agora-2022.html,exact
"2022 - Marcola Bituca - Galo, A Ciência do Tambor",2022,2,"5,8",mega.nz,https://mega.nz/file/3xtgDJyQ#RTU4XXbMZTpWtT6S0jpR__UvQeKSf5UZgy-gp9dbpkM,https://www.hominiscanidae.org/2022/04/marcola-bituca-galo-ciencia-do-tambor.html,exact
2022 - Munha da 7 - LIXO,2022,2,"3,4",mega.nz,https://mega.nz/file/ROBhgAoI#IG7jrUPq89UNIqsyuc3gBjIQpaW04mJpx340VVeTpBA,https://www.hominiscanidae.org/2022/02/munha-da-7-lixo-2022.html,exact
2022 - Ombu - Certas Idades,2022,2,"6,9",mega.nz,https://mega.nz/file/GxEzXSxa#1zuokBnEVYp08kQGodMWG9DLqogvv48W3gD5YSOjsmo,https://www.hominiscanidae.org/2022/09/ombu-certas-idades-2022.html,exact
2022 - Organoclorados - Saudade da Razão,2022,2,"4,7",mega.nz,https://mega.nz/file/XgkiFY5b#J4PvbSAPgLJkqxoUXtDGsEaSicXqkW0c3I_KXJ9D7_g,https://www.hominiscanidae.org/2022/04/organoclorados-saudades-da-razao-2022.html,exact
2022 - Otto - Canicule Sauvage,2022,2,"8,10",mega.nz,https://mega.nz/file/i9EgXTBZ#Hm6OKqvMWoJfU56cNs_CNo6KEAHNyTbt0bpuTJsjwqk,https://www.hominiscanidae.org/2022/05/otto-canicule-sauvage-2022.html,exact
2022 - Pedro Indio Negro - Livrai-nos Do Mal,2022,2,"5,7",mega.nz,https://mega.nz/file/v19CGKpT#3Ikv4acBW4mLV9gZa8njI5iVcYGFy_ZGKKF5R9-lr-w,https://www.hominiscanidae.org/2022/11/pedro-indio-negro-livrai-nos-do-mal-2022.html,exact
2022 - PeladOS - Foi Mal,2022,2,"10,11",mega.nz,https://mega.nz/file/OpkwlBCa#ZnhmVsvv-CrVN6NipHCRLDqjPTpoDxAhMGp_wg8a2g4,https://www.hominiscanidae.org/2022/11/pelados-foi-mal-2022.html,exact
2022 - Planet Hemp Marcelo Yuka - JARDINEIROS,2022,2,"10,13",mega.nz,https://mega.nz/file/ehNwlJ4L#XPpaJAwBOYxWQBhFJOuQofVVsSSS-RPuepo7XrUoCPY,https://www.hominiscanidae.org/2022/11/planet-hemp-jardineiros-2022.html,exact
2022 - ProjetoNave Caco Pontes - Órbita,2022,2,"3,6",mega.nz,https://mega.nz/file/39lUzSTI#grLpNutZK5KdPW8u9ygrITlxdCZ_xdfgV5nYLDHPgcE,https://www.hominiscanidae.org/2022/10/projetonave-caco-pontes-orbita-2022.html,exact
2022 - Rota de Pedestre - Nós Nessa Cidade,2022,2,"5,6",mega.nz,https://mega.nz/file/G9lEEapB#TTpyRGOxJaCNlxTBA3AM5Zuv18ieZE5O1QB64bissCQ,https://www.hominiscanidae.org/2022/12/rota-de-pedestre-nos-nessa-cidade-2022.html,exact
2022 - Sintony - Sintony na Área,2022,2,"8,9",mega.nz,https://mega.nz/file/LkcBWALS#BbW7EFZ85xEzTCgVsI7XBRY7CSrDbEqP7QdI6t5enz4,https://www.hominiscanidae.org/2022/06/sintony-sintony-na-area-2022.html,exact
2022 - The Outs - Onde Tudo Se Encontra,2022,2,"6,10",mega.nz,https://mega.nz/file/TwUEwShA#2KqLjGyXOw4lnxL5zwjEDndTCXb_qWihMz1ne_Va23Q,https://www.hominiscanidae.org/2022/11/the-outs-onde-tudo-se-encontra-2022.html,exact
2022 - Triz - Triz,2022,2,"6,9",mega.nz,https://mega.nz/file/ypsxXb4J#PosSjZcGyIX7u2byxgtDrHE3NRpvylAgsorww-O6B_E,https://www.hominiscanidae.org/2022/10/triz-triz-2022.html,exact
2022 - Tulipa Ruiz - Habilidades Extraordinárias,2022,2,"6,7",mega.nz,https://mega.nz/file/O98B3SDB#dDe1COm4GWO7aOc-r8ASk1bt-4O4cPXj8QEkP40_9MQ,https://www.hominiscanidae.org/2022/10/tulipa-ruiz-habilidades-extraordinarias.html,exact
2022 - Urias - FÚRIA,2022,2,"7,11",mega.nz,https://mega.nz/file/UH4HxAYC#rcMom4OAp0oHIAzOioO3y6a6OqjDhbv-EZIjz2H6giQ,https://www.hominiscanidae.org/2022/02/urias-furia-2022.html,exact
2022 - Wil Cor - Baladas Negras de Amor e Insistência,2022,2,"5,6",mega.nz,https://mega.nz/file/bhVEgYpC#qBJYGt4C5AGluG2SD8_Z0gME01N4DNd7U4mJBz24-WQ,https://www.hominiscanidae.org/2022/04/wil-cor-baladas-negras-de-amor-e.html,exact
2022 - Wry - Aurora,2022,2,"5,10",mega.nz,https://mega.nz/file/z80DUYoA#NCBrdRlJcJor7IxH0kVgjCPvQtDAArG5lRY25H0Pex4,https://www.hominiscanidae.org/2022/12/wry-aurora-2022.html,exact
2023 - Akira Presidente Barba Negra - As Incríveis Histórias De Underground Superhero Vs o Terrível Ladrão de Loops,2023,2,"8,9",mega.nz,https://mega.nz/file/QCQkDL4C#4jNJYqMN3gC43Boe5oP4iviSuzavJSJNA662Wl9fG9E,https://www.hominiscanidae.org/2023/07/akira-presidente-barba-negra-as.html,exact
2023 - Belagio - Entradas Para Sair,2023,2,"3,4",mega.nz,https://mega.nz/file/AHY0hQpb#UNZ77cK5XZhnsySvpgeCy4NhiFeAtHeqBDqvYdbQo5Y,https://www.hominiscanidae.org/2023/09/belagio-entradas-para-sair-2023.html,exact
2023 - Beli Remour & A.X.L - Cantigas para Não Dormir no Ponto (Mixtape),2023,2,"8,11",mega.nz,https://mega.nz/file/RKIjRSBS#CJLGRqF5HES1ZZcqa2GBno7_5D0tSTJKily9M0--Uj8,https://www.hominiscanidae.org/2023/06/beli-remour-cantigas-para-nao-dormir-no.html,exact
2023 - Canto Cego - Canto Cego,2023,2,"7,11",mega.nz,https://mega.nz/file/Jbw2UIzI#DDpPG7ryerCqztZmioUZQSnDXUeTDTVmx0T3gh18HJE,https://www.hominiscanidae.org/2023/08/canto-cego-canto-cego-2023.html,exact
2023 - Castellucci - Lembranças,2023,2,"6,7",mega.nz,https://mega.nz/file/a9sm1QLK#rcHSKMSGixHW5ulXO73s_5NIFom4V5_wRMgGC7uctvk,https://www.hominiscanidae.org/2023/03/castellucci-lembrancas-2023.html,exact
2023 - DUDA BEAT Trevo - T3 4M0 L4 F0R4 RMX,2023,2,"7,8",mega.nz,https://mega.nz/file/ytEWmQpT#tsum1x1pxj1FhcXpLLQYkQuJAtBlN_p7giUDeEaiWLE,https://www.hominiscanidae.org/2023/03/duda-beat-t3-4m0-l4-f0r4-rmx-2023.html,exact
2023 - Djonga - Inocente Demotape,2023,2,"4,7",mega.nz,https://mega.nz/file/pe5lCbLD#hlPSNs6ujMZQK-M5sgNhSxNX9HjuYHUjBR_aP_HpklY,https://www.hominiscanidae.org/2023/10/djonga-inocente-demotape-2023.html,exact
2023 - Felipe Neiva - Tanto Re-Imagined,2023,2,"3,4",mega.nz,https://mega.nz/file/rhtCVAjD#8IdATXanVahsHASlllzocR1lmb_VC9CM_bzXi0ujpqE,https://www.hominiscanidae.org/2023/03/felipe-neiva-tanto-re-imagined-2023.html,exact
2023 - Fleezus - OFF MODE,2023,2,"8,11",mega.nz,https://mega.nz/file/se5lGCLB#TO7mpxzEe3tzXGRdx6i7VlnU6-9s49lCmoqQBAlpdT4,https://www.hominiscanidae.org/2023/09/fleezus-off-mode-2023.html,exact
2023 - Guhhl Zae France Ps - REAL R&B,2023,2,"12,14",mega.nz,https://mega.nz/file/haJVyJYA#Ps-byICVgETGFy8XiAGRzrWAakhbkQD-df74AhFeHGo,https://www.hominiscanidae.org/2023/12/guhhl-real-r-2023.html,exact
2023 - Holger - Más Línguas,2023,2,"6,8",mega.nz,https://mega.nz/file/gLBRSSoA#b4Y9lUyjpeLWDe0ASFu7EQM2kLntTTqs1talgTocCOU,https://www.hominiscanidae.org/2023/08/holger-mas-linguas-2023.html,exact
2023 - Hugo Dos Santos - Mordendo a Flor,2023,2,"4,7",mega.nz,https://mega.nz/file/q0U0VIDT#PKzwX6HMjWGbqvJk-ReMmX62ZtHmyr7Xw4gQDzBUmOY,https://www.hominiscanidae.org/2023/02/hugo-dos-santos-mordendo-flor-2023.html,exact
2023 - Juliano Gauche - Tenho acordado dentro dos sonhos,2023,2,"3,5",mega.nz,https://mega.nz/file/mgNgVS6B#qk4pQ8PLE65hXSVDUr91MF_Fa6gZ3wMr4occbT6sY0c,https://www.hominiscanidae.org/2023/04/juliano-gauche-tenho-acordado-dentro.html,exact
2023 - Julico - Onirikum,2023,2,"6,12",mega.nz,https://mega.nz/file/BGQgDRaC#ChXCQ7jJqthiDS9RIOoW10zBjqQtlgP2mnpkqcJMbRc,https://www.hominiscanidae.org/2023/10/julico-onirikum-2023.html,exact
2023 - LEALL Rock Danger Babidi - Eu Ainda Tenho Coração,2023,2,"8,10",mega.nz,https://mega.nz/file/FGJy3ICR#uPhJVzVf7VIfBFkINy9cgwxDGP92r1ToCjWcx-h3ePQ,https://www.hominiscanidae.org/2023/12/leall-rock-danger-eu-ainda-tenho.html,exact
2023 - Letrux - Letrux como Mulher Girafa,2023,2,"11,15",mega.nz,https://mega.nz/file/9GpjCLLL#6GhMSbIyq_K1ANqd5E_8_gUTMzLNzwJvzYrFhAonyjc,https://www.hominiscanidae.org/2023/09/letrux-letrux-como-mulher-girafa-2023.html,exact
2023 - Logri - Transcender,2023,2,"7,8",mega.nz,https://mega.nz/file/5O4wGZYQ#XBkSM78FO4f8ePJoeTW3RJqQ6RlxRy6wLqTP5sDEz7E,https://www.hominiscanidae.org/2024/02/logri-transcender-2023.html,exact
2023 - Loreta Colucci - Antes Que Eu Caia,2023,2,"6,7",mega.nz,https://mega.nz/file/xGBk2AAD#iQFKPEgT-SNL6KtIXhMmzejOPSqPMDlxxixVsyM1X-A,https://www.hominiscanidae.org/2023/09/loreta-colucci-antes-que-eu-caia-2023.html,exact
2023 - Mahmundi - Amor Fati,2023,2,"3,8",mega.nz,https://mega.nz/file/Fb4FlLya#oPnVdFhsM9IFP3EEJXLQR-T-uNparL2ajqkuOYcuKhg,https://www.hominiscanidae.org/2023/05/mahmundi-amor-fati-2023.html,exact
2023 - Maria Luiza Jobim - Azul,2023,2,"7,8",mega.nz,https://mega.nz/file/YCAk0Jwb#dsA45pFQ2vVa7uS0d3fNW29eKCTtkgVIHJn6ehw9-0I,https://www.hominiscanidae.org/2023/07/maria-luiza-jobim-azul-2023.html,exact
2023 - Marimbando - Tempo,2023,2,"4,5",mega.nz,https://mega.nz/file/lSBk2YRQ#Z-lFTtNZQqt7bvNyWjEbq7j2spzKO6HcgIHFH7Hx0yw,https://www.hominiscanidae.org/2023/12/marimbando-tempo-2023.html,exact
2023 - Matucana - Barulho na Rua do Sossego,2023,2,"3,7",mega.nz,https://mega.nz/file/0C4iVQzL#874P1BWjmxSSbXm-FRoqaMCtZL7sydvwJTGsT7jOgt0,https://www.hominiscanidae.org/2023/12/matucana-barulho-na-rua-do-sossego-2023.html,exact
2023 - OvelhaNegra Pamelloza - Raiou,2023,2,"5,6",mega.nz,https://mega.nz/file/EXgG2TIR#wHu10MRDneTsIdwMevXldKy-mEAOtjeI4gDyIPMdgAY,https://www.hominiscanidae.org/2024/01/ovelhanegra-raiou-2023.html,exact
"2023 - Plebe Rude - Evolução, Vol. 2",2023,2,"10,13",mega.nz,https://mega.nz/file/TgUiTQRR#JeTY9CV47KleAqZKb4esO6bV7pFMyD-xsLrtCKqeUrg,https://www.hominiscanidae.org/2023/04/plebe-rude-evolucao-vol-2-2023.html,exact
2023 - Pratagy - Curado ou Distraído,2023,2,"3,4",mega.nz,https://mega.nz/file/RS4jmJ4a#NJlCsYRMFnfRch02ZJB6CJgYD7AicB2vI0P2zCb_HpA,https://www.hominiscanidae.org/2023/12/pratagy-curado-ou-distraido-2023.html,exact
2023 - Rafa Noleto - Cantositor,2023,2,"8,13",mega.nz,https://mega.nz/file/6t03SaLQ#VuEb21IeXGXucTri2Ge8q46NAy3ZY0e7clJzUiNYRSY,https://www.hominiscanidae.org/2023/04/rafa-noleto-cantositor-2023.html,exact
2023 - Rodrigo Zin - Invasor,2023,2,"6,8",mega.nz,https://mega.nz/file/9TQkiRQZ#u3S7DifCLYjiehPXLept9_dayX2oL9lyPczp9vM8c7g,https://www.hominiscanidae.org/2023/11/rodrigo-zin-invasor-2023.html,exact
2023 - Samba Esquema Russo - O (interminável) ano do rato,2023,2,"5,6",mega.nz,https://mega.nz/file/ZCIiyLCa#HMRpNElCELI-qFrpUGbXWOYwnmC3oe7-Hqghk12xBHA,https://www.hominiscanidae.org/2024/03/samba-esquema-russo-o-interminavel-ano.html,exact
2023 - Sant Lp Beatzz - de para,2023,2,"8,10",mega.nz,https://mega.nz/file/IGIRRZoI#6AgbNQPQGEY_xFmR8u6V_9s3ODcaY48fOGoWWWXBi2k,https://www.hominiscanidae.org/2023/10/sant-de-para-2023.html,exact
2023 - Tipo Um - Malgovina,2023,2,"5,6",mega.nz,https://mega.nz/file/NCpGybbb#tArbPmnnunTYT1jb7yWpohFRP7_SUxZvpq2iap-biDs,https://www.hominiscanidae.org/2023/07/tipo-um-malgovina-2023.html,exact
2023 - Treva - Em Própria Razão,2023,2,"4,5",mega.nz,https://mega.nz/file/ADhwhZTC#qkPAQ_QIuEP2XOvuVCPDnOOpf29yGzDPyQVibhVpsxI,https://www.hominiscanidae.org/2023/10/treva-em-propria-razao-2023.html,exact
2024 - CACO CONCHA - CACO CONCHA,2024,2,"4,5",mega.nz,https://mega.nz/file/tLMDTAzQ#ox9H44hAH3WZlQzx5opDIuvs-E30LunaaCF1Iau-Q0A,https://www.hominiscanidae.org/2025/08/cacoconcha-cacoconcha-2024.html,exact
2024 - Camus - Gigante Invisível,2024,2,"8,9",mega.nz,https://mega.nz/file/UHhTxQrJ#lS5mE7oI9nm-2o7obKb0nR7srUlLtu0aKwGpmEaY4l4,https://www.hominiscanidae.org/2024/04/camus-gigante-invisivel-2024.html,exact
2024 - Crise Punk - Crise Mundial,2024,2,"4,5",mega.nz,https://mega.nz/file/hakHhSqS#An5x7Jdnm4ijNE8LaPEBKzvFvURpiEhrkbpsxgXZCwU,https://www.hominiscanidae.org/2025/03/crise-punk-crise-mundial-2024.html,exact
2024 - Dead Fish - Labirinto da Memória,2024,2,"8,9",mega.nz,https://mega.nz/file/xLYQnK4K#2Y3bIQBAbpSdwK25kNHPujU-dki5VRxzEFaoyc3KDuI,https://www.hominiscanidae.org/2024/02/dead-fish-labirinto-da-memoria-2024.html,exact
2024 - Fresno - Eu Nunca Fui Embora,2024,2,"8,9",mega.nz,https://mega.nz/file/RTwTmKIC#i2oyUrNpY3cHXYQaWIXYf64iepaDE8RUYUZ5DyQ8EHI,https://www.hominiscanidae.org/2024/05/fresno-eu-nunca-fui-embora-parte-1-2024.html,exact
2024 - Justine Never Knew The Rules - Justine,2024,2,"7,9",mega.nz,https://mega.nz/file/kK5TVApZ#yIlJtfM1zghW_RBEMJChBLYGzZSRZGKp9pV5RhcOm7I,https://www.hominiscanidae.org/2024/05/justine-justine-2024.html,exact
"2024 - Malu Rizzo - Drama, Sexo e Poesia",2024,2,"7,8",mega.nz,https://mega.nz/file/1St0TQ7L#hMxCjUL-IbFROZwd4jwySaJXyGMvT0OGk-3yWJHJFLg,https://www.hominiscanidae.org/2025/03/malu-rizzo-drama-sexo-e-poesia-2024.html,exact
2024 - Max B.O. DJ Nato_PK - Estrada Aberta,2024,2,"3,4",mega.nz,https://mega.nz/file/geYSjRqK#mRJDSZyFsZFCKrQmhCbXZkDroI1oB4hHPxOvnnm1iyQ,https://www.hominiscanidae.org/2024/05/max-bo-estrada-aberta-2024.html,exact
2024 - Mc Kako Pêpa Beatmaker - Coisas Que Eu Já Devia Ter Dito Há Um Tempo,2024,2,"6,8",mega.nz,https://mega.nz/file/kTNXkA6S#9eeCy3uIuaJrr6-BQVnsBfBR6fG8uG13KCUnJDaTy3I,https://www.hominiscanidae.org/2025/02/mc-kako-coisas-que-eu-ja-devia-ter-dito.html,exact
2024 - Somos2 - SomoS2,2024,2,"3,6",mega.nz,https://mega.nz/file/sfQxRIwC#Lro2fMwJx_A-qiMGekm4ReJyG9ivDEvLqqfG_AWKkD0,https://www.hominiscanidae.org/2024/04/somos2-somos2-2024.html,exact
2024 - boasorte - Indelével,2024,2,"5,9",mega.nz,https://mega.nz/file/5S5lhQTR#LE8lz1kvsC4Px7S3OfvVyFaqWGYdcqpNihkjFb25os0,https://www.hominiscanidae.org/2024/02/boasorte-indelevel-2024.html,exact
2024 - tchelo rodrigues L7NNON Retroboy - É Que Eu Nasci Teimoso,2024,2,"6,7",mega.nz,https://mega.nz/file/gDdjSRwK#tbssrPKJv51LS8D1GBcyWrjtPN-h5Qgu-J1_2amRj4Y,https://www.hominiscanidae.org/2025/03/tchelo-rodrigues-e-que-eu-nasci-teimoso.html,exact
2025 - A Outra Banda da Lua - Entre a Terra e o Sol,2025,2,"7,11",mega.nz,https://mega.nz/file/EXsylKwZ#94FfT5SEBG7afVcnIyBnYj9q2qiunL-0Xg4efm5D25o,https://www.hominiscanidae.org/2025/11/a-outra-banda-da-lua-entre-terra-e-o.html,exact
2025 - Afrika Gumbe; Marcelo Lobato; Marcos Lobato; Pedro Leão - Soro Energizado,2025,2,"7,8",mega.nz,https://mega.nz/file/nNMkhI5S#9oGHbz7mntq5tep4I2EkZU69bij34y1o5nZHkt2qmKQ,https://www.hominiscanidae.org/2026/02/afrika-gumbe-soro-energizado-2025.html,exact
2025 - Arnaldo Antunes - Novo Mundo,2025,2,"4,5",mega.nz,https://mega.nz/file/xGlAiTAJ#1cqTHWpdc8gqFufXb_q2X1BUiRBf3R9EqcC0mHtG5UA,https://www.hominiscanidae.org/2025/05/arnaldo-antunes-novo-mundo-2025.html,exact
2025 - Brenoski Libertae - In Vitro,2025,2,"4,5",mega.nz,https://mega.nz/file/iNd0FL7a#RkC-U2p4q96oT8yeU0wYk16kUMnObLdZtsR6cNm8cgk,https://www.hominiscanidae.org/2025/12/brenoski-libertae-in-vitro-2025.html,exact
2025 - Celacanto - Não tem nada pra ver aqui,2025,2,"3,4",mega.nz,https://mega.nz/file/sfVl1T7T#bPODd_-UW6cqgN559R5O5iTvN_n1tXWA1Sl6hDc40NE,https://www.hominiscanidae.org/2025/06/celacanto-nao-tem-nada-pra-ver-aqui-2025.html,exact
2025 - Chico Lobo - Sertão,2025,2,"7,9",mega.nz,https://mega.nz/file/4DczXLbK#NRUGLY0z_1avO6VdxFpjXfRjYhQgL60tVqsZJjloIyQ,https://www.hominiscanidae.org/2025/11/chico-lobo-sertao-2025.html,exact
2025 - Cólera de Vênus - Crise na Cidade,2025,2,"7,8",mega.nz,https://mega.nz/file/QTVF0ZRR#2bklsVsPadZiwdAsVL67BMP83pz90Trm3FjgF0JbiG8,https://www.hominiscanidae.org/2025/10/colera-de-venus-crise-na-cidade-2025.html,exact
2025 - Dude São Thiago - O Sexo do Vento,2025,2,"2,5",mega.nz,https://mega.nz/file/MHtxyLQY#DugJLOQ23UoN7gbHPaIfazThSAGXoFqCyJx9nrz956g,https://www.hominiscanidae.org/2025/06/dude-sao-thiago-o-sexo-do-vento-2025.html,exact
2025 - FBC - ASSALTOS E BATIDAS,2025,2,"4,5",mega.nz,https://mega.nz/file/sOMH3ZiZ#LivKKcSKyV5twM8a6xAWf_UpPkkjDYC2eHNT2Uxwnjo,https://www.hominiscanidae.org/2025/07/fbc-assaltos-e-batidas-2025.html,exact
2025 - Flau Flau - Íntimo Oriental,2025,2,"6,8",mega.nz,https://mega.nz/file/FKMQQbyT#7V96ysqlpKLGvwWjaXqTNrPpaEb1Mn71nNQYVvIb-p0,https://www.hominiscanidae.org/2025/11/flau-flau-intimo-oriental-2025.html,exact
"2025 - Gilson Siqueira - Gilmar, Gilson, Grácio, Grácia, Seu Geraldo e Dona Lourdinha",2025,2,"4,6",mega.nz,https://mega.nz/file/ASVFwR5J#IIpkwZD6UREf1c_j23_JB_OyhWbTrbiy8wnJIWjmYiA,https://www.hominiscanidae.org/2025/11/gilson-siqueira-gilmar-gilson-gracio.html,exact
"2025 - Jaguaribe Carne - Isabel, 7 Cirandas Negras e Um Apito",2025,2,"3,7",mega.nz,https://mega.nz/file/VPczBCbZ#zhGqwvmg8HYk4QVAoQ4prT7M_VVftoJ9-dqjngBoWac,https://www.hominiscanidae.org/2025/10/jaguaribe-carne-isabel-7-cirandas.html,exact
2025 - Jonatas Onofre Nando Zé - Olho d'Água,2025,2,"6,7",mega.nz,https://mega.nz/file/ZC9xFSAI#WIorwLqjLJCEThinqAWCdVzwlGMeIIwIxUv8YoXU7lg,https://www.hominiscanidae.org/2025/05/jonatas-onofre-nando-ze-olho-dagua-2025.html,exact
2025 - Karnak - Karnak Mesozóico,2025,2,"6,10",mega.nz,https://mega.nz/file/MHkFiSZZ#P9wISIu9sV9fx779U5W9uZE2TjhAuXkpsRZ93E1ZbYI,https://www.hominiscanidae.org/2025/10/karnak-karnak-mesozoico-2025.html,exact
2025 - Lucca Francisco - Sobrancelha Sem Cor,2025,2,"5,8",mega.nz,https://mega.nz/file/gCcAALyC#ufGixF3m68NTdCLgWDsHIjtbgFnJE9AsYFi5gfPhEB4,https://www.hominiscanidae.org/2025/08/lucca-francisco-sobrancelha-sem-cor-2025.html,exact
2025 - Lupino - Esquinas,2025,2,"8,10",mega.nz,https://mega.nz/file/lC9kjQhb#XFFdDx-8EvPfMKOFrfO5PZrMXJ3dwfWQ8JGuzq91zwA,https://www.hominiscanidae.org/2025/12/lupino-esquinas-2025.html,exact
2025 - Marco Vincit - Rosas Amarelas,2025,2,"6,7",mega.nz,https://mega.nz/file/9GsAmKwI#Ugi-3Qb-xlYcieAB_n5dr-7vF7dgrUYZtpBHuMc28Jw,https://www.hominiscanidae.org/2025/04/marco-vincit-rosas-amarelas-2025.html,exact
2025 - Marrakesh - Marrakesh,2025,2,"8,9",mega.nz,https://mega.nz/file/FXE03DxR#vf_AP-7xVeLtjDpz0rEZ7T7N1DJKSE7m4xf3GfyTYMM,https://www.hominiscanidae.org/2025/08/marrakesh-marrakesh-2025.html,exact
2025 - Marya Bravo - Eterno Talvez,2025,2,"5,6",mega.nz,https://mega.nz/file/QLMUzJxZ#Ak2cFYCK-8kt1xcTuqBkueB3s9eRnJe2QyqxeEno4lA,https://www.hominiscanidae.org/2025/10/marya-bravo-eterno-talvez-2025.html,exact
2025 - Mascote Digmanybeats - Práxis,2025,2,"4,6",mega.nz,https://mega.nz/file/cPMlDBKb#vR3b04tnomZlup39U3EdTvryXpQePHobNJfVnaXBRC4,https://www.hominiscanidae.org/2025/04/mascote-digmanybeats-praxis-2025.html,exact
2025 - Nilo Arruda - Plano,2025,2,"3,4",mega.nz,https://mega.nz/file/MPsUARgb#yXFJsP6MEmHGef6HMA8HmGbfo2LwuKk_W97HGrfT5IY,https://www.hominiscanidae.org/2025/10/nilo-arruda-plano-2025.html,exact
2025 - Olivêra - Finja Que Não Me Conhece,2025,2,"8,9",mega.nz,https://mega.nz/file/OYFSUDhY#pGn2lqrMXLS1kbZdPqRK__6715kZnLIX9qOrHx8QCr4,https://www.hominiscanidae.org/2025/12/olivera-finja-que-nao-me-conhece-2025.html,exact
2025 - Siba - Máquina de Fazer Festa,2025,2,"7,8",mega.nz,https://mega.nz/file/tPNAzCJZ#lMoNHmyGloqM8kMlR3pM89PmyxnJ3JbIijcrhaC7zAU,https://www.hominiscanidae.org/2025/10/siba-maquina-de-fazer-festa-2025.html,exact
2025 - Totonho e os Cabra - Aí Dentu Funk de Embolada e Hip Hop do Mato,2025,2,"4,9",mega.nz,https://mega.nz/file/UasUnLIT#BsWLTxQ4COB54D4fQJ_Z6IneN0_O5IaeXvDZ0oOFRMg,https://www.hominiscanidae.org/2025/08/totonho-e-os-cabra-ai-dentu-funk-de.html,exact
2025 - Trabalhos Espaciais Manuais - Ponto de Curva,2025,2,"5,6",mega.nz,https://mega.nz/file/OZEWiCKD#FCcawKfCDgTx2-j6NOrxW-dPV5QopCkANhc6EIpg61M,https://www.hominiscanidae.org/2026/02/trabalhos-espaciais-manuais-ponto-de.html,exact
2025 - Viégas - YAKECAN,2025,2,"6,7",mega.nz,https://mega.nz/file/AewikQhA#FEX3ANOopGbXEGapYsz0Y15fEB0ZpCnYq8LcYGxzARM,https://www.hominiscanidae.org/2026/03/viegas-yakecan-2025.html,exact
2025 - cleozinhu arcoverde - Fragmentos de Estrela,2025,2,"9,12",mega.nz,https://mega.nz/file/oTtAUbrb#IZQmZzw3mWqVA8kUgEB3F_WUXDLdjjHz8wiF3nY1mjc,https://www.hominiscanidae.org/2025/10/cleozinhu-fragmentos-de-estrela-2025.html,exact
2025 - kouth - DIÁRIO DE UMA GAROTA SUBVERSIVA,2025,2,"5,6",mega.nz,https://mega.nz/file/LdsDAYgK#7Fv_886mNZ9IC9vizl7UKYk_7U2ZSiy0mJK-azENspc,https://www.hominiscanidae.org/2026/01/kouth-diario-de-uma-garota-subversiva.html,exact
2026 - Animal Invisível - Animal Invisível,2026,2,"4,5",mega.nz,https://mega.nz/file/6uxTkAyY#MFAmKv3A79cTOYo0pueS2s21DWr-_JV_QUbfIwOrPEE,https://www.hominiscanidae.org/2026/05/animal-invisivel-animal-invisivel-2026.html,exact
"2026 - BaianaSystem - Mixtape Pirata, Vol. 1",2026,2,"5,7",mega.nz,https://mega.nz/file/fIFRDZKb#qhUMCxBp4p_Lr7Q-9pKBz1TehDQSQAQzebzRg3OhHHE,https://www.hominiscanidae.org/2026/02/baianasystem-mixtape-pirata-vol-1-2026.html,exact
2026 - Lulis - Cais,2026,2,"3,7",mega.nz,https://mega.nz/file/W3QGVa5B#aLgf4NM2OcYDmSCSO3bGC4Cfau_vossUvntT_zfBHGA,https://www.hominiscanidae.org/2026/05/lulis-cais-2026.html,exact
2026 - Matéria Prima Goribeatzz Sujoground Cravinhos - Fazendo o Melhor que eu Posso,2026,2,"7,8",mega.nz,https://mega.nz/file/mjRkAIyT#dxauABprvMfJgb4G_YslelPNLKNB7HTINN_qBqU5MNg,https://www.hominiscanidae.org/2026/05/materia-prima-goribeatzz-fazendo-o.html,exact
2026 - PriCler e as Panteronas - Bocaberta,2026,2,"8,9",mega.nz,https://mega.nz/file/NWZRgDDa#KKyzpfTZ_Hy2PG8iEQFZjwkVouv9MzTF5pUKQdf2rvs,https://www.hominiscanidae.org/2026/03/pricler-e-as-panteronas-bocaberta-2026.html,exact
2026 - Pupillo - Pupillo,2026,2,"10,11",mega.nz,https://mega.nz/file/6jgT0SYQ#oQdJoTUSGTuZZ3-Mpocxqn3WTeZDqbRD1hFtKEhlMW8,https://www.hominiscanidae.org/2026/04/pupillo-pupillo-2026.html,exact
2018 - Cora - El Rapto,2018,2,"6,7",pwrrecords.bandcamp.com,https://pwrrecords.bandcamp.com/album/el-rapto,https://www.hominiscanidae.org/2018/04/cora-el-rapto-2018.html,exact
2015 - Rodrigo Campos - Conversas com Toshiro,2015,2,"9,10",rodrigocampos.art.br,http://rodrigocampos.art.br/wp-content/uploads/Rodrigo_Campos_Conversas_com_Toshiro.zip,https://www.hominiscanidae.org/2015/09/rodrigo-campos-conversas-com-toshiro.html,exact
2013 - Marco Nalesso - Hominis Canidae #33 - Fevereiro,2013,2,"3,12",sendspace.com,http://www.sendspace.com/file/6tt26z,https://www.hominiscanidae.org/2013/02/marco-nalesso-uniao-thia-2013.html,exact
2011 - The Baggios - The Baggios (2011),2011,2,"8,13",site.thebaggios.com.br,http://site.thebaggios.com.br/site/wp-content/plugins/email-before-download/download.php?dl=fd734d2e4e4ef6f04d47914a32b16576,https://www.hominiscanidae.org/2013/10/the-baggios-sina-2013.html,exact
2022 - TELEFUNKSOUL Monkey Jhayam - Telefunksoul Convida,2022,2,"6,8",soundcloud.com,https://soundcloud.com/djmaurotelefunksoul/sets/telefunksoul-bahia-ba-10-anos,https://www.hominiscanidae.org/2025/01/telefunksoul-samba-reggae-do-futuro.html,exact
2013 - Stereophant - Correndo de encontro a tudo,2013,2,"7,9",stereophant.com.br,http://www.stereophant.com.br/stereophant%20_correndo_de_encontro_a_tudo_2013.zip,https://www.hominiscanidae.org/2013/06/stereophant-correndo-de-encontro-tudo.html,exact
2012 - Tulipa Ruiz - Tudo Tanto,2012,2,"7,10",tuliparuiz.com,http://www.tuliparuiz.com/Tudo_Tanto_mp3.zip,https://www.hominiscanidae.org/2012/08/tulipa-ruiz-tudo-tanto-2012_2.html,exact
2011 - Jair Naves - Ao vivo no Festival Maionese,2011,1,6,,rapidshare.com/files/743673392/Jair%20Naves%20-%20Ao%20Vivo%20no%20Estudio%20Show%20Livre.zip,https://www.hominiscanidae.org/2011/02/jair-naves-ao-vivo-no-estudio-show.html,exact
2016 - Michel Munhoz + Diego Dias + Crise Vitória (Guilherme Darisbo) - MSRCD071 - Mordida,2016,1,6,,,,no_post
2022 - Rafael Dutra Yuri Vellasco Rafael Martini Pedro Durães Paulim Sartori - Agora,2022,1,7,,,,no_post
2023 - Trekking At The End Of The World,2023,1,10,,,,no_post
2019 - Banda Aero - Ímpeto,2019,1,3,103.zippyshare.com,https://www103.zippyshare.com/v/lRUNryau/file.html,https://www.hominiscanidae.org/2020/02/banda-aero-tempestade-2019.html,exact
2013 - Danilo Vieira Ricardo Favero - Valsa dos Ursos,2013,1,5,4shared.com,http://www.4shared.com/rar/_AK2HBBf/valsa_dos_ursos.html,https://www.hominiscanidae.org/2013/04/valsa-dos-ursos-valsa-dos-ursos-2013.html,exact
2013 - Ex-exus - Xô,2013,1,8,4shared.com,http://www.4shared.com/zip/PO-61aIv/Ex-exus____Xo__2013_.html,https://www.hominiscanidae.org/2013/07/ex-exus-xo-2013.html,exact
2013 - Culto Primitivo ao Tamandua - MSRCD050 - Solsticio Drone,2013,1,4,archive.org,https://archive.org/download/MSRCD050/MSRCD050_vbr_mp3.zip,https://www.hominiscanidae.org/2014/01/culto-primitivo-ao-tamandua-solsticio.html,exact
2020 - Tiago Malta - Quantas Vidas você Ceifou Hoje Com Seus Hábitos Consumistas,2020,1,7,archive.org,https://archive.org/compress/ncp-11-1_202211/formats=VBR%20MP3&file=/ncp-11-1_202211.zip,https://www.hominiscanidae.org/2022/12/tiago-malta-quantas-vidas-voce-ceifou.html,exact
2022 - Torto - Expediente,2022,1,3,archive.org,https://archive.org/compress/torto-expediente-2022/formats=VBR%20MP3&file=/torto-expediente-2022.zip,https://www.hominiscanidae.org/2022/07/torto-expediente-2022.html,exact
2015 - Dunas - Hominis Canidae #63 - Agosto,2015,1,11,bandcamp.com,https://bandcamp.com/download?id=3434273323&ts=1438542296.1326059798&tsig=fb9928cec2580b13cd8ff455ce043b8d&type=album,https://www.hominiscanidae.org/2015/08/dunas-quarenta-e-cinco-minutos-2015.html,exact
2017 - tartaruga cúbica - Hominis Canidae #89 - Outubro,2017,1,13,bandcamp.com,https://bandcamp.com/download?id=1398775947&ts=1506709867.454168399&tsig=37e2a34071ae220802ab08498a56717e&type=album,https://www.hominiscanidae.org/2017/10/tartaruga-cubica-undois-2017.html,exact
2018 - Cansei de Rigby - Hominis Canidae #94 - Março,2018,1,14,bandcamp.com,https://bandcamp.com/download?id=3865394697&ts=1519223655.134231095&tsig=9bbae34b67b1fa4dac0d307a711e9ff4&type=album,https://www.hominiscanidae.org/2018/03/cansei-de-rigby-1417-2018.html,exact
2020 - Pessoas Estranhas - Pessoas Estranhas,2020,1,7,bandcamp.com,https://bandcamp.com/download?id=1720530679&ts=1591550909.2146914582&tsig=584ccd00847717a8aec3e989cecad59b&type=album,https://www.hominiscanidae.org/2020/06/pessoas-que-eu-conheco-ideologia.html,exact
2021 - Repetentes 2008 - Hominis Canidae #132 - Maio,2021,1,9,bandcamp.com,https://bandcamp.com/download?id=72624774&ts=1619815919.1761315470&tsig=f280e174381f4d29761d093f8ec0de27&type=album,https://www.hominiscanidae.org/2021/05/repetentes-2008-tragedia-de-pete-2021.html,exact
"2024 - Resp, 3x, Niko - meio da semana",2024,1,4,bandcamp.com,https://bandcamp.com/download?fsig=eb180e3fba9bf6e62f7397ec1528e9d3&id=1250261220&ts=1733583732.2352341452&type=album,https://www.hominiscanidae.org/2024/12/resp-3x-niko-meio-da-semana-2024.html,exact
2024 - marimbondo - MEMORIAL,2024,1,5,bandcamp.com,https://bandcamp.com/download?fsig=1b792d47e29eb41c7bee9bb1370b1d72&id=4098599243&ts=1741428027.986803382&type=album,https://www.hominiscanidae.org/2025/03/marimbondo-memorial-2024.html,exact
2025 - DJ Ruivin & Antonio Fischer-Band - I Love DJ Ruivin,2025,1,5,bandcamp.com,https://bandcamp.com/download?fsig=d8caa0e9b7f9d6788870fc057ecb38f9&id=2478603503&ts=1745615560.3135747992&type=album,https://www.hominiscanidae.org/2025/04/dj-ruivin-antonio-fischer-band-i-love.html,exact
2025 - De Carne e Flor - Em Teus Olhos Vejo Fendas,2025,1,9,bandcamp.com,https://bandcamp.com/download?fsig=8d023274692286ab192d36680fa80c02&id=4140247770&ts=1765710881.1655733615&type=album,https://www.hominiscanidae.org/2025/12/de-carne-e-flor-em-teus-olhos-vejo.html,exact
2025 - Granito Rosa - Amador,2025,1,10,bandcamp.com,https://bandcamp.com/download?fsig=c1f9cd37777b4b90daaff29bcaa41a03&id=4071607474&ts=1746817595.2467295423&type=album,https://www.hominiscanidae.org/2025/05/granito-rosa-amador-2025.html,exact
2025 - Jahtalapaga - Hominis Canidae #186 - Novembro,2025,1,7,bandcamp.com,https://bandcamp.com/download?fsig=f9b901d3da72a6ee9000531b669a8c15&id=3194058061&ts=1761998033.268118157&type=album,https://www.hominiscanidae.org/2025/11/jahtalapaga-jahtalapaga-2025.html,exact
2025 - LABRADOR - Eu Quero Morrer Num Dia De Sol,2025,1,5,bandcamp.com,https://bandcamp.com/download?fsig=bd77ad74e674f9c49c845629710c8d5b&id=3055628224&ts=1752013481.1858221952&type=album,https://www.hominiscanidae.org/2025/07/labrador-eu-quero-morrer-num-dia-de-sol.html,exact
2025 - Piadademalgosto - Terceiro Ato,2025,1,8,bandcamp.com,https://bandcamp.com/download?fsig=4b46306969ac4376a919999d82049c9a&id=1412798530&ts=1770410246.1083138516&type=album,https://www.hominiscanidae.org/2026/02/piadademalgosto-terceiro-ato-2025.html,exact
"2025 - Vitor Brauer; lento, distante - Tréinquinumpára 07 Belém",2025,1,6,bandcamp.com,https://bandcamp.com/download?fsig=35068772178517f4e3a1c3130b2b64a1&id=3072912281&ts=1747343912.3917400805&type=album,https://www.hominiscanidae.org/2025/05/vitor-brauer-treinquinumpara-05.html,exact
2025 - marimbondo - PITANGA,2025,1,7,bandcamp.com,https://bandcamp.com/download?fsig=eff331947a4520ce24103f324273c7a3&id=2187475901&ts=1762594043.1594679515&type=album,https://www.hominiscanidae.org/2025/11/marimbondo-pitanga-2025.html,exact
2026 - Barulhista - música para dançar sentado (3),2026,1,3,bandcamp.com,http://bandcamp.com/download?id=2376004722&ts=1363986700.2060139197&tsig=6b97d0ce25a073670781813fde2dffe7&type=album,https://www.hominiscanidae.org/2013/03/barulhista-ssegue-2012.html,exact
2026 - Gloios - Prensado (Album + Short Story),2026,1,7,bandcamp.com,https://bandcamp.com/download?fsig=d8f4600800799582f1bbc521d2acfda9&id=1673375590&ts=1775935870.1135643083&type=album,https://www.hominiscanidae.org/2026/04/gloios-prensado-2026.html,exact
2026 - Olga Costa - Chandler,2026,1,5,bandcamp.com,https://bandcamp.com/download?fsig=f04918831e94219197a9ed1d7b9ecf28&id=2993752407&ts=1776385537.986810397&type=album,https://www.hominiscanidae.org/2026/04/olga-costa-chandler-20052026.html,exact
2026 - pandUkkyi - Queria Ser Um Gato,2026,1,8,bandcamp.com,https://bandcamp.com/download?fsig=04f4da507c70ba4e2586beb96cdf8953&id=2336210897&ts=1768696326.3217980157&type=album,https://www.hominiscanidae.org/2026/01/pandukkyi-queria-ser-um-gato-2026.html,exact
2015 - BeatBass Hightech - Luzes Sonoras,2015,1,5,bbht.com.br,http://bbht.com.br/disco/bbht_luzesSonoras_mp3.zip,https://www.hominiscanidae.org/2016/02/beatbass-high-tech-luzes-sonoras-2015.html,exact
2012 - Beto Mejía - Abraço,2012,1,5,betomejia.com.br,http://betomejia.com.br/audio/BetoMejia_Abraco.zip,https://www.hominiscanidae.org/2013/02/beto-mejia-abraco-ep-2012.html,exact
2016 - Beto Mejia - Wahyoob,2016,1,8,betomejia.com.br,http://www.betomejia.com.br/assets/betomejia_wahyoob_mp3.zip,https://www.hominiscanidae.org/2017/01/beto-mejia-wahyoob-2016.html,exact
2014 - Giancarlo Rufatto - Cancioneiro,2014,1,9,bit.ly,http://bit.ly/Giancarlo_rufatto_cancioneiro_2014,https://www.hominiscanidae.org/2014/08/giancarlo-rufatto-cancioneiro-2014.html,exact
2018 - M.TAKARA - Música Resiliente Para Pessoas e Lugares,2018,1,3,desmonta.bandcamp.com,https://desmonta.bandcamp.com/album/m-takara-3-1,https://www.hominiscanidae.org/2018/09/m-takara-m-takara-31-2017.html,exact
2018 - Tetriz - Hominis Canidae #92 - Janeiro,2018,1,17,drive.google.com,https://drive.google.com/drive/folders/1j_J_1zQ17k_ua0UuSsk2fm3byftGoiIu,https://www.hominiscanidae.org/2018/01/tetriz-primeira-fase-2017.html,exact
"2019 - Passarinho, O Sistema Brega de Som - Cartas",2019,1,4,drive.google.com,https://drive.google.com/file/d/1P-betPz5dVTogDPaJukWHwrwEO-ptG4r/view?usp=sharing,https://www.hominiscanidae.org/2024/06/passarinho-o-sistema-brega-de-som-brega.html,exact
2021 - Lilian Rocha e Duda Fortuna - Noite dos Abraços,2021,1,5,drive.google.com,https://drive.google.com/file/d/1xjDrJxk46Dno-cmAqZn5Zf7zPdHsc_6B/view?usp=sharing,https://www.hominiscanidae.org/2024/11/lilian-rocha-do-nilo-2024.html,exact
2022 - Carandina - Carandina,2022,1,4,drive.google.com,https://drive.google.com/file/d/148X-VFjs05OnEOeKUY9KDfDtslYFu013/view?usp=sharing,https://www.hominiscanidae.org/2024/10/carandina-trilha-2024.html,exact
2023 - Lucca Fortuna - Blu Futura,2023,1,11,drive.google.com,https://drive.google.com/file/d/1tSnPuk1I2lx0csZBR1lTG6YCb7S5oiBM/view?usp=sharing,https://www.hominiscanidae.org/2024/06/lucca-fortuna-blu-futura-2023.html,exact
2024 - Alan Morais e os Doidos da Asa - A Voz e o Verso,2024,1,10,drive.google.com,https://drive.google.com/file/d/1pJGAAGPGjT9gppb1BswQ2aMtHnqNP78e/view?usp=sharing,https://www.hominiscanidae.org/2025/07/alan-morais-e-os-doidos-da-asa-voz-e-o.html,exact
2024 - Alex Tex - Desconsagrando,2024,1,8,drive.google.com,https://drive.google.com/file/d/16kaZ4iK9PDGnCtjp4TG5yVB6qPvb9y9_/view?usp=sharing,https://www.hominiscanidae.org/2024/12/alex-tex-desconsagrando-2024.html,exact
2024 - Aquiles - Chance,2024,1,4,drive.google.com,https://drive.google.com/file/d/1g2JTxEodyejIZ_Ra7WCdVkRuQH8ygdEa/view?usp=sharing,https://www.hominiscanidae.org/2025/02/aquiles-chance-2024.html,exact
2024 - Azuliteral - FLUXA,2024,1,3,drive.google.com,https://drive.google.com/file/d/1t4VTrnhO2VGuKXsVLL_2tUkxGlnMdYTf/view?usp=sharing,https://www.hominiscanidae.org/2024/11/azuliteral-fluxa-2024.html,exact
2024 - Boogarins - Bacuri,2024,1,6,drive.google.com,https://drive.google.com/file/d/1psSJ6x7v9oVnFgI2MicJ6Mb4A_NBZEjZ/view?usp=sharing,https://www.hominiscanidae.org/2024/12/boogarins-bacuri-2024.html,exact
2024 - Carmelle Gnosis - Carmelle Gnosis,2024,1,5,drive.google.com,https://drive.google.com/file/d/1ciJ1WGhPL1ssXTgbs3te6y8avwuMTR-M/view?usp=sharing,https://www.hominiscanidae.org/2024/10/carmelle-gnosis-carmelle-gnosis-2024.html,exact
2024 - Chico Bernardes - Outros Fios,2024,1,7,drive.google.com,https://drive.google.com/file/d/1iZhoUAKybww6urZJjYfvPO1NTX1U4UuG/view?usp=sharing,https://www.hominiscanidae.org/2024/10/chico-bernardes-outros-fios-2024.html,exact
2024 - Conde - Serafim,2024,1,9,drive.google.com,https://drive.google.com/file/d/1cbpZSIi7BKFsWvjQq8vkCkbuhCQ4dyzv/view?usp=sharing,https://www.hominiscanidae.org/2024/07/conde-serafim-2024.html,exact
2024 - Conversa Brasileira - Prosas,2024,1,7,drive.google.com,https://drive.google.com/file/d/1ZDwf22fizbYBZqfhqVtvrMz1Ldg_CHYr/view?usp=sharing,https://www.hominiscanidae.org/2024/11/conversa-brasileira-prosas-2024.html,exact
2024 - Dani Bessa - Hiperdrama,2024,1,7,drive.google.com,https://drive.google.com/file/d/18Y8_jCN7aFp6xUOLs0j8XPEfacLGz4Dj/view?usp=sharing,https://www.hominiscanidae.org/2024/11/dani-bessa-hiperdrama-2024.html,exact
2024 - Davi Mascarenhas - Mareos,2024,1,8,drive.google.com,https://drive.google.com/file/d/15uvOlh9FlH-mMpGa1yB8b5Un3IpxnMr2/view?usp=sharing,https://www.hominiscanidae.org/2025/02/davi-mascarenhas-mareos-2024.html,exact
2024 - Escadacima - Antessala,2024,1,3,drive.google.com,https://drive.google.com/file/d/1HIZ23rLznMvD9cWO2jjoioYPwHVnSk3w/view?usp=sharing,https://www.hominiscanidae.org/2024/10/escadacima-antessala-2024.html,exact
2024 - Innk - GUERREIRO INNK,2024,1,6,drive.google.com,https://drive.google.com/file/d/1tK2fW9wkXrX8aqmXRU-AzpMfbKIVJHyK/view?usp=sharing,https://www.hominiscanidae.org/2024/08/innk-guerreiro-innk-2024.html,exact
2024 - Janu - 10 Super Sucessos,2024,1,8,drive.google.com,https://drive.google.com/file/d/1opvf1MZm8bxgkaAk7QljH6FthmMgwcxk/view?usp=sharing,https://www.hominiscanidae.org/2024/07/janu-10-super-sucessos-2024.html,exact
2024 - Julgamento HC - Exploda,2024,1,5,drive.google.com,https://drive.google.com/file/d/18e5BtqfN7CmsNLgaVb389KQhZrYVorPC/view?usp=sharing,https://www.hominiscanidae.org/2024/12/julgamento-hc-exploda-2024.html,exact
2024 - Katarina Nepomuk - Conscin,2024,1,12,drive.google.com,https://drive.google.com/file/d/13wGtcLkV70AL1aytsXneXTqEvPCK30l5/view?usp=sharing,https://www.hominiscanidae.org/2024/07/katarina-nepomuk-conscin-2024.html,exact
2024 - Kauan Calazans - Início Depois do Fim,2024,1,7,drive.google.com,https://drive.google.com/file/d/1owLOPY8nZ4k6R_P-JXvHWYAyv8-zEtTP/view?usp=sharing,https://www.hominiscanidae.org/2024/07/kauan-calazans-inicio-depois-do-fim-2024.html,exact
2024 - Laura Macedo - INTENSA,2024,1,3,drive.google.com,https://drive.google.com/file/d/1Bn3YVN8-E8d1F2Y4NMWVqD5oD68Z6nfU/view?usp=sharing,https://www.hominiscanidae.org/2024/11/laura-macedo-intensa-2024.html,exact
2024 - Lori Kiim Venus - cachorros e gatinhas,2024,1,5,drive.google.com,https://drive.google.com/file/d/1LPbnQ9BWldpKOIDcuDIQEE_kds6OPBZR/view?usp=sharing,https://www.hominiscanidae.org/2024/10/lori-kiim-venus-cachorros-e-gatinhas.html,exact
2024 - Mana Bella - Soteropaulistana,2024,1,6,drive.google.com,https://drive.google.com/file/d/1d1MJQhr8XQE_ux4wX3bYOIWJGQHliVfP/view?usp=sharing,https://www.hominiscanidae.org/2025/03/mana-bella-soteropaulistana-2024.html,exact
2024 - Mundo Video - HORA DAS REVELAÇÕES,2024,1,5,drive.google.com,https://drive.google.com/file/d/1ofu38XrY53EKxNuRqX3tZF4ntOWpyZEs/view?usp=sharing,https://www.hominiscanidae.org/2024/08/mundo-video-hora-das-revelacoes-2024.html,exact
2024 - Nina Maia - INTEIRA,2024,1,7,drive.google.com,https://drive.google.com/file/d/1kea2RYDJIuwrZBl5a_1ApRKVB5VLpWPP/view?usp=sharing,https://www.hominiscanidae.org/2025/01/nina-maia-inteira-2024.html,exact
2024 - Old Dirty Bacon GORIBEATZZ - A Origem,2024,1,11,drive.google.com,https://drive.google.com/file/d/1eMl_cSZ2uGTBcrxU81n1e_TuEXZlLyFT/view?usp=sharing,https://www.hominiscanidae.org/2024/12/old-dirty-bacon-origem-2024.html,exact
2024 - PUSHER174 - Cérebro Dormente,2024,1,6,drive.google.com,https://drive.google.com/file/d/1KnE5Nb7ESVWdNMQD1Az8dIJFEEk8pkhb/view?usp=sharing,https://www.hominiscanidae.org/2025/02/pusher174-cerebro-dormente-2024.html,exact
2024 - Pablo Dias - Amanhecer,2024,1,8,drive.google.com,https://drive.google.com/file/d/1DbHHlf0oQd4xvZ032ggG0iCNxTtkK6kx/view?usp=sharing,https://www.hominiscanidae.org/2024/11/pablo-dias-amanhecer-2024.html,exact
2024 - Pense - Tudo Que Temos de Lembrar,2024,1,4,drive.google.com,https://drive.google.com/file/d/1ei-3dXAUJqsKkInpqLIS_kdo1F2J8Wmu/view?usp=sharing,https://www.hominiscanidae.org/2025/01/pense-tudo-que-temos-de-lembrar-2024.html,exact
2024 - Rafa Martins - Dunaduna,2024,1,4,drive.google.com,https://drive.google.com/file/d/1qZSYFEtWo3Sk2TeNn_Vh6stv_JAuXTf7/view?usp=sharing,https://www.hominiscanidae.org/2024/07/rafa-martins-dunaduna-2024.html,exact
2024 - Rod Krieger - A Assembleia Extraordinária,2024,1,8,drive.google.com,https://drive.google.com/file/d/1xCOHjxoJ83ESHY8Gm5qIW-gj_iqEoFTk/view?usp=sharing,https://www.hominiscanidae.org/2024/10/rod-krieger-assembleia-extraordinaria.html,exact
2024 - Songy - Alecrim Soul,2024,1,4,drive.google.com,https://drive.google.com/file/d/1Jr-VqjDB3r7CqlUh7jC4DNyj_cAKzJ_P/view?usp=sharing,https://www.hominiscanidae.org/2024/09/songy-alecrim-soul-2024.html,exact
2024 - Vhoor - Resenha,2024,1,10,drive.google.com,https://drive.google.com/file/d/1LR7n7lRISKkxoE8nv_7l5N-vDWjtrPVs/view?usp=sharing,https://www.hominiscanidae.org/2024/11/vhoor-resenha-2024.html,exact
2024 - Vinicius Surian Bruno Hernandes Gustavo Surian Renato Leite - Quartet,2024,1,5,drive.google.com,https://drive.google.com/file/d/186WQFyibJtQZAfm4ZZdqA58me_AvZsRU/view?usp=sharing,https://www.hominiscanidae.org/2024/12/vinicius-surian-quartet-2024.html,exact
2024 - Vitor Brauer Hellbenders Augusto Scartezini - Tréinquinumpára 03 Goiânia,2024,1,7,drive.google.com,https://drive.google.com/file/d/1pfWALg5jJ6bPz7S4238lyRBRSxarPhbN/view?usp=sharing,https://www.hominiscanidae.org/2024/12/vitor-brauer-treinquinumpara-04-natal.html,exact
2024 - Volta da Jurema Jão Carvalho - Em Paz,2024,1,3,drive.google.com,https://drive.google.com/file/d/1esHVNiHF-2wTjhkIhvW06K30mQ40PdnE/view?usp=sharing,https://www.hominiscanidae.org/2024/08/volta-da-jurema-em-paz-2024.html,exact
2024 - bonsai VECTOR COLETIVO DELTA gust Ciano - VASO RUIM,2024,1,11,drive.google.com,https://drive.google.com/file/d/14whK_GeQOfo49DF53HdXSWIqpIBkVXmV/view?usp=sharing,https://www.hominiscanidae.org/2025/02/bonsai-vector-coletivo-delta-vaso-ruim.html,exact
2024 - murilin.original - B&B,2024,1,4,drive.google.com,https://drive.google.com/file/d/1ny7nfoD74kXAWI1qI1E8MJU5pqkA1FWl/view?usp=sharing,https://www.hominiscanidae.org/2024/12/murilinoriginal-b-2024.html,fuzzy:0.90
2024 - tem mas acabou - Quintal,2024,1,7,drive.google.com,https://drive.google.com/file/d/1vUSrHV4nBamSnY3PgW0NANkPC6ATDoTv/view?usp=sharing,https://www.hominiscanidae.org/2025/03/tem-mas-acabou-quintal-2024.html,exact
2025 - B+P - Blancato & Paumgartten,2025,1,10,drive.google.com,https://drive.google.com/file/d/1c2A25qCUX1HO9tK5h-HOhuuTnv0OqS5V/view?usp=sharing,https://www.hominiscanidae.org/2025/04/bp-blancato-paumgartten-2025.html,exact
2025 - Cor dos Olhos - Cor dos Olhos,2025,1,9,drive.google.com,https://drive.google.com/file/d/1GU0ufdV6nCyd3ZP-vrtxj7IVmfEl5fb5/view?usp=sharing,https://www.hominiscanidae.org/2025/08/cor-dos-olhos-cor-dos-olhos-2025.html,exact
2025 - Doce Creolina - Debaixo do Chapéu de um Cogumelo,2025,1,4,drive.google.com,https://drive.google.com/file/d/1QjCThx7l2Z0Um5EmlOfGJk1-q4ByH6aM/view?usp=sharing,https://www.hominiscanidae.org/2025/05/doce-creolina-debaixo-do-chapeu-de-um.html,exact
2025 - Falso Morel - Morrer pra renascer,2025,1,3,drive.google.com,https://drive.google.com/file/d/1lSs3DMC57LvN9QZ8mdgtPmgrrHBEiMnH/view?usp=sharing,https://www.hominiscanidae.org/2025/05/falso-morel-morrer-pra-renascer-2025.html,exact
2025 - Jovens Ateus - Vol. 1,2025,1,4,drive.google.com,https://drive.google.com/file/d/1fpnn9VgWpPUPrkVn_h2RearqFNg51M14/view?usp=sharing,https://www.hominiscanidae.org/2025/05/jovens-ateus-vol-1-2025.html,exact
2025 - Junas - Basta Dizer Que Te Amo,2025,1,7,drive.google.com,https://drive.google.com/file/d/1Dd_zNo3633G29KR0Ew7Rrbr-LbjSYTQN/view?usp=sharing,https://www.hominiscanidae.org/2025/04/junas-basta-dizer-que-te-amo-2025.html,exact
"2025 - Lobo Temporal, MusikoramaMusic - Viva o que é Real",2025,1,4,drive.google.com,https://drive.google.com/file/d/1MKMxNYwLhGMI0YH5YT625iyeH2FSY4Zl/view?usp=sharing,https://www.hominiscanidae.org/2025/06/lobo-temporal-viva-o-que-e-real-2025.html,exact
2025 - Meio Amargo - O Lugar Que Ninguém Conhece,2025,1,3,drive.google.com,https://drive.google.com/file/d/1sqHHL5mE1EmU2zB4LTTSBR5F4xpyXR-k/view?usp=sharing,https://www.hominiscanidae.org/2025/06/meio-amargo-o-lugar-que-ninguem-conhece.html,exact
2025 - Pablo Vermell - Futuro Presente,2025,1,7,drive.google.com,https://drive.google.com/file/d/1EhT14BvXu645oBQjXIUWzMv1w3AsDGuX/view?usp=sharing,https://www.hominiscanidae.org/2025/08/pablo-vermell-futuro-presente-2025.html,exact
2025 - Quilombo louco beats - 1974,2025,1,6,drive.google.com,https://drive.google.com/file/d/1pLkB5Kh-4cUFLgpsgN5ieNDWuzkVLp_L/view?usp=sharing,https://www.hominiscanidae.org/2025/09/quilombo-louco-beats-1974-2025.html,exact
2025 - TheJovemJota - PAULIXTA,2025,1,10,drive.google.com,https://drive.google.com/file/d/1y7y6olZDbFK0b1M5-vgLaFdJJ4wr_g6c/view?usp=sharing,https://www.hominiscanidae.org/2025/04/thejovemjota-paulixta-2025.html,exact
2025 - Vi Drumus - Medor,2025,1,7,drive.google.com,https://drive.google.com/file/d/1zsbs4llVs6qca-Qynvkt7yQ82zxU1FC_/view?usp=sharing,https://www.hominiscanidae.org/2025/05/vi-drumus-medor-2025.html,exact
2025 - Zaca Seriano - A Vida Seria Melhor,2025,1,6,drive.google.com,https://drive.google.com/file/d/1FOEOF-fzlN3pWM4WMS7oEKv77-8vAZYF/view?usp=sharing,https://www.hominiscanidae.org/2025/01/zaca-seriano-vida-seria-melhor-2025.html,exact
2009 - Gabriel Martins - Silence,2009,1,3,dropbox.com,https://www.dropbox.com/s/4ouhdyoy6xe2vwc/Silence%20EP.rar,https://www.hominiscanidae.org/2013/03/gabriel-martins-silence-ep-2013.html,exact
2025 - Brain Rot - Cérebro Podre,2025,1,10,dropbox.com,https://www.dropbox.com/scl/fi/zcbm7xj40kaqq73e8r3z8/HOMINISCANIDAE.ORG-BR-C-rebro-Podre-2025.rar?rlkey=37pe3g096jv3x76ojpku0qwvg&st=02n8hdgx&dl=0,https://www.hominiscanidae.org/2026/03/brain-rot-cerebro-podre-2025.html,exact
2025 - Toni Link - O Novíssimo Tecnobrega,2025,1,11,dropbox.com,https://www.dropbox.com/scl/fi/v6zy31jeabuey69g92ieg/HOMINISCANIDAE.ORG-TL-O-Nov-ssimo-Tecnobrega-2025.rar?rlkey=0j34vfnmot31uox9z8xdmptg2&st=4dz1wyq8&dl=0,https://www.hominiscanidae.org/2026/05/toni-link-o-novissimo-tecnobrega-2025.html,exact
2026 - Caio Castelo - V,2026,1,5,dropbox.com,https://www.dropbox.com/scl/fi/eaa8rke62ol3wp3i7zvbt/HOMINISCANIDAE.ORG-CC-V-2026.rar?rlkey=nlg586rhhi7mdrbq2e6c5m6z6&st=z11d7lch&dl=0,https://www.hominiscanidae.org/2026/03/caio-castelo-v-2026.html,exact
2026 - Curva do 90 - Não Feche o Cruzamento,2026,1,5,dropbox.com,https://www.dropbox.com/scl/fi/1tvxhfxmswwdw0pewznla/HOMINISCANIDAE.ORG-Cdo90-N-o-Feche-o-Cruzamento-2026.rar?rlkey=wgx81atbxs5rrsougbf7a754w&st=m7447vxo&dl=0,https://www.hominiscanidae.org/2026/05/curva-do-90-nao-feche-o-cruzamento-2026.html,exact
2026 - DOREA - O Que Mais Você Quer Saber de Mim,2026,1,5,dropbox.com,https://www.dropbox.com/scl/fi/i035haj89jahngdpschg6/HOMINISCANIDAE.ORG-D_R__-O-Que-Mais-Voc-Quer-Saber-de-Mim_-2026.rar?rlkey=hzvxstnmrjiacuuds1crsjoqr&st=rndpli2l&dl=0,https://www.hominiscanidae.org/2026/04/dorea-o-que-mais-voce-quer-saber-de-mim.html,exact
2026 - Danni Guerra - CRISTOTOPIA,2026,1,8,dropbox.com,https://www.dropbox.com/scl/fi/jfevhne5ggvwfh0cfc3a5/HOMINISCANIDAE.ORG-DG-CRISTOTOPIA-2026.rar?rlkey=do4fzvwqj2x9himj65c1weqf1&st=byjsg18g&dl=0,https://www.hominiscanidae.org/2026/03/danni-guerra-cristotopia-2026.html,exact
2026 - QMAR - Orações Oferecidas a Estranhos,2026,1,6,dropbox.com,https://www.dropbox.com/scl/fi/b7pz8pryx0j8ardbiist7/HOMINISCANIDAE.ORG-QM_R-Ora-es-Oferecidas-a-Estranhos-2026.rar?rlkey=4wj0yqtx4wga8ej22442lpnxd&st=gxcwu2ae&dl=0,https://www.hominiscanidae.org/2026/04/qmar-oracoes-oferecidas-estranhos-2026.html,exact
2026 - Wil Cor & Eletrocores - Ninguém vai se salvar,2026,1,5,dropbox.com,https://www.dropbox.com/scl/fi/8bxck0ic1ib0rtokrl2xx/HOMINISCANIDAE.ORG-WC-E-Ningu-m-vai-se-salvar-2026.rar?rlkey=y1ygrp2iu973yk1l5g7pk2y6r&st=kkklmsit&dl=0,https://www.hominiscanidae.org/2026/05/wil-cor-eletrocores-ninguem-vai-se.html,exact
2026 - d.E vulgo Dia Picotunes Mão - ÊXØDO (E$CÓRIA SESSION VOL. 1),2026,1,4,dropbox.com,https://www.dropbox.com/scl/fi/9uhs820jgp2csfuqraguz/HOMINISCANIDAE.ORG-d.E-v-D-X-DO-E-C-RIA-SESSION-VOL.-1-2026.rar?rlkey=a5zaqtfsb2c32xjwsllnoqxeq&st=kr9zj8dl&dl=0,https://www.hominiscanidae.org/2026/04/de-vulgo-dia-exdo-ecoria-session-vol-1.html,exact
2014 - Cassim & Barbária - Cassim & Barbária III,2014,1,8,hotfile.com,http://hotfile.com/dl/127749370/5d338e1/Cassim__Barbria_-_Cassim__Barbria_II_%282011%29.rar.html,https://www.hominiscanidae.org/2011/08/cassim-barbaria-cassim-barbaria-ii-2011.html,exact
2012 - Metá Metá - MetaL MetaL,2012,1,5,kikodinucci.com.br,http://kikodinucci.com.br/downloads/MetaL%20MetaL.zip,https://www.hominiscanidae.org/2012/11/meta-meta-metal-metal-2012.html,exact
2013 - Sombra - Fantástico Mundo Popular,2013,1,9,mcsombra.com.br,http://mcsombra.com.br/Sombra_Fantastico_Mundo_Popular.zip,https://www.hominiscanidae.org/2013/08/sombra-fantastico-mundo-popular-2013.html,exact
1997 - Devotos do Ódio - Agora tá Valendo,1997,1,14,mediafire.com,http://www.mediafire.com/file/74msf5j57s98k2k/Devotos_do_%C3%93dio_-_Agora_T%C3%A1_Valendo_%281997%29.zip,https://www.hominiscanidae.org/2011/08/devotos-do-odio-agora-ta-valendo-1997.html,exact
2009 - Hurtmold - Hurtmold 2007,2009,1,4,mediafire.com,http://www.mediafire.com/file/429ix1xx5p4s4zy/Hurtmold.rar,https://www.hominiscanidae.org/2009/09/hurtmold-ep-2007.html,exact
2012 - Giancarlo Rufatto - A vida Secreta das Referências,2012,1,6,mediafire.com,http://www.mediafire.com/?31nit55t0ea55lp,https://www.hominiscanidae.org/2012/11/giancarlo-rufatto-vida-secreta-das.html,exact
2012 - Megaluce - megaluce ep,2012,1,2,mediafire.com,"http://www.mediafire.com/?r64x2svlu8d91p2,",https://www.hominiscanidae.org/2013/03/megaluce-megaluce-ep-2012.html,exact
2014 - Laundromaths - I Just Wanna Say We Always Do This At Home,2014,1,3,mediafire.com,http://www.mediafire.com/download/e1wttdh15uwxnlk/EP+-+I+Just+Wanna+Say+We+Always+Do+This+At+Home.zip,https://www.hominiscanidae.org/2014/10/laundromaths-i-just-wanna-say-we-always.html,exact
2014 - M.TAKARA - MUNDO TIGRE,2014,1,6,mediafire.com,http://www.mediafire.com/?2v5zw18ulic1jh0,https://www.hominiscanidae.org/2009/09/m-takara-conta-2007.html,exact
2016 - Flor de Pernambuco - Lucidez,2016,1,2,mediafire.com,http://www.mediafire.com/download/3rt9p9by9thbf56/Flor+de+Pernambuco+-+Lucidez.rar,https://www.hominiscanidae.org/2016/06/flor-de-pernambuco-lucidez-ep-2016.html,exact
2016 - Júlio Ferraz - A Ilha da Inconsciência no Espelho Polifônico das Bifurcações do Tempo,2016,1,7,mediafire.com,http://www.mediafire.com/file/2k9yc99zcq0569z/J%C3%BAlio_Ferraz_-_Sonhos_e_Ru%C3%ADdos_%28EP_2016%29.rar,https://www.hominiscanidae.org/2016/12/julio-ferraz-sonhos-e-ruidos-ep-2016.html,exact
2016 - Tagore - No Abismo da Alma  Um Tributo ao Movimento UDIGRUDI,2016,1,13,mediafire.com,http://www.mediafire.com/file/6loxiyq686sssjp/Tagore_-_Pineal_%282016%29%282%29.zip,https://www.hominiscanidae.org/2016/12/tagore-pineal-2016.html,exact
2017 - Matheus Mota - As Palavras Voam,2017,1,9,mediafire.com,http://www.mediafire.com/file/2iwuwc0hqoyilr1/as+palavras+voam.rar/file,https://www.hominiscanidae.org/2017/07/matheus-mota-as-palavras-voam-2017.html,exact
2017 - Opala - Hominis Canidae #80 - Janeiro,2017,1,17,mediafire.com,http://www.mediafire.com/file/e7u4f9dz8pvm4wp/OPALA_-_OPALA_%282016%29.zip,https://www.hominiscanidae.org/2017/01/opala-opala-2016.html,exact
2018 - André Prando - Voador,2018,1,8,mediafire.com,http://www.mediafire.com/file/y272iaxwcodqg6x/Andr%C3%A9+Prando+-+Voador+%282018%29.zip,https://www.hominiscanidae.org/2018/11/andre-prando-voador-2018.html,exact
2018 - Catavento - Ansiedade na Cidade,2018,1,9,mediafire.com,http://www.mediafire.com/file/sfzhljxkp163hib/Catavento_-_Ansiedade_na_Cidade_%282018%29.zip,https://www.hominiscanidae.org/2018/08/catavento-ansiedade-na-cidade-2018.html,exact
"2018 - ruído mm - A É Concavo, B É Convexo",2018,1,7,mediafire.com,https://www.mediafire.com/file/j05r5xmbj43tj54/Ru%EDdo_mm_-_A_%C9_Concavo_B_%C9_Convexo_%282018%29.zip,https://www.hominiscanidae.org/2018/11/ruidomm-e-concavo-b-e-convexo-2018.html,fuzzy:0.92
2019 - Douglas Germano - Hominis Canidae #112 - Setembro,2019,1,11,mediafire.com,http://www.mediafire.com/file/1wfi60wvc7sdqfy/Douglas_Germano_-_Escumalha_%25282019%2529.zip/file,https://www.hominiscanidae.org/2019/09/douglas-germano-escumalha-2019.html,exact
"2019 - FBC, Go Dassisti, L7nnon, BK, BK' - Hominis Canidae #115 - Dezembro",2019,1,7,mediafire.com,https://www.mediafire.com/file/rfxgxkxwuvce2bb/Hominis_Canidae_-_%23HITSBR_%282019%29.zip/file,https://www.hominiscanidae.org/2019/12/hominis-canidae-hitsbr-2019.html,exact
2019 - Karina Buhr - Hominis Canidae #111 - Agosto,2019,1,13,mediafire.com,http://www.mediafire.com/file/qjj7golhaier8rg/Karina_Buhr_-_Desmanche_%25282019%2529.zip,https://www.hominiscanidae.org/2019/08/karina-buhr-desmanche-2019.html,exact
2019 - Lucindo - Hominis Canidae #110,2019,1,14,mediafire.com,http://www.mediafire.com/file/gjeyrw6p7smtqxc/Lucindo+%E2%80%93+Contra+a+Parede+%282019%29.zip,https://www.hominiscanidae.org/2019/07/lucindo-contra-parede-2019.html,exact
"2019 - Saskia, Paal Nilssen-Love - Hominis Canidae #113 - Outubro",2019,1,11,mediafire.com,https://www.mediafire.com/file/rfxgxkxwuvce2bb/Hominis_Canidae_-_%23HITSBR_%282019%29.zip/file,https://www.hominiscanidae.org/2019/12/hominis-canidae-hitsbr-2019.html,exact
2020 - Carabobina - Hominis Canidae #127 - Dezembro,2020,1,11,mediafire.com,https://www.mediafire.com/file/fpjomc4f66yvq08/Carabobina_%25282020%2529.rar/file,https://www.hominiscanidae.org/2020/12/carabobina-carabobina-2020.html,exact
2020 - Juçara Marçal Kiko Dinucci Thiago França - Igbá,2020,1,6,mediafire.com,http://www.mediafire.com/download/da58w8jhfjjp7rp/jucara_marcal_encarnado.zip,https://www.hominiscanidae.org/2014/02/jucara-marcal-encarnado-2014.html,exact
"2020 - Wado, FLORA - A Beleza Que Deriva do Mundo, Mas a Ele Escapa",2020,1,9,mediafire.com,http://www.mediafire.com/file/hdimrmlndlr4l4q/Wado_-_A_Beleza_Que_Deriva_do_Mundo_Mas_a_Ele_Escapa_%25282020%2529.rar/file,https://www.hominiscanidae.org/2020/10/wado-beleza-que-deriva-do-mundo-mas-ele.html,fuzzy:0.86
2021 - AK'HIM - Mixtape #1,2021,1,9,mediafire.com,https://www.mediafire.com/file/xbwl0wdet3m4dwm/AK%2527HIM_-_Mixtape_%25231_%25282021%2529.rar/file,https://www.hominiscanidae.org/2021/06/akhim-mixtape-1-2021.html,exact
2021 - Alysson Salvador - Musicarama,2021,1,8,mediafire.com,https://www.mediafire.com/file/g4iurhb7vg9vj5h/Alysson_Salvador_-_Musicarama_%25282021%2529.rar/file,https://www.hominiscanidae.org/2021/03/alysson-salvador-musicarama-2021.html,exact
2022 - Achados e Perdidos - Novidades em Breve,2022,1,4,mediafire.com,https://www.mediafire.com/file/bsaztahm9sndp49/Achados+e+Perdidos+-+Novidades+em+Breve+\(2022\,https://www.hominiscanidae.org/2022/09/achados-e-perdidos-novidades-em-breve.html,exact
2022 - Andre Amadeu Minttt - Depois do Fim,2022,1,5,mediafire.com,https://www.mediafire.com/file/f8zg04v5gexnyw0/Andre_Amadeu_-_Depois_do_Fim_%25282022%2529.rar/file,https://www.hominiscanidae.org/2022/08/andre-amadeu-depois-do-fim-2022.html,exact
2022 - Augusta Barna - Sangria Desatada,2022,1,9,mediafire.com,https://www.mediafire.com/file/5mu34cf10xciv2u/Augusta_Barna_-_Sangria_Desatada_%25282022%2529.rar/file,https://www.hominiscanidae.org/2023/01/augusta-barna-sangria-desatada-2022.html,exact
2022 - Bayside Kings - TEMPO #LIVREPARATODOS,2022,1,3,mediafire.com,https://www.mediafire.com/file/k314tqb65xw4krn/Bayside_Kings_-_TEMPO_%2523LIVREPARATODOS_%25282022%2529.rar/file,https://www.hominiscanidae.org/2022/08/bayside-kings-tempo-livreparatodos-2022.html,exact
"2022 - Caru - Paris, Bahia",2022,1,3,mediafire.com,https://www.mediafire.com/file/epm8r458owwnsmh/Caru_-_Paris%252C_Bahia_%25282022%2529.rar/file,https://www.hominiscanidae.org/2022/06/caru-paris-bahia-2022.html,exact
2022 - Conte! - A Venda,2022,1,6,mediafire.com,https://www.mediafire.com/file/doo6dlksyp2rwtu/Conte%2521_-_A_Venda_%25282022%2529.rar/file,https://www.hominiscanidae.org/2022/07/conte-venda-2022.html,exact
2022 - Didi Fiorucci - Formato,2022,1,4,mediafire.com,https://www.mediafire.com/file/6thh67sbwn70jam/Didi_Fiorucci_-_Formato_%25282022%2529.rar/file,https://www.hominiscanidae.org/2022/07/didi-fiorucci-formato-2022.html,exact
2022 - Dimas - violência visual,2022,1,7,mediafire.com,https://www.mediafire.com/file/q0ew2gc7tz3njxy/Dimas_-_viol%25C3%25AAncia_visual_%25282022%2529.rar/file,https://www.hominiscanidae.org/2022/09/dimas-violencia-visual-2022.html,exact
2022 - Diomedes Chinaski M2K racine neto - Endorfina,2022,1,6,mediafire.com,https://www.mediafire.com/file/wuxhtxa2hzxf6n2/%2528HOMINISCANIDAE.ORG%2529_Diomedes_Chinaski_-_Endorfina_%25282022%2529.rar/file,https://www.hominiscanidae.org/2022/12/diomedes-chinaski-endorfina-2022.html,exact
2022 - Escolta - Ser Fênix,2022,1,5,mediafire.com,https://www.mediafire.com/file/0dx0hxunszxsx66/Escolta_-_Ser_F%25C3%25AAnix_%25282022%2529.rar/file,https://www.hominiscanidae.org/2022/12/escolta-ser-fenix-2022.html,exact
2022 - Gabi da Pele Preta - Gabi da Pele Preta,2022,1,3,mediafire.com,https://www.mediafire.com/file/m4hly02i1n6bd0j/Gabi_da_Pele_Preta_%25282022%2529.rar/file,https://www.hominiscanidae.org/2023/03/gabi-da-pele-preta-gabi-da-pele-preta.html,exact
"2022 - Gatunas - Meu Corpo, Minhas Regras",2022,1,5,mediafire.com,https://www.mediafire.com/file/6zfof8gsmog6ju8/Gatunas_-_Meu_Corpo%252C_Minhas_Regras_%25282022%2529.rar/file,https://www.hominiscanidae.org/2022/05/gatunas-meu-corpo-minhas-regras-2022.html,exact
2022 - Guga Limeira - Guga Limeira,2022,1,3,mediafire.com,https://www.mediafire.com/file/z2l1cc36ediz67b/Guga_Limeira_%25282022%2529.rar/file,https://www.hominiscanidae.org/2022/08/guga-limeira-guga-limeira-2022.html,exact
2022 - IVYSON - O outro lado do rio,2022,1,8,mediafire.com,https://www.mediafire.com/file/2x5w5qehg5dkbx4/IVYSON_-_O_outro_lado_do_rio_%25282022%2529.rar/file,https://www.hominiscanidae.org/2022/07/ivyson-o-outro-lado-do-rio-2022.html,exact
2022 - Juvenil Silva - Um Belo Dia Nesse Inferno,2022,1,5,mediafire.com,https://www.mediafire.com/file/qbiecaatss65w06/Juvenil_Silva_-_Um_Belo_Dia_Nesse_Inferno_%25282022%2529.rar/file,https://www.hominiscanidae.org/2023/06/juvenil-silva-um-belo-dia-nesse-inferno.html,exact
2022 - Luisa Toller - Mulher Bomba,2022,1,6,mediafire.com,https://www.mediafire.com/file/8gi3dp8xhkg5dmi/Luisa+Toller+-+Mulher+Bomba+\(2022\,https://www.hominiscanidae.org/2022/04/luisa-toller-mulher-bomba-2022.html,exact
2022 - Maya Neves - M,2022,1,3,mediafire.com,https://www.mediafire.com/file/50iqqx3p7obkclp/Maya_Neves_-_M_%25282022%2529.rar/file,https://www.hominiscanidae.org/2022/08/maya-neves-m-2022.html,exact
2022 - Meg Pedrozzo - Pessoas São Falhas,2022,1,4,mediafire.com,https://www.mediafire.com/file/r55e0bw3sx1ok0a/Meg_Pedrozzo_-_Pessoas_S%25C3%25A3o_Falhas_%25282022%2529.rar/file,https://www.hominiscanidae.org/2022/07/meg-pedrozzo-pessoas-sao-falhas-2022.html,exact
2022 - Orquestra de Frevo do Babá Maciel Salú - Traditio Frevo Olinda,2022,1,7,mediafire.com,https://www.mediafire.com/file/ng6w7cvv255nexj/Orquestra+de+Frevo+do+Babá+-+Traditio+Frevo+Olinda+\(2022\,https://www.hominiscanidae.org/2022/02/orquestra-de-frevo-do-baba-traditio.html,exact
2022 - Rachel Reis - Meu Esquema,2022,1,10,mediafire.com,https://www.mediafire.com/file/yx98mj897vt0yab/Rachel_Reis_-_Meu_Esquema_%25282022%2529.rar/file,https://www.hominiscanidae.org/2023/03/rachel-reis-meu-esquema-2022.html,exact
"2022 - Rafael Tofanelo - Músicas para Acalmar o Coração, Vol. 1",2022,1,4,mediafire.com,https://www.mediafire.com/file/55c8j45dqgt8ydh/Rafael_Tofanelo_-_M%25C3%25BAsicas_para_Acalmar_o_Cora%25C3%25A7%25C3%25A3o%252C_Vol._1_%25282022%2529.rar/file,https://www.hominiscanidae.org/2022/05/rafael-tofanelo-musicas-para-acalmar-o.html,exact
2022 - Rap na Medida - Rap na Medida,2022,1,6,mediafire.com,https://www.mediafire.com/file/1gzctsn06vqpbi9/Rap_na_Medida_%25282022%2529.rar/file,https://www.hominiscanidae.org/2022/12/rap-na-medida-rap-na-medida-2022.html,exact
2022 - Real da Rua - Papo de Futuro,2022,1,3,mediafire.com,https://www.mediafire.com/file/qxedi92ncxr7k30/Real_da_Rua_-_Papo_de_Futuro_%25282022%2529.rar/file,https://www.hominiscanidae.org/2022/06/real-da-rua-papo-de-futuro-2022.html,exact
2022 - Ryck - Criatura,2022,1,5,mediafire.com,https://www.mediafire.com/file/ugt6g4zzh43ucfx/Ryck_-_Criatura_%25282022%2529.rar/file,https://www.hominiscanidae.org/2022/06/ryck-criatura-2022.html,exact
2022 - Vitu - Despedida,2022,1,3,mediafire.com,https://www.mediafire.com/file/0kx6zd5g7mvi1tm/%2528HOMINISCANIDAE.ORG%2529_Vitu_-_Despedida_%25282022%2529.rar/file,https://www.hominiscanidae.org/2022/08/vitu-despedida-2022.html,exact
2022 - akaStefani Cleozinhu Omar - Manobra Feroz Vol. 1,2022,1,5,mediafire.com,https://www.mediafire.com/file/pf8laa9zwtmqxwo/akaStefani%252C_Cleozinhu%252C_Omar_-_Manobra_Feroz_Vol._1_%25282022%2529.rar/file,https://www.hominiscanidae.org/2022/11/akastefani-cleozinhu-omar-manobra-feroz.html,exact
2022 - batata boy Garbela - Entre Cidades,2022,1,9,mediafire.com,https://www.mediafire.com/file/dhw4o7avvrg9w08/batata_boy%252C_Garbela_-_Entre_Cidades_%25282022%2529.rar/file,https://www.hominiscanidae.org/2022/05/batata-boy-garbela-entre-cidades-2022.html,exact
2022 - mevoi - Seja Lá o Que Isso Seja,2022,1,7,mediafire.com,https://www.mediafire.com/file/r3p1nflq2d7dhss/mevoi_-_Seja_L%25C3%25A1_o_Que_Isso_Seja_%255B2022%255D.rar/file,https://www.hominiscanidae.org/2022/03/mevoi-seja-la-o-que-isso-seja-2022.html,exact
2022 - primeiras vezes em sampa - Reinauguração do Teatro Lira,2022,1,3,mediafire.com,https://www.mediafire.com/file/jx0c33fmzutrvxj/primeiras_vezes_em_sampa_-_Reinaugura%25C3%25A7%25C3%25A3o_do_Teatro_Lira_%25282022%2529.rar/file,https://www.hominiscanidae.org/2022/11/primeiras-vezes-em-sampa-reinauguracao.html,exact
2023 - Atemiz - Tipo Gps,2023,1,5,mediafire.com,https://www.mediafire.com/file/h69hwo4op5064c8/Atemiz_-_Tipo_Gps_%25282023%2529.rar/file,https://www.hominiscanidae.org/2023/02/atemiz-tipo-gps-2023.html,exact
2023 - Atox - Não Será Como Antes!,2023,1,9,mediafire.com,https://www.mediafire.com/file/dkfpyzeyhvulcn1/Atox_-_N%25C3%25A3o_Ser%25C3%25A1_Como_Antes%2521_%25282023%2529.rar/file,https://www.hominiscanidae.org/2023/09/atox-nao-sera-como-antes-2023.html,exact
2023 - Bernardo - Xote De Realidade,2023,1,7,mediafire.com,https://www.mediafire.com/file/k293qaodydezj01/Bernardo_-_Xote_De_Realidade_%25282023%2529.rar/file,https://www.hominiscanidae.org/2023/01/bernardo-xote-de-realidade-2023.html,exact
2023 - Big Odes Choke - Maisumenosum,2023,1,4,mediafire.com,https://www.mediafire.com/file/05xjm888n5k49by/Big_Odes_-_Maisumenosum_%25282023%2529.rar/file,https://www.hominiscanidae.org/2024/01/big-odes-maisumenosum-2023.html,exact
2023 - Cardamomo - Meridiano,2023,1,8,mediafire.com,https://www.mediafire.com/file/uytwczt4x3rpo2j/Cardamomo_-_Meridiano_%25282023%2529.rar/file,https://www.hominiscanidae.org/2023/10/cardamomo-meridiano-2023.html,exact
2023 - Choro da Quitanda - Agora Foi,2023,1,9,mediafire.com,https://www.mediafire.com/file/ifpijfjsjo7fkl5/Choro_da_Quitanda_-_Agora_Foi_%25282023%2529.rar/file,https://www.hominiscanidae.org/2023/09/choro-da-quitanda-agora-foi-2023.html,exact
2023 - Daniel Brita Zé Passeti - Britadeira,2023,1,4,mediafire.com,https://www.mediafire.com/file/n00ldabc1kjcug2/Daniel_Brita_-_Britadeira_%25282023%2529.rar/file,https://www.hominiscanidae.org/2023/11/daniel-brita-britadeira-2023.html,exact
2023 - Dezert Horse - Você Não Corre Mais,2023,1,6,mediafire.com,https://www.mediafire.com/file/akmej85jr12l4gj/Dezert_Horse_-_Voc%25C3%25AA_N%25C3%25A3o_Corre_Mais_%25282023%2529.rar/file,https://www.hominiscanidae.org/2023/10/dezert-horse-voce-nao-corre-mais-2023.html,exact
2023 - Divina Supernova - Bossatômica,2023,1,4,mediafire.com,https://www.mediafire.com/file/7x364g7u51qofv2/%2528HOMINISCANIDAE.ORG%2529_Divina_Supernova_-_Bossat%25C3%25B4mica_%25282023%2529.rar/file,https://www.hominiscanidae.org/2023/02/divina-supernova-bossatomica-2023.html,exact
2023 - Duo Chipa - Doses da Paixão,2023,1,3,mediafire.com,https://www.mediafire.com/file/5w2ehobc3vr0h1z/Duo_Chipa_-_Doses_da_Paix%25C3%25A3o_%25282023%2529.rar/file,https://www.hominiscanidae.org/2023/06/duo-chipa-doses-da-paixao-2023.html,exact
2023 - Equilibristas do Mundo Torto - Abaixo a Realidade,2023,1,6,mediafire.com,https://www.mediafire.com/file/rj5wk8l2g0knuok/Equilibristas_do_Mundo_Torto_-_Abaixo_a_Realidade_%25282023%2529.rar/file,https://www.hominiscanidae.org/2023/03/equilibristas-do-mundo-torto-abaixo.html,exact
2023 - Este Lado Para Cima - Self-Titled,2023,1,6,mediafire.com,https://www.mediafire.com/file/zsztkls7vv4rxeq/Este_Lado_Para_Cima_-_Self-Titled_%25282023%2529.rar/file,https://www.hominiscanidae.org/2023/08/este-lado-para-cima-self-titled-2023.html,exact
2023 - F.SNIPES - La Gorce,2023,1,8,mediafire.com,https://www.mediafire.com/file/c5y3q3mpled7da8/F.SNIPES_-_Satori_%25282021%2529.rar/file,https://www.hominiscanidae.org/2021/02/f-snipes-satori-2021.html,exact
2023 - Ferve Seu Pereira e Coletivo 401 - Nordeste Forte,2023,1,6,mediafire.com,https://www.mediafire.com/file/3kkkxl5gjtwmjwr/Ferve_-_Nordeste_Forte_%25282023%2529.rar/file,https://www.hominiscanidae.org/2023/05/ferve-nordeste-forte-2023.html,exact
2023 - General Junkie - Homem Grotesco,2023,1,6,mediafire.com,https://www.mediafire.com/file/io9zzdbz5wureyj/General_Junkie_-_Homem_Grotesco_%25282023%2529.rar/file,https://www.hominiscanidae.org/2023/04/general-junkie-homem-grotesco-2023.html,exact
"2023 - Kurt Sutil, Keys Carvalho & Bêonin - Me Pergunta Como Foi Meu Dia",2023,1,5,mediafire.com,https://www.mediafire.com/file/jbavbtzb1koptw8/Kurt_Sutil_-_Me_Pergunta_Como_Foi_Meu_Dia_%25282023%2529.rar/file,https://www.hominiscanidae.org/2023/03/kurt-sutil-me-pergunta-como-foi-meu-dia.html,exact
2023 - Luiz Caldas - Calmaria,2023,1,7,mediafire.com,https://www.mediafire.com/file/nl8u8sa4cwwx7l5/Luiz_Caldas_-_Calmaria_%25282023%2529.rar/file,https://www.hominiscanidae.org/2023/01/luiz-caldas-calmaria-2023.html,exact
2023 - LuvBugs - Solstício de Inverno,2023,1,6,mediafire.com,https://www.mediafire.com/file/ewsnhx9c0gbsxr9/LuvBugs_-_Solst%25C3%25ADcio_de_Inverno_%25282023%2529.rar/file,https://www.hominiscanidae.org/2023/08/luvbugs-solsticio-de-inverno-2023.html,exact
2023 - MANOBRA FEROZ Ghast Cleozinhu akaStefani Omar - Vol. 2,2023,1,3,mediafire.com,https://www.mediafire.com/file/f9xrwu5kdjj8szm/MANOBRA_FEROZ_-_Vol._2_%25282023%2529.rar/file,https://www.hominiscanidae.org/2023/08/manobra-feroz-vol-2-2023.html,exact
2023 - MONCHMONCH - GUARDILHA ESPANCA TATO,2023,1,7,mediafire.com,https://www.mediafire.com/file/xpivgefiq9em06e/MONCHMONCH_-_GUARDILHA_ESPANCA_TATO_%25282023%2529.rar/file,https://www.hominiscanidae.org/2023/04/monchmonch-guardilha-espanca-tato-2023.html,exact
2023 - Mataghal - Da Terra Eu Vim,2023,1,5,mediafire.com,https://www.mediafire.com/file/vej2ias6j39qmc9/Mataghal_-_Da_Terra_Eu_Vim_%25282023%2529.rar/file,https://www.hominiscanidae.org/2023/08/mataghal-da-terra-eu-vim-2023.html,exact
2023 - Octavio Cardozzo - Qualquer Amor,2023,1,5,mediafire.com,https://www.mediafire.com/file/o0n03ktms0yls7v/Octavio_Cardozzo_-_Qualquer_Amor_%25282023%2529.rar/file,https://www.hominiscanidae.org/2023/11/octavio-cardozzo-qualquer-amor-2023.html,exact
2023 - Resp Lessa Gustavo - Subsolo,2023,1,8,mediafire.com,https://www.mediafire.com/file/mt3lsgz7us9drkc/Resp_-_Subsolo_%25282023%2529.rar/file,https://www.hominiscanidae.org/2023/11/resp-subsolo-2023.html,exact
2023 - Schlop - canções de amor para o fim do mundo,2023,1,7,mediafire.com,https://www.mediafire.com/file/jdea2c7z64p07ti/Schlop_-_can%25C3%25A7%25C3%25B5es_de_amor_para_o_fim_do_mundo_%25282023%2529.rar/file,https://www.hominiscanidae.org/2023/12/schlop-cancoes-de-amor-para-o-fim-do.html,exact
2023 - Tangolo Mangos Joca Lobo - Garatujas,2023,1,6,mediafire.com,https://www.mediafire.com/file/jefvsit2cwuo90v/%2528HOMINISCANIDAE.ORG%2529_TM_-_Garatujas_%25282023%2529.rar/file,https://www.hominiscanidae.org/2024/01/tangolo-mangos-garatujas-2023.html,exact
2023 - TiVO - Pra Ontem e Amanhã,2023,1,5,mediafire.com,https://www.mediafire.com/file/ip92f9udpu1va0r/TiVO_-_Pra_Ontem_e_Amanh%25C3%25A3_%25282023%2529.rar/file,https://www.hominiscanidae.org/2023/12/tivo-pra-ontem-e-amanha-2023.html,exact
2024 - Casapronta Bruno Carvalho - Sete,2024,1,6,mediafire.com,https://www.mediafire.com/file/5hji9f4n6oy5cps/Casapronta_-_Sete_%25282024%2529.rar/file,https://www.hominiscanidae.org/2024/04/casapronta-sete-2024.html,exact
2024 - Gabriel Boizinho - Não Pise Nos Sonhos,2024,1,6,mediafire.com,https://www.mediafire.com/file/9davwx4ul934h53/Gabriel_Boizinho_-_N%25C3%25A3o_Pise_Nos_Sonhos_%25282024%2529.rar/file,https://www.hominiscanidae.org/2024/05/gabriel-boizinho-nao-pise-nos-sonhos.html,exact
2024 - Mc PH Gustah - Bem-Vindo Ao Meu Mundo,2024,1,13,mediafire.com,http://www.mediafire.com/file/2an2f1r4smpe16w/Martte_-_Vem_Bem_Vindo_%25282019%2529.zip/file,https://www.hominiscanidae.org/2019/11/martte-vem-bem-vindo-2019.html,exact
2024 - O Circo da Retina - O Que É Arte,2024,1,6,mediafire.com,https://www.mediafire.com/file/ha6gyged4d89dxb/O_Circo_da_Retina_-_O_Que_%25C3%2589_Arte-_%25282024%2529.rar/file,https://www.hominiscanidae.org/2024/03/o-circo-da-retina-o-que-e-arte-2024.html,exact
2024 - Tela Azzu - Baleia Explode,2024,1,5,mediafire.com,https://www.mediafire.com/file/9qnb0qwvi86ovuy/Tela_Azzu_-_Baleia_Explode_%25282024%2529.rar/file,https://www.hominiscanidae.org/2024/04/tela-azzu-baleia-explode-2024.html,exact
2024 - Tentrio - Artéria,2024,1,6,mediafire.com,https://www.mediafire.com/file/7dbjc74qs5gq7lm/Tentrio_-_Art%25C3%25A9ria_%25282024%2529.rar/file,https://www.hominiscanidae.org/2024/02/tentrio-arteria-2024.html,exact
1967 - Milton Nascimento - Travessia,1967,1,9,mega.co.nz,https://mega.co.nz/#!Y9VkgRDI!5NEF8YqQVfwofNOLqrmmPWnFja4pNDIbWHatW0XAtdE,https://www.hominiscanidae.org/2014/04/milton-nascimento-travessia-1967.html,exact
2002 - Street Bulldogs - Faces do Terceiro Mundo,2002,1,14,mega.co.nz,https://mega.co.nz/#!wUM1CLTa!IbcLaTkilTPzuL1ku3zFlEKDriMRN5YX1ZYy9v_vI10,https://www.hominiscanidae.org/2010/04/street-bulldogs-street-bulldogs.html,exact
"2004 - Brinde - Historias Sem Meio, Começo E Fim",2004,1,8,mega.co.nz,https://mega.co.nz/#!KBUTTTgR!2dmckQ635MkY5_h0OC6cee933UHoF88jBPloWO9GpAs,https://www.hominiscanidae.org/2009/09/brinde-historias-sem-meio-comeco-e-fim.html,exact
"2006 - São Paulo Underground - Sauna Um, Dois, Tres",2006,1,7,mega.co.nz,https://mega.co.nz/#!NNUx3bTa!b7daJFaUmKQs6pD5zu-YHV7UOUl6e8oQR01a2ag2aDw,https://www.hominiscanidae.org/2012/02/sao-paulo-underground-ao-vivo-sesc.html,exact
2007 - Lise - Quando voltar eu termino,2007,1,2,mega.co.nz,https://mega.co.nz/#!bElw0DKJ!bYPTqiUcFeO0jSy1dcAK7A_p6NM5zOiuvmI9Q3BVxQM,https://www.hominiscanidae.org/2010/01/lise-quando-voltar-eu-termino-2007.html,exact
2013 - ChimpanZés de Gaveta - Produto Interno Groove,2013,1,4,mega.co.nz,https://mega.co.nz/#!LcMhDLpa!RW7PgXwsmreBjsfcKJWVuUKX4N1afAsqTnAxaggfHTU,https://www.hominiscanidae.org/2014/06/chimpanzes-de-gaveta-produto-interno_9.html,exact
2013 - Cícero - Sábado,2013,1,2,mega.co.nz,https://mega.co.nz/#!uclCQLAS!OritUQAL36jZ4TBeT_buig1tDjAEPPwe1PUQrnOvN7s,https://www.hominiscanidae.org/2013/09/cicero-sabado-2013.html,exact
2013 - Lucas Dourado - Motor Misterioso,2013,1,8,mega.co.nz,https://mega.co.nz/#!jA9iVLzK!DjCKNy-SLes4cpuVm23aIDpGSqdEgjTOOkEkJMN0vE0,https://www.hominiscanidae.org/2013/10/lucas-dourado-motor-misterioso-2013.html,exact
2013 - Sapo Banjo - Feira De Sexta,2013,1,5,mega.co.nz,https://mega.co.nz/#!jEEjySBa!fx0w32zoNQaXhd5ko4YAS3mJYeZUy5CwpulcU5-_-RU,https://www.hominiscanidae.org/2013/09/sapo-banjo-feira-de-sexta-2013.html,exact
2013 - eu - 1989 Disco 2,2013,1,10,mega.co.nz,https://mega.co.nz/#!2EdwCDQS!BIz8SlgQG3SL9gewDQ5_qDeEtTA2_owA7YH6bxrc9Do,https://www.hominiscanidae.org/2013/09/eu-e-duplicata-varados-de-fome-2013.html,exact
2014 - Blubell - Diva é a mãe,2014,1,12,mega.co.nz,https://mega.co.nz/#!7MdRCQZL!o6k6oMF7Pwqkqzxm40F12tfkPQe3QTpX9zIcUT9akIg,https://www.hominiscanidae.org/2014/05/blubell-diva-e-mae-2013.html,exact
2014 - Esdras Nogueira - Capivara,2014,1,6,mega.co.nz,https://mega.co.nz/#!Pd9mBAra!BNjO-4Ku-mvfaJdeHp2ZOJBFMMad4Io_3Pb7gWPrTco,https://www.hominiscanidae.org/2014/11/esdras-nogueira-capivara-2014.html,exact
2014 - Guilherme Granado - Glaciers of Nice Vol 1,2014,1,10,mega.co.nz,https://mega.co.nz/#!nVM0TbSR!KmgYU90C1EuE_itQ715ZWf7kyFlK8c4oSG0FdXXFnSM,https://www.hominiscanidae.org/2014/09/guilherme-granado-glaciers-of-nice-vol.html,exact
2014 - Ian Ramil - IAN,2014,1,11,mega.co.nz,https://mega.co.nz/#!6VNFTCBa!WfE8z6yh996YY3GQQUz__lv4Fo3AfOzlJZjn0g9hYaI,https://www.hominiscanidae.org/2014/04/ian-ramil-ian-2014.html,exact
2014 - Jair Naves - Ao Vivo no Palácio das Artes,2014,1,9,mega.co.nz,https://mega.co.nz/#!6ME0XQJC!M4ocBZep7mIw0wq3_LddpqFHuvYMt0gewLq_MQFi16E,https://www.hominiscanidae.org/2014/04/jair-naves-ao-vivo-palacio-das-artes.html,exact
2014 - Jam da Silva - Nord,2014,1,5,mega.co.nz,https://mega.co.nz/#!7ddGUKwT!4nT1K-T8qvlYABJQwP5fjJh1zhDpOxFZqAy_2ct-QwM,https://www.hominiscanidae.org/2015/01/jam-da-silva-nord-2014.html,exact
2014 - Marco Nalesso - Cáritas,2014,1,3,mega.co.nz,https://mega.co.nz/#!OZdC1QAY!zSDIudZ1iF0c7XfuVGktLsgX8E2bPSPqrM7VUgxdxS4,https://www.hominiscanidae.org/2014/12/marco-nalesso-caritas-2014.html,exact
2014 - Salvador Santo & Vanessa Oliveira - Cidade Invisível,2014,1,8,mega.co.nz,https://mega.co.nz/#!edVhRTDS!UMsuGh3N9ELVFrMgxRygNSBI6w5ECop-cLY2sgDrhlI,https://www.hominiscanidae.org/2015/02/salvador-santo-cidade-invisivel-2014.html,exact
2015 - Aloizio - Esquina do Mundo,2015,1,5,mega.co.nz,https://mega.co.nz/#!jAdVEZgI!YnMHRraw3uDp-33_hftIHJ6LR55-Nl0XH9q-WbaKAuE,https://www.hominiscanidae.org/2015/04/aloizio-esquina-do-mundo-2015.html,exact
2015 - Cícero - A Praia,2015,1,9,mega.co.nz,https://mega.co.nz/#!xsVjzbzA!29mueK_5yuVVds0Jg4tcK2e46vXsXc8B6rZogurdeAQ,https://www.hominiscanidae.org/2015/04/cicero-praia-2015.html,exact
2015 - Gustavito e a Bicicleta - Quilombo Oriental,2015,1,9,mega.co.nz,https://mega.co.nz/#!HY1TFYQC!knI3FYsGCBff4qEu3AIHmXESTvk3fHchTtRoE51-zKo,https://www.hominiscanidae.org/2015/07/gustavito-e-bicicleta-quilombo-oriental.html,exact
2015 - Ronnaldo Marques - Só um beijo me fará calar,2015,1,3,mega.co.nz,https://mega.co.nz/#!3RkyzQhK!bDch1Sn0ZjkC4fn7_iuhpqkSa6DQEuTNJ-v15Ov_EwI,https://www.hominiscanidae.org/2015/01/ronnaldo-marques-so-um-beijo-me-fara.html,exact
1970 - Wilson das Neves - Samba-Tropi (Até Aí Morreu Neves),1970,1,11,mega.nz,https://mega.nz/#!E8113QqA!kip3pPdvECUZimHtL_hrubpz-fEq7dGysl77L5ODA9o,https://www.hominiscanidae.org/2019/12/wilson-das-neves-samba-tropi-1970.html,exact
1973 - Sergio Sampaio - Eu Quero É Botar Meu Bloco Na Rua,1973,1,11,mega.nz,https://mega.nz/file/2xFWHBLC#FUxPyIOwvLW64BYXZgwCC5zQ9A13oBIa4x06PKK2YgM,https://www.hominiscanidae.org/2022/04/sergio-sampaio-eu-quero-e-botar-meu.html,exact
1973 - Sivuca - Sivuca,1973,1,4,mega.nz,https://mega.nz/file/ET53gQ4L#aj6kgqt1tU1nW6cAx9-w32w5yYI1QEcktMkxJMErHcU,https://www.hominiscanidae.org/2023/06/sivuca-sivuca-1973.html,exact
1975 - Ave Sangria - Ave Sangria,1975,1,5,mega.nz,https://mega.nz/#!Zw8U0YKC!dF-z1UJAgW6eyI1bAGn3oqFHcyBMqueH-jt7OZm3Ugw,https://www.hominiscanidae.org/2019/05/ave-sangria-vendavais-2019.html,exact
2001 - Walter Franco - Tutano,2001,1,10,mega.nz,https://mega.nz/#!50dBUYTR!DHXSy9AQU5yyuFXC_b4uUXAFD1bY2UnAk479pT_TS30,https://www.hominiscanidae.org/2019/10/walter-franco-tutano-2001.html,exact
2003 - Continentrio - Continentrio,2003,1,10,mega.nz,https://mega.nz/#!6MVniJZA!eArzY1sdLY0h0ytC3W1KO9KffmxCEOHzPhzbJic2TOE,https://www.hominiscanidae.org/2015/09/continentrio-continentrio-2003.html,exact
2015 - Karina Buhr - Selvática,2015,1,5,mega.nz,https://mega.nz/#!Jl8w3LIA!uVLS_Gd6opz6LGzHHhhxP6WSVifFzgAsj4oxRfIzABs,https://www.hominiscanidae.org/2015/10/karina-buhr-selvatica-2015.html,exact
2015 - Rodrigo Ogi - Ao Vivo no Sesc Pompéia,2015,1,17,mega.nz,https://mega.nz/#!7AdykQpC!tD_PDDcgQowYnLSxcsDm_O5n81DWTcYvEyFbe3o5AE0,https://www.hominiscanidae.org/2015/12/rodrigo-ogi-ao-vivo-no-sesc-pompeia-2015.html,exact
2015 - Régis Martins & Cia Fantasma - Ondas Curtas,2015,1,4,mega.nz,https://mega.nz/#!OY9hDY6Z!JNeMFajb1q1jcHI_L1G-Tb67h4N8Zmuk8ktaNd1SYpc,https://www.hominiscanidae.org/2016/06/regis-martins-cia-fantasma-ondas-curtas.html,exact
2015 - Saracotia - A vista do ponto,2015,1,3,mega.nz,https://mega.nz/#!2ckRxaAT!7W2TKUHbIIvKuryZDKs5JmaiMrqwzkQJD37T_gT7w3o,https://www.hominiscanidae.org/2015/10/saracotia-vista-do-ponto-2015.html,exact
2016 - O Grande Ogro - Discurso para mentes em silêncio,2016,1,4,mega.nz,https://mega.nz/#!yFdSxayL!mh9-PWAGqX3umfFLsZoUtEhNP4uSLEQBeY_dX4b-Stg,https://www.hominiscanidae.org/2016/11/o-grande-ogro-discurso-para-mentes-em.html,exact
2016 - Rapha Moraes & The Mentes - Corações de Cavalo,2016,1,5,mega.nz,https://mega.nz/#!NkEHDIZD!CMxXcvdsNyBdOpH_QA42FysxZjXqycYRlMiLAuhEteY,https://www.hominiscanidae.org/2016/07/rapha-moraes-mentes-coracoes-de-cavalo.html,exact
2016 - Zé Manoel - Ao Vivo No Sesc Pompéia,2016,1,6,mega.nz,https://mega.nz/#!x1VwyabK!3pl112sXpO_j_KV-t0dtrRbde_wGVSGvpiyB12vmue4,https://www.hominiscanidae.org/2016/03/ze-manoel-ao-vivo-sesc-pompeia-2016.html,exact
2017 - Hermeto Pascoal & Grupo - No Mundo dos Sons,2017,1,7,mega.nz,https://mega.nz/#!6E8EFBKY!3YeomfYsA6KbZq7_im9mZK3ztvuV_9Ec1IZRfXvgEPE,https://www.hominiscanidae.org/2017/08/hermeto-pascoal-grupo-no-mundo-dos-sons.html,exact
2018 - Abacaxepa - Abacaxepa,2018,1,3,mega.nz,https://mega.nz/#!dt11CLCB!UEun2uDFS217QybwZwN0SW_4WRURSmYNx1vdNQrRhw8,https://www.hominiscanidae.org/2018/08/abacaxepa-abacaxepa-ep-2018.html,exact
2018 - Bike - Their Shamanic Majesties’ Third Request,2018,1,6,mega.nz,https://mega.nz/#!JwlBhTYb!-WaRhxdFjXbOPThti7hRYN9q9Fn38YTuz9wQimNPNpc,https://www.hominiscanidae.org/2018/04/bike-their-shamanic-majesties-third.html,exact
2018 - Bruno Lins - Vereda Caminho,2018,1,10,mega.nz,https://mega.nz/#!4sFFUarS!oaLTctV4mYccAwo1hyFIv5V6_jm_YACcR2vegmSH7Kk,https://www.hominiscanidae.org/2019/01/bruno-lins-vereda-caminho-2018_25.html,exact
2018 - Carcaju - Carcaju,2018,1,7,mega.nz,https://mega.nz/#!E41z2YwC!22_HRWie7LIO9fwSggp9RMjed4wkUCsGOtSpFtZa76M,https://www.hominiscanidae.org/2018/11/carcaju-carcaju-2018.html,exact
2018 - Graxa - Purple,2018,1,7,mega.nz,https://mega.nz/#!Y9dSTSpC!clPvoRwqba4xVWSXphP5fsclfa5FisuLB4XUmUADAyY,https://www.hominiscanidae.org/2018/08/graxa-purple-2018.html,exact
"2018 - Karol Conka, Boss in Drama - Ambulante",2018,1,6,mega.nz,https://mega.nz/#!Fls3hQJD!pipqGmXFiDJLT6ReuoosKT0HJPX5MLaBC4C1AAVTU5w,https://www.hominiscanidae.org/2018/11/karol-conka-ambulante-2018.html,exact
"2018 - Lari Finocchiaro, Vanessa Moreno - Carta ao XXI",2018,1,9,mega.nz,https://mega.nz/#!coVTECqT!_6d3wE6ku1T702qqQb6icNjSNGlpKt8F5_Bj7zbMJnI,https://www.hominiscanidae.org/2019/10/lari-finocchiaro-carta-ao-xxi-2018.html,exact
2018 - NENE BROWN - Raízes por Outras Óticas,2018,1,9,mega.nz,https://mega.nz/#!FgFBUaSL!Dc5kx7ihHIgo_OwXjVJjzikDNTzDIEx7r0QFshxqSRo,https://www.hominiscanidae.org/2019/01/nene-brown-raizes-por-outras-oticas-2018.html,exact
2018 - Os Opalas - Vem da Rua,2018,1,6,mega.nz,https://mega.nz/#!Ul9i1KjZ!gCudB8eS3mEzsWNEf111iYNtUz6ErHDpVkphHp46Zk8,https://www.hominiscanidae.org/2018/05/os-opalas-vem-da-rua-2018.html,exact
2018 - Poty - Percepção,2018,1,8,mega.nz,https://mega.nz/#!R0Fw1aJB!xdJlI_XjoMlIWD7zznHx_sIZKR9g6f3Q_MTk8etWf9A,https://www.hominiscanidae.org/2018/11/poty-percepcao-2018.html,exact
2018 - Rodrigo Campos - 9 Sambas,2018,1,6,mega.nz,https://mega.nz/#!851yiIqA!ZB1EBxU3IEYDl-o8LDsK2r4_K4A2DHDhMVlUEETuSJ8,https://www.hominiscanidae.org/2018/08/rodrigo-campos-9-sambas-2018.html,exact
2018 - Santos - Afeto,2018,1,6,mega.nz,https://mega.nz/#!2AlX3bhQ!JRVq-HwW1om25q2wkJThpzw9cjKswo7Vv46zPa0LidE,https://www.hominiscanidae.org/2018/03/santos-afeto-2018.html,exact
2018 - Surra - Ainda Somos Culpados,2018,1,3,mega.nz,https://mega.nz/#!x08ByRKK!lYgVoHB95eGVklbn87thDFDCweN8iGHSy1ut_G3SXtU,https://www.hominiscanidae.org/2018/08/surra-ainda-somos-culpados-2018.html,exact
2018 - The Baggios - Vulcão,2018,1,4,mega.nz,https://mega.nz/#!1lc3RCKT!Lk3zoBpPGSEw-DFLMXDIuYPpaNoxAR-yMGsWmTT-nBI,https://www.hominiscanidae.org/2018/11/the-baggios-vulcao-2018.html,exact
2018 - clau aniz - filha de mil mulheres,2018,1,8,mega.nz,https://mega.nz/#!0h8SwDJS!19k0D7WFBBNAADkg0lnG-HpbbILZBsqeBUjW1MVvJMM,https://www.hominiscanidae.org/2018/05/clau-aniz-filha-de-mil-mulheres-2018.html,exact
2018 - homeninvisivel - Formas Negativas,2018,1,3,mega.nz,https://mega.nz/#!5gdwFYDC!sWGOuQFXzWTbX2vyXFGovbjXIBQ0UF7UtE0bKnPZ9Ak,https://www.hominiscanidae.org/2018/10/homeninvisivel-formas-negativas-2018.html,exact
2019 - Aiyra - Quebra-Vento,2019,1,4,mega.nz,https://mega.nz/#!F5dkFaQD!TgvBNNuxkTHpTvqMoxua1jzOAXzGXXO-qBOGQRlpvME,https://www.hominiscanidae.org/2019/11/aiyra-quebra-vento-2019.html,exact
"2019 - Applegate, Orelha Muda - Movimentos Regulares",2019,1,5,mega.nz,https://mega.nz/#!YkFCAQYK!r1bWC6irSxIPk2X_tHfxqKPTf-ellKdeeQlakR66G4w,https://www.hominiscanidae.org/2019/11/applegate-movimentos-regulares-2019.html,exact
2019 - Atahualpa y us Panquis - Mini Mundo,2019,1,10,mega.nz,https://mega.nz/file/sxsFHTZT#RfgjgRdg5AGWwm94kEgPrSoNDhboUqsNmPbkY1haF0E,https://www.hominiscanidae.org/2020/05/atahualpa-y-us-panquis-mini-mundo-2019.html,exact
2019 - Barcamundi - Disco Adulto,2019,1,4,mega.nz,https://mega.nz/#!RslilSrR!0BZLC6YMuhg8w0q7ZBuZ3rbOPmohAJ_aV6GY9V-u43c,https://www.hominiscanidae.org/2019/02/barcamundi-disco-adulto-2019.html,exact
2019 - Bixarte - Faces,2019,1,5,mega.nz,https://mega.nz/#!50NXWCYY!ueiYfvBB6DKdZGKNti901pFV-sjKwDLlGzV98j-td_Q,https://www.hominiscanidae.org/2019/12/bixarte-faces-2019.html,exact
2019 - Danzee - Autobiografia de um Iogue Subversivo,2019,1,8,mega.nz,https://mega.nz/#!0gU3XQBJ!YcJeGoZ95iuwFA-CMaI1lCgUa01h3l8Pc3zf5FmuKYo,https://www.hominiscanidae.org/2019/05/danzee-autobiografia-de-um-iogue.html,exact
"2019 - Francisco, el Hombre - RASGACABEZA",2019,1,4,mega.nz,https://mega.nz/#!FtdmgA4I!DKRDG6cH0oaqJ_esA6IB1GkCkI2GT97YPwNQLLVbgYI,https://www.hominiscanidae.org/2019/03/francisco-el-hombre-rasgacabeza-2019.html,exact
2019 - Gilson de Lazari - E os Delírios Musicais,2019,1,6,mega.nz,https://mega.nz/#!YxEWgKBC!RtKOso53csrALaP8I-jefhI4uMIBc44KgaCQ-V9x39Q,https://www.hominiscanidae.org/2019/07/gilson-de-lazari-e-os-delirios-musicais.html,exact
2019 - Labaq - Lux,2019,1,10,mega.nz,https://mega.nz/#!N5NmgY5Y!Hm8_Ld_2VEQaEM9-8sXehbVQQI-V_waJ8eDHwxoK-jo,https://www.hominiscanidae.org/2019/05/labaq-lux-2019.html,exact
2019 - Labirinto - Divino Afflante Spiritu,2019,1,5,mega.nz,https://mega.nz/#!9tVEQa6C!TG9AP2E02R0ZyL-nKA5tEaQMpF5Nn9KJ8h8CJzMS72s,https://www.hominiscanidae.org/2019/03/labirinto-divino-afflante-spiritu-2019.html,exact
2019 - Laso - Magenta,2019,1,5,mega.nz,https://mega.nz/#!ZkMh0CpZ!bv6Ovu866LxF4G8miZK0dKlMVlLnrmMTfy0zvXbUkRA,https://www.hominiscanidae.org/2019/12/laso-magenta-2019.html,exact
2019 - Liniker e os Caramelows - Goela Abaixo,2019,1,10,mega.nz,https://mega.nz/#!xotGDapC!H6q_ZyeTyKfxWEWqgQzWR7Rg89zn4WECXZt4Q4IicPk,https://www.hominiscanidae.org/2019/03/liniker-e-os-caramelows-goela-abaixo.html,exact
2019 - MENEIO - Movediço,2019,1,7,mega.nz,https://mega.nz/#!AltWlaJS!h32ZvhvnIPY1We84NjXmrK9-VVW9mx9obt0eoMreXuo,https://www.hominiscanidae.org/2019/05/meneio-movedico-2019.html,exact
2019 - Massonettos - Massonettos,2019,1,8,mega.nz,https://mega.nz/#!Y90zxI7T!6VCmHwd80RBCWbhPjX2F-kAnG3hljqu64tKsTMSRKqI,https://www.hominiscanidae.org/2019/09/massonettos-massonettos-2019.html,exact
2019 - Mineiros da Lua - Queda,2019,1,8,mega.nz,https://mega.nz/#!B4UlSKQA!rE5QUtYkssT2pCfo7jDIexlreaUURqavOEr6IwFZAA0,https://www.hominiscanidae.org/2019/06/mineiros-da-lua-queda-2019.html,exact
2019 - Puro Suco - Rataria Popular Brasileira,2019,1,4,mega.nz,https://mega.nz/#!9xdUSQqS!o0SuLKSg03_retd3LVZqs9tS0k0zC_4S1QuKQ7bqux8,https://www.hominiscanidae.org/2020/02/puro-suco-rataria-popular-brasileira.html,exact
2019 - Rebeca - Corar,2019,1,9,mega.nz,https://mega.nz/#!RtE0BaTL!WpHaxz_VlywYgtr-QpEY9Z1bIAnRDTrxLg228XSRlcY,https://www.hominiscanidae.org/2019/06/rebeca-corar-2019.html,exact
2019 - Teco Martins - Logos Solar,2019,1,7,mega.nz,https://mega.nz/#!R0MTnI5S!KHb3kDlCztmXUIJuKd1xzP3FSBUF9szzs5_GuCOGtMI,https://www.hominiscanidae.org/2019/09/teco-martins-logos-solar-2019.html,exact
2019 - Terno Rei - Violeta,2019,1,8,mega.nz,https://mega.nz/#!U11RmaZC!0h5SvseC8GXHrG5bkrpRKPqlwt6Knivm9X1xEx5AZ94,https://www.hominiscanidae.org/2019/02/terno-rei-violeta-2019.html,exact
2019 - Vivian Kuczynski - Ictus,2019,1,8,mega.nz,https://mega.nz/#!B9cAECaS!F0KhTNNOxWSddCPBzmyRFT7gxFXPe_SQbwJa91spELg,https://www.hominiscanidae.org/2019/12/vivian-kuczynski-ictus-2019.html,exact
2019 - Wolken - Sono de Inverno,2019,1,7,mega.nz,https://mega.nz/#!Y5URDA6R!gHCeORsya_nvyRrsHxJzTuQfZhoCGZ1QZjA1D21ocbc,https://www.hominiscanidae.org/2019/09/wolken-sono-de-inverno-2019.html,exact
"2019 - Zudizilla, Kiai - JazzKilla",2019,1,4,mega.nz,https://mega.nz/#!IslwzA7J!-6Fpap2i0gPyztzcsS6OO9rC9UuPMxtrIGdNwosnl-s,https://www.hominiscanidae.org/2019/03/zudizilla-kiai-jazzkilla-2019.html,exact
2019 - [Quarteto] Bumba [Trio] - [Quarteto] Bumba [Trio],2019,1,7,mega.nz,https://mega.nz/#!It90larA!S0E4GLkfStPBtzyyM8i4_r0Zx1UiEyoZurOZDrQ66Fk,https://www.hominiscanidae.org/2019/06/quarteto-bumba-trio-quarteto-bumba-trio.html,exact
"2020 - BaianaSystem, Buguinha Dub, Antonio Carlos, Jocafi, Orquestra Afrosinfônica - Futuro Dub",2020,1,6,mega.nz,https://mega.nz/file/l0szhbab#DA87NFNlHiN_VZ6k5puG7bVbR3t6Py8SHhL2t3VMfrQ,https://www.hominiscanidae.org/2020/04/baianasystem-buguinha-dub-futuro-dub.html,exact
2020 - Coruja Bc1 - Antes do Álbum,2020,1,4,mega.nz,https://mega.nz/file/wsVXnQDQ#scZ5c5I0O5Sp9PSS1DgI12luOPrzu_IYPbKrOt_poXA,https://www.hominiscanidae.org/2020/06/coruja-bc1-antes-do-album-2020.html,exact
"2020 - Diogo Sili, Ilessi - Com os Pés no Futuro - Ilessi e Diogo Sili Interpretam Manduka",2020,1,8,mega.nz,https://mega.nz/#!MhlUzKTZ!3C939eG7XY3X3zCVuTvAKjaOJTgWm0-FmmmrP9GxdBM,https://www.hominiscanidae.org/2020/03/com-os-pes-no-futuro-ilessi-e-diogo.html,exact
2020 - Duben - Zeitgeist,2020,1,3,mega.nz,https://mega.nz/file/g8UElYBD#CYSC08uhIA_jeic2wLXxmH6BilLRMfE3QWbbOGIhw-Y,https://www.hominiscanidae.org/2020/08/duben-zeitgeist-2020.html,exact
"2020 - Luccas Carlos, Clara Lima, Paiva Prod - Solar",2020,1,8,mega.nz,https://mega.nz/file/ECASCLwL#nDTeVsyjNmpezXoLfeS1QVTmFzsCyYOUuOnQBarnaAE,https://www.hominiscanidae.org/2020/12/luccas-carlos-solar-2020.html,exact
2020 - Marcelo D2 - Assim Tocam os MEUS TAMBORES,2020,1,9,mega.nz,https://mega.nz/file/YLhmgbrK#yfK0A_fOwReLSG32sEhozhm8mYez24oEYzuMCzIQe1U,https://www.hominiscanidae.org/2020/10/marcelo-d2-assim-tocam-os-meus-tambores.html,exact
2020 - Marcelo Nakamura - Naka & os Piranha,2020,1,9,mega.nz,https://mega.nz/file/eR8xHKbZ#eWXmqjG-eJmx_r3eyGIxkzgEMoiZ8ihb24J-Zlto2-U,https://www.hominiscanidae.org/2021/01/marcelo-nakamura-naka-os-piranha-2020.html,exact
2020 - Marcos Valle - Cinzento,2020,1,10,mega.nz,https://mega.nz/#!0s9nwAYS!MucE9VbgGLC-psgAGQcKTnHvNBG24_VkGH282iQJWc0,https://www.hominiscanidae.org/2020/01/marcos-valle-cinzento-2020.html,exact
"2020 - Marcus Alves, Câmara de Ecos - Queda pra Cima",2020,1,7,mega.nz,https://mega.nz/file/Hd1XjIYI#Atqdr1KIt_zXZc0QVMDtMNv605iwkkkSw0hkBB5Z2bk,https://www.hominiscanidae.org/2021/01/marcus-alves-queda-pra-cima-2020.html,exact
2020 - Mc Dricka - Rainha dos Fluxos,2020,1,4,mega.nz,https://mega.nz/file/VS5y1BoZ#L_NamsaxQav7F6hs3fMsSV2LEntpxR0deKIz6JGzCPY,https://www.hominiscanidae.org/2021/02/mc-dricka-rainha-dos-fluxos-2020.html,exact
2020 - PHUNKBUDA - O Caminho É pra Frente,2020,1,5,mega.nz,https://mega.nz/#!491WlQDL!o9cstagTwCy7ddM1HMy3XgTJDRjSahFI8HYsJ_XrSE0,https://www.hominiscanidae.org/2020/02/phunkbuda-o-caminho-e-pra-frente-2020.html,exact
"2020 - Pabllo Vittar, POCAH - 111 DELUXE",2020,1,6,mega.nz,https://mega.nz/file/NGBACRoJ#EJ1Ax51Q-w-B5pP2Qnopg11AedJbBXFXvb38NAuLCC4,https://www.hominiscanidae.org/2021/03/pabllo-vittar-1111-deluxe-2020.html,exact
2020 - Paolo Ravley - Lado B - EP,2020,1,3,mega.nz,https://mega.nz/file/otMGwaSA#gmOx1rU8zLwfCn1CEQth4GuynmuV9Qblso6DTeTj-rM,https://www.hominiscanidae.org/2020/08/paolo-ravley-lado-b-2020.html,exact
"2020 - Pedro Mendes Brasileiro, Khrystal - Escute Aqui",2020,1,6,mega.nz,https://mega.nz/file/wGAUyToK#VS4vK7csp9tvK4rrQ3PP4QLvYKg-ydzL-Y7YCoXvgb4,https://www.hominiscanidae.org/2021/01/pedro-mendes-brasileiro-escute-aqui-2020.html,exact
2020 - Pipo Pegoraro - Antropocósmico,2020,1,6,mega.nz,https://mega.nz/#!skUWBIoZ!BTM3x6u3YkwUHFRiSJBvPC_aMU5YOpCdNk5udyCnIEI,https://www.hominiscanidae.org/2020/01/pipo-pegoraro-antropocosmico-2020.html,exact
2020 - Rafael Rocha - Pedra,2020,1,9,mega.nz,https://mega.nz/file/Kd8SSQRI#SnJEkeaZL00qHpp3qqOtPI7mT2jEwFeTxsMTQSbx6Rk,https://www.hominiscanidae.org/2021/01/rafael-rocha-pedra-2020.html,exact
"2020 - Sh1ft, l v k s - Tudo Podia Ser Melhor",2020,1,3,mega.nz,https://mega.nz/file/NgdQmYLL#rofo_SVeZ804Wd-DxCbuIGIDVDK2f1J-nbEW1JVRc1c,https://www.hominiscanidae.org/2020/06/sh1ft-tudo-podia-ser-melhor-2020.html,exact
2021 - Adriana Vieira - Nada Só,2021,1,5,mega.nz,https://mega.nz/file/ZChWCZBT#MI_eHQ8zwRshKXm4oXpioEafYMlgLvkj8jfom0V28LE,https://www.hominiscanidae.org/2022/01/adriana-vieira-nada-so-2021.html,exact
2021 - Cris Caffarelli - Lares,2021,1,6,mega.nz,https://mega.nz/file/kWoAzb7L#_4ReSqsh3bg5HGaiwMVWeIOVBC5tEZLmgK6Mw6a5ZSo,https://www.hominiscanidae.org/2021/08/cris-caffarelli-lares-2021.html,exact
2021 - Manto - Manto,2021,1,9,mega.nz,https://mega.nz/file/UPIAwZLL#c5F64C-En-W3A51hqmQ06TzYSayCVVWBgpFFQjBgZiE,https://www.hominiscanidae.org/2021/07/manto-manto-2021.html,exact
2021 - Mundo Livre S A - Walking Dead Folia (Sorria Você Teve Alta!),2021,1,8,mega.nz,https://mega.nz/file/hCoGCTqT#VgNtoa2Fs-jcCTADQM0QuzMlbuY77Yf9N_dW_B92-ok,https://www.hominiscanidae.org/2022/02/mundo-livre-sa-walking-dead-folia.html,exact
2022 - Amanda Cadore - Arrebentação,2022,1,3,mega.nz,https://mega.nz/file/KkdzgZKb#s6yzzVBLUR64tOgjhejr3D06lrfZfCGVpDUqsVHkh7k,https://www.hominiscanidae.org/2022/10/amanda-cadore-arrebentacao-2022.html,exact
2022 - Ana Cacimba - Azeviche,2022,1,6,mega.nz,https://mega.nz/file/igtw2azR#B2ot19Mzh5stWzW1CvyDjf1DZQqx-Ifwf_5BG0N4N1Q,https://www.hominiscanidae.org/2022/09/ana-cacimba-azeviche-2022.html,exact
2022 - Andrezza Santos - Eutrópica,2022,1,9,mega.nz,https://mega.nz/file/P8kn3TZQ#mGL4aXbHMqCBSepprz4VjIc8UteZA6-t2XCYgzSYg1k,https://www.hominiscanidae.org/2022/05/andrezza-santos-eutropica-2022.html,exact
2022 - Baco Exu do Blues - QVVJFA,2022,1,9,mega.nz,https://mega.nz/file/FTQWGJCK#sJsFeTvvnm1LBEN0tVTMFFImeHExY2BpQaR3SscPACU,https://www.hominiscanidae.org/2022/02/baco-exu-do-blues-qvvjfa-2022.html,exact
2022 - Badi Assad - Ilha,2022,1,7,mega.nz,https://mega.nz/file/r9VB1KbC#C6iTMrq7Zi2rdMzyKvFqgntMuEbybEUgwdB44OX-3SU,https://www.hominiscanidae.org/2022/07/badi-assad-ilha-2022.html,exact
2022 - Bia Ferreira - Faminta,2022,1,5,mega.nz,https://mega.nz/file/zslj1SSL#P_Z5lBpjjXRkqcmOF5YxzAa4JjNV2zKKyZt2DG4BcHs,https://www.hominiscanidae.org/2023/03/bia-ferreira-faminta-2022.html,exact
2022 - Bratislava - Parte do Que Vem,2022,1,7,mega.nz,https://mega.nz/file/H91wiDAR#3goqMQFdTE4cHIqFecqYYeycezl5c3pbHiL1SqcOmKI,https://www.hominiscanidae.org/2022/07/bratislava-parte-do-que-vem-2022.html,exact
2022 - Casa Civil - Deserto,2022,1,9,mega.nz,https://mega.nz/file/3tExhKgA#VAsoyfVj-BfEN6McLhV2CYhf2z0_YO9cihsasi1YP-A,https://www.hominiscanidae.org/2022/12/casa-civil-deserto-2022.html,exact
2022 - Clube dos Bagres - Medo & Delírio Brasil,2022,1,4,mega.nz,https://mega.nz/file/m0sGkBAK#-aayqRSr4G47eg9kB4VukJFYWh-JDyyMe33sc-dYlDs,https://www.hominiscanidae.org/2022/09/clube-dos-bagres-medo-delirio-brasil.html,exact
2022 - Davi Martins - Vê,2022,1,6,mega.nz,https://mega.nz/file/vttgRDxS#3g4a9G32voisppOly6tyuj8-tdTVW0-wciqRuct-L5I,https://www.hominiscanidae.org/2022/11/davi-martins-ve-2022.html,exact
2022 - Demarca - O Som Da Ladeira,2022,1,4,mega.nz,https://mega.nz/file/f4ETnDLC#XpFoJFvEdBc2isIfokMCPGE_sx5ewkDGNiM3uuAULHo,https://www.hominiscanidae.org/2022/07/demarca-o-som-da-ladeira-2022.html,exact
2022 - Duda Raupp - De Dentro Pra Fora,2022,1,5,mega.nz,https://mega.nz/file/a8NXWYoQ#ye9I1L4BBbwM4FF1zxlI913aBGMDbU9OfF5lElJAbKs,https://www.hominiscanidae.org/2022/11/duda-raupp-de-dentro-pra-fora-2022.html,exact
2022 - Duna Duo - Leve,2022,1,6,mega.nz,https://mega.nz/file/2ld30CjY#L1OTkHIfKUoywej0jR4pU4h-h6gP-1OPiRm0soDxdgU,https://www.hominiscanidae.org/2022/12/duna-duo-leve-2022.html,exact
2022 - Emerald Hill - Cidades em Chamas,2022,1,7,mega.nz,https://mega.nz/file/n4cQSSqC#Tq-vzY8dU_d1nDTHS3ySy7vJGGDLu6eFz2ftjHNAsIc,https://www.hominiscanidae.org/2022/11/emerald-hill-cidades-em-chamas-2022.html,exact
2022 - Fernando Grecco - Vir a Ser,2022,1,4,mega.nz,https://mega.nz/file/OhlVFAgJ#1CBHuk4zMnUXZeJ6Ff7R0_BPveylLJNTfxypjQSoMT4,https://www.hominiscanidae.org/2023/01/fernando-grecco-vir-ser-2022.html,exact
2022 - Gilsons - Pra Gente Acordar,2022,1,6,mega.nz,https://mega.nz/file/xHhwBKBL#hB8MKmnsFSIjbsSuyhX9biszoSBDlzAafpZat7LhrPc,https://www.hominiscanidae.org/2022/02/gilsons-pra-gente-acordar-2022.html,exact
2022 - Itamar Brant Leo Brasilino Maria Alcina Daniel Guedes Léo Pires Felipe Fantoni Fabinho Gonçalves Richard Neves william alves - Samba Trem,2022,1,3,mega.nz,https://mega.nz/file/ao0BUa5R#6Y2ekyCvH_Ei8mmP4xbcrHNYTrjkN1PFeub_jDkHkyA,https://www.hominiscanidae.org/2022/11/itamar-brant-samba-trem-2022.html,exact
2022 - Jairo Pereira Negra Rosa - Monocromático,2022,1,8,mega.nz,https://mega.nz/file/PhVx3QQL#ynvQw6Bgw3hHJ3vWNqHV0SoA8-aiDRj8FQ0qNAAOu_w,https://www.hominiscanidae.org/2022/09/jairo-pereira-monocromatico-2022.html,exact
2022 - Jean Medeiros Thiago Ueda Frederico Heliodoro Ajurinã Zwarg - Contos de Terra e Sol,2022,1,5,mega.nz,https://mega.nz/file/PtEHUASI#ZAXcbz2ck4wo9oNDFanPh5aW8cLjPDHnmPyJj3LIud8,https://www.hominiscanidae.org/2022/09/jean-medeiros-contos-de-terra-e-sol-2022.html,exact
2022 - Katia B - Canções de Outro Mundo,2022,1,4,mega.nz,https://mega.nz/file/L59XSQ5L#LwScX7Wk83khwVb3_gvUwu72mJA5GD05iR5kmZXtT1Q,https://www.hominiscanidae.org/2022/04/katia-b-cancoes-de-outro-mundo-2022.html,exact
2022 - Lumanzin - Mansinha,2022,1,10,mega.nz,https://mega.nz/file/ToMwwb7Z#89NRV330dxFfJQxbZla0pKVVCiteKZEAYZywnBvFK6E,https://www.hominiscanidae.org/2022/04/lumanzin-mansinha-2022.html,exact
2022 - Maglore - V,2022,1,9,mega.nz,https://mega.nz/file/jkNyQLwT#pyg0-btDWICCcAIGgLQrfw_gryBkdSfxXQl0-ueFepk,https://www.hominiscanidae.org/2022/09/maglore-v-2022.html,exact
2022 - Metade de Mim - Depois De Tudo Que Eu Passei,2022,1,3,mega.nz,https://mega.nz/file/wXoGhRhB#Gewk-IR28VuNwWvWx-U8Oek9CRVTLXw4HJeF0GUEjnU,https://www.hominiscanidae.org/2022/02/metade-de-mim-depois-de-tudo-que-eu.html,exact
2022 - Noporn - Contra Dança,2022,1,3,mega.nz,https://mega.nz/file/O9kxBLpR#JdbPeLDSVxQwcEg3bZLl4-li78GB2Yq5aAUu5N6qIAo,https://www.hominiscanidae.org/2022/09/noporn-contra-danca-2022.html,exact
2022 - Parteum - Ouro Ouro,2022,1,10,mega.nz,https://mega.nz/file/r8EFjBwJ#IRagB0Fo2QwUPUZKfNgzng9gFzk4yoBOFnKuondcR84,https://www.hominiscanidae.org/2022/05/parteum-ouro-ouro-2022.html,exact
2022 - Pelos - Atlântico Corpo,2022,1,9,mega.nz,https://mega.nz/file/DhVnhDRI#QjP81lqDhADTWiBajePgnTD8_6EqOuNuGSJ_tEN_sC4,https://www.hominiscanidae.org/2022/12/pelos-atlantico-corpo-2022.html,exact
"2022 - Pratanes - Salve, Rainha!",2022,1,5,mega.nz,https://mega.nz/file/v80RVZ7b#rVz4EmSzYLyuV2dtvYL_iq9y-6m5xOOCmjBw5-jU3-w,https://www.hominiscanidae.org/2022/07/pratanes-salve-rainha-2022.html,exact
2022 - Recreio Carina Levitan - Tiranos Melancólicos,2022,1,8,mega.nz,https://mega.nz/file/2sUBWLzY#drN2VIvtDKAEuPShpPbyteCfKh5bDPorWP_p_bQXh-Q,https://www.hominiscanidae.org/2022/09/recreio-tiranos-melancolicos-2022.html,exact
2022 - Sofia Cupertino - Venusiana,2022,1,4,mega.nz,https://mega.nz/file/C1UzmKSA#lgzO5IWKXmBFGpTDMZja31k-pykU7e4Vn5S46ya6AsY,https://www.hominiscanidae.org/2022/04/sofia-cupertino-venusiana-2022.html,exact
2022 - Sofia Molas - No Mundo Neurótico,2022,1,4,mega.nz,https://mega.nz/file/r5FznQZa#iKzVM-r93kiPkj-n8yMK0h81gtrpRcjZFbY4rdpDoy4,https://www.hominiscanidae.org/2022/08/sofia-molas-no-mundo-neurotico-2022.html,exact
2022 - Subalternos - Subalternos,2022,1,6,mega.nz,https://mega.nz/file/W1NWmKZA#LJM6_KOFrsT2ToJNQ-xI-FEy3Q7fvFdYWaZOcoiNA9M,https://www.hominiscanidae.org/2022/08/subalternos-subalternos-2022.html,exact
2022 - Sulamericana - Sula,2022,1,7,mega.nz,https://mega.nz/file/y9EWhLZD#1aSBfgiRf8d47WnFgCxYSd0rqkAq9MeZTh4dQGn4bLU,https://www.hominiscanidae.org/2022/11/sulamericana-sula-2022.html,exact
"2022 - Tostex Lenis Rino Kika Beto Villares Allen Alencar - Tostex, Vol. 1",2022,1,4,mega.nz,https://mega.nz/file/boMhjYhY#0OTaO-Xir2Esqg0MO0i0xG2nHNByN_Jj5ia18S2PEX4,https://www.hominiscanidae.org/2022/06/tostex-tostex-vol-1-2022.html,exact
2022 - Tracajazz - Puro Veneno em Pessoa,2022,1,6,mega.nz,https://mega.nz/file/SodRgQYI#_J3bsTIOoJ3JoRn1H3vm6yRncnXdZKJeS4ImqZJ3kY0,https://www.hominiscanidae.org/2022/09/tracajazz-puro-veneno-em-pessoa-2022.html,exact
2022 - rafa y ponto - Internamente,2022,1,4,mega.nz,https://mega.nz/file/cPgSzDrY#BSPqZj3DEUExqHqBKCfhDB4dQumPTgKTQxbFQFkGGK4,https://www.hominiscanidae.org/2023/09/rafa-y-ponto-internamente-2022.html,exact
2023 - Alzira E Corte Iara Rennó Tetê Espíndola Luz Marina - Mata Grossa,2023,1,8,mega.nz,https://mega.nz/file/lahjgLya#M2hjrhMeQigyy8VDOI2U_oAA25kk0pWuhWvoj6DwGZs,https://www.hominiscanidae.org/2023/09/alzira-e-corte-mata-grossa-2023.html,exact
2023 - Bivolt TH4I - Chave,2023,1,7,mega.nz,https://mega.nz/file/0H5XiKDJ#qP8SVA3r0xUgZp5vOjz5oCkjHbfqZ6oo_pShcxfykLw,https://www.hominiscanidae.org/2023/10/bivolt-chave-2023.html,exact
2023 - Bruma - O Vendedor de Espelhos,2023,1,9,mega.nz,https://mega.nz/file/1CgBxabK#Rf5n8pb_w_gWwEytwzV3kQSVrwhCFwPhU0CmROSGgow,https://www.hominiscanidae.org/2023/07/bruma-o-vendedor-de-espelhos-2023.html,exact
"2023 - Caetano Veloso - Transa 50 anos (ao vivo, Rio de Janeiro, 13.08.2023)",2023,1,6,mega.nz,https://mega.nz/file/cTZ3DA7L#mHFoBjKulpl3Qbrfr5QX2CofxseUDNBdAx-LYFcIB88,https://www.hominiscanidae.org/2023/08/caetano-veloso-transa-50-anos-ao-vivo.html,exact
2023 - Danilo Timm - NiLØ,2023,1,4,mega.nz,https://mega.nz/file/hCZW1YjR#yUzJ9sVlDtzyOlFXTR5ZCXGqeUs-rbqnDpgrgnFMQk8,https://www.hominiscanidae.org/2023/05/danilo-timm-nil-2023.html,exact
2023 - Danzo Labbel Rec Greezy - O Cenário Certo para o Teatro Perfeito,2023,1,6,mega.nz,https://mega.nz/file/IXoRFIjQ#KNsqWJnHxlU_U1foWIuDwNofrDsYJ_qaUxxaBrNN7TE,https://www.hominiscanidae.org/2023/11/danzo-o-cenario-certo-para-o-teatro.html,exact
2023 - Darshan - F,2023,1,6,mega.nz,https://mega.nz/file/KssFAKia#aQhBlmg7JUQaalgq7_1X5rytIoxypZrV55dK8xXZVEE,https://www.hominiscanidae.org/2023/03/darshan-f-2023.html,exact
2023 - Duquesa Go Dassisti - TAURUS,2023,1,7,mega.nz,https://mega.nz/file/xT4g1B6K#LhF5gdVkL8HE6J30R7jPsXcXIi4qBN0pFS6yvcVAZss,https://www.hominiscanidae.org/2023/07/duquesa-taurus-2023.html,exact
2023 - Estela Manfrinato - Minha Voz É um Vento,2023,1,7,mega.nz,https://mega.nz/file/VTA1FLTT#5lV97WpKjrwH9RI_WysSZ-0Vl6cywqdZw2dbHllO1H4,https://www.hominiscanidae.org/2023/12/estela-manfrinato-minha-voz-e-um-vento.html,exact
2023 - FBC Vhoor - Dias Antes do Baile,2023,1,3,mega.nz,https://mega.nz/file/SlVECIKZ#EsZlxstPk6hKfU8oVzKz0kItutxEEtG5cKVacGo5rZM,https://www.hominiscanidae.org/2023/02/fbc-vhoor-dias-antes-do-baile-2023.html,exact
2023 - Flavia K - Universo Suspenso,2023,1,10,mega.nz,https://mega.nz/file/5eIzHD5R#bjwfYElMMy2Zas7H-s3Ds-WdAC-95mEy7tsIHxtboAs,https://www.hominiscanidae.org/2023/08/flavia-k-universo-suspenso-2023.html,exact
2023 - Garotas Suecas - 1 2 3 4,2023,1,7,mega.nz,https://mega.nz/file/BKwU1L7B#DYC9PNTnPeJzViwfFKFHBBuxnjnRPFVsS-QeufcjqUQ,https://www.hominiscanidae.org/2023/08/garotas-suecas-1-2-3-4-2023.html,exact
2023 - ImpreVisto - Imprevisto,2023,1,6,mega.nz,https://mega.nz/file/5agVxR6C#S9hFM6SrXsxa1B5QtbPRpEJKA-PIeH_C3TPioEUqBCQ,https://www.hominiscanidae.org/2023/12/imprevisto-imprevisto-2023.html,exact
2023 - Jenni Mosello Bivolt - FEMMINA,2023,1,10,mega.nz,https://mega.nz/file/pa5TELyT#HPNrHBEwwcWfZRWGhijoBeb9PY8kcy_wmJlrCcr3PB0,https://www.hominiscanidae.org/2023/06/jenni-mosello-femmina-2023.html,exact
2023 - KULT - Chama,2023,1,4,mega.nz,https://mega.nz/file/wSpHmCID#CnKC42TT3Af9vQhWn5PdRju1h5lqaIxD3cZ8KOaMQGQ,https://www.hominiscanidae.org/2024/01/kult-chama-2023.html,exact
2023 - Klap - MLK NERVOSO,2023,1,8,mega.nz,https://mega.nz/file/oOhyUSjb#yZbtIsqtqF7IIUE3FdBq7Vez2eD8FUPsEu_c6KDDYxI,https://www.hominiscanidae.org/2023/06/klap-mlk-nervoso-2023.html,exact
2023 - MC Braz Dj Tg Da Inestan DJ 2W - Beagá,2023,1,5,mega.nz,https://mega.nz/file/dDRyiSjA#JnnBHoqKIpubS1T9ljDAPt9ZY3ht2ebXBzZSufWOZwA,https://www.hominiscanidae.org/2023/05/mc-braz-beaga-2023.html,exact
2023 - MagrolisMC - Insólito,2023,1,9,mega.nz,https://mega.nz/file/9aRWgJRC#EaQ8PU23MTMBwAwwK3oW1xMYuS4NzrkFO8E2aaq51RA,https://www.hominiscanidae.org/2023/11/magrolismc-insolito-2023.html,exact
2023 - NIZZ - Lugares,2023,1,5,mega.nz,https://mega.nz/file/5ew0GQwY#xYyCFCstqYUgemcnCPRYFTETb-hRJOll8fgSDxnkP0Q,https://www.hominiscanidae.org/2023/10/nizz-lugares-2023.html,exact
2023 - Nuria - Atemporal,2023,1,5,mega.nz,https://mega.nz/file/5LYFCRyZ#QhJpnh-biyhW-Ve0DVaeRBWksu27_ZBTfwx-kYbdj4o,https://www.hominiscanidae.org/2023/12/nuria-atemporal-2023.html,exact
2023 - Polara - Partilha,2023,1,8,mega.nz,https://mega.nz/file/hfplQZgT#Th17ediYB5NrA57mlj9RxUyoIMfCaIJwiiZ1HVZIK9s,https://www.hominiscanidae.org/2023/12/polara-partilha-2023.html,exact
2023 - REVOLUFLOW TATI BILL Mano Chel BENTO TROVÃO Kaifaze RPNOBEAT - Somos Resistência,2023,1,6,mega.nz,https://mega.nz/file/rhkhWA7C#hGceI9ELSAJoNs7D47qPMBG6sN6IIAknuVK4e6R7qWQ,https://www.hominiscanidae.org/2023/03/revoluflow-somos-resistencia-2023.html,exact
2023 - Renato Medeiros Lucas Gonçalves - A Curva Dos Dias,2023,1,8,mega.nz,https://mega.nz/file/JOI3lJwb#FQHyrmaDm67h0G-l56IgPvz8XmtHCs2Mb1kt2nhw9xg,https://www.hominiscanidae.org/2023/12/renato-medeiros-curva-dos-dias-2023.html,exact
2023 - Sain - KTT ZOO,2023,1,5,mega.nz,https://mega.nz/file/UTQ1xAAb#g9E9_Kew8Fhre4oYw1w-ZkMfk9Cl_UXYqsDUzalWu7I,https://www.hominiscanidae.org/2024/01/sain-ktt-zoo-2023.html,exact
2023 - Sound Bullet - Inevitável,2023,1,5,mega.nz,https://mega.nz/file/5fAmxBSb#1G45pxhRWierveBjGDzeJ-L6YXrNFmHM4yGXj31OYcc,https://www.hominiscanidae.org/2023/06/sound-bullet-inevitavel-2023.html,exact
2023 - Tauana Queiroz - Meteórica,2023,1,6,mega.nz,https://mega.nz/file/ro0hSSST#4QYN5Dz0duxneLAmExC_jsOPkWVOntgMzqHHuT3JCdA,https://www.hominiscanidae.org/2023/03/tauana-queiroz-meteorica-2023.html,exact
2023 - Tropical Nada - Tropical Nada,2023,1,8,mega.nz,https://mega.nz/file/CtUC2DyJ#EnTQzvC-cwB7SNb6iFYIkUC0aZmteGN4-ZAYdz6QeZ8,https://www.hominiscanidae.org/2023/01/tropical-nada-tropical-nada-2023.html,exact
2023 - Vovo Saramanda - O Amor E A Alegria,2023,1,9,mega.nz,https://mega.nz/file/BSJnTRCI#KLp0lPYW9ganj5VLi7vMaCx1SikbGoEm3vvRQUX_H80,https://www.hominiscanidae.org/2023/10/vovo-saramanda-o-amor-e-alegria-2023.html,exact
2023 - Wado Saulo Schwartzmann - O Clube dos Jovens de Ontem,2023,1,5,mega.nz,https://mega.nz/file/9PxXDKaA#Sz-RxDd9Z2VT469CbBQoe2asdWoe1X5Yjn7d0STi7DU,https://www.hominiscanidae.org/2024/01/wado-o-clube-dos-jovens-de-ontem-2023.html,exact
2023 - Xis Ice Dee - Invisível Azul,2023,1,7,mega.nz,https://mega.nz/file/waxCjKqa#QiiT5bc7G6Cyi8bPDJialziQkn-85nSoQFd1xkP2Kk4,https://www.hominiscanidae.org/2023/10/xis-invisivel-azul-2023.html,exact
2023 - slipmami Leo Justi Dorly - Malvatrem,2023,1,10,mega.nz,https://mega.nz/file/rwsnwBDa#do28RaHwCtnmPfkpqKabQuXUA5HQBc5YyMfh9tPQ1XQ,https://www.hominiscanidae.org/2023/02/slipmami-malvatrem-2023.html,exact
2024 - A Balsa - a semana passou parecendo um mês,2024,1,4,mega.nz,https://mega.nz/file/IfQXQIQI#Y0JzXOnaBK4ulTOdmViYLu-tKTjA8yFmyBJj0B1i61E,https://www.hominiscanidae.org/2024/03/a-balsa-semana-passou-parecendo-ummes.html,exact
2024 - Albatroz - Albatroz,2024,1,9,mega.nz,https://mega.nz/file/kDZSAYZJ#pFakYQ66pMcXmG89wuRu5djIVaHpBstOWd1MPC8ipyk,https://www.hominiscanidae.org/2024/05/albatroz-albatroz-2024.html,exact
2024 - Carlos Cavallini - O Tamanho do Tempo,2024,1,9,mega.nz,https://mega.nz/file/BPJAxRoJ#O20zkueeujrwS4_ImOLeiakjVRxaiFI-44OHnQAmVsU,https://www.hominiscanidae.org/2024/03/carlos-cavallini-o-tamanho-do-tempo-2024.html,exact
2024 - Enzo Cello S1CKB0Y - INSÔNIA,2024,1,6,mega.nz,https://mega.nz/file/EbtXALYB#eZGGBeFxSqqSpNSAgE8PzXflwtMEpt2YfotWRSUggx0,https://www.hominiscanidae.org/2025/03/enzo-cello-insonia-2024.html,exact
2024 - Kweller HRyu - PARAÍSO TÓXICO,2024,1,9,mega.nz,https://mega.nz/file/QPVAkZzC#w9vjfYnPdiK4cQH9nv3SGNYnRCM0ABMJizqXBfH8xL0,https://www.hominiscanidae.org/2025/03/kweller-paraiso-toxico-2024.html,exact
"2024 - Nouvella - Love Cirkus, Pt. 2",2024,1,5,mega.nz,https://mega.nz/file/ReZGGayZ#cYWK70mae_Snd2AGAPg6d7dP6RkIsnaKZAK26aRluCk,https://www.hominiscanidae.org/2024/04/nouvella-love-cirkus-pt-2-2024.html,exact
2024 - Rafael Castro - Vaidosos Demais,2024,1,7,mega.nz,https://mega.nz/file/IPwmACKA#AQG40OexECa21cXoAw9uLwF0l2inworO81p9W3vZB5A,https://www.hominiscanidae.org/2024/04/rafael-castro-vaidosos-demais-2024.html,exact
2024 - Ravel - Impermanente,2024,1,4,mega.nz,https://mega.nz/file/0CYVmQ7Z#WZxeDJrzAVIv2RlRgvRLtAE717ld1XV9ViyjvjP8f9I,https://www.hominiscanidae.org/2024/01/ravel-impermanente-2024.html,exact
2024 - Recesolo - Ciclos,2024,1,8,mega.nz,https://mega.nz/file/1H92nRhJ#GNrxIyKAV1EMmYkdESSVE_eIpbdd5Bs_mmym-KsE2Y0,https://www.hominiscanidae.org/2025/10/recesolo-ciclos-2024.html,exact
2024 - Sofia Freire - Ponta da Língua,2024,1,7,mega.nz,https://mega.nz/file/FLQRiBCK#uXQLrPnitbaB22wK-k1Sx-cxk-mf_HL3_EPg_unU5Ds,https://www.hominiscanidae.org/2024/03/sofia-freire-ponta-da-lingua-2024.html,exact
2024 - Thales Lion Farmer André Mitsuoka - Abaquar - A Guitarra Que Voa,2024,1,6,mega.nz,https://mega.nz/file/NDRlEKrK#DFUkeoRsHRQJ1cQdMHYL0M_juyW2TmusHNqTpLw8PNA,https://www.hominiscanidae.org/2024/01/thales-lion-farmer-abaquar-guitarra-que.html,exact
2025 - 43duo - Sã Verdade,2025,1,5,mega.nz,https://mega.nz/file/FGNhXbhQ#3DKPGE44BDLTw_PXMug2MTyjpdfAq2ofq095JU4OY04,https://www.hominiscanidae.org/2025/06/43duo-sa-verdade-2025.html,exact
2025 - Alan James - Solar Sonhar,2025,1,8,mega.nz,https://mega.nz/file/nN8CiKiQ#8Hht9wPBxW4KFhSenaf0BDZy8oAym6usjeBBUdUPzT8,https://www.hominiscanidae.org/2026/01/alan-james-solarsonhar-2025.html,exact
2025 - Amiglio - Pulsar dos Opostos,2025,1,3,mega.nz,https://mega.nz/file/eN0QiBSa#lSJzlxtOyDKkD7y3Db8WNhbqGLrAlVJGF2BWKCOHXOg,https://www.hominiscanidae.org/2026/01/amiglio-pulsar-dos-opostos-2025.html,exact
"2025 - Ana Cacimba; Alessandra Leão - LUMINOSA, ATO I LUA",2025,1,6,mega.nz,https://mega.nz/file/XN00yIzA#cCgxyb755vf91cK3IgwdwM7C-LpHE2S8lcmNLwp1SxE,https://www.hominiscanidae.org/2026/01/ana-cacimba-luminosa-ato-1-lua-2025.html,exact
2025 - Assombro de Bixo - Assombro de Bixo,2025,1,6,mega.nz,https://mega.nz/file/8a8GSSoJ#9BuZbGBtRWvaYFXcnNnrsTWmBwNimjZmjOsI6mMRtZc,https://www.hominiscanidae.org/2025/10/assombro-de-bixo-assombro-de-bixo-2025.html,exact
2025 - Atalhos - A Força das Coisas,2025,1,7,mega.nz,https://mega.nz/file/hXVzjZZK#dvnzNl4wH5DsXSaMt4S-5xxk_cDNZvakQE97OxnMyJA,https://www.hominiscanidae.org/2025/07/atalhos-forca-das-coisas-2025.html,exact
2025 - Banda Cucamonga; João Gomes de Sá - Jazz Dixieland com Sotaque Tupiniquim,2025,1,7,mega.nz,https://mega.nz/file/znJFjbqT#2_kG1NlzvtfR_l1jXnSgb7cP5ZdJIATERO4JOlVhJ0A,https://www.hominiscanidae.org/2026/03/banda-cucamonga-jazz-dixieland-com.html,exact
"2025 - Betty57 - Ilegal, Imoral & Engorda",2025,1,11,mega.nz,https://mega.nz/file/salhEKSJ#RkML3zUU1sYAillVECYiHiiqajCWLLxxGVFb8zfEg8E,https://www.hominiscanidae.org/2025/12/betty57-ilegal-imoral-engorda-2025.html,exact
2025 - Bixarte; Ayô Tupinambá - Feitiço,2025,1,4,mega.nz,https://mega.nz/file/jZlExKaK#Jk8LUElYonp_I9ypRoefq7cb19ElbA4vGT7gxd-RBxQ,https://www.hominiscanidae.org/2026/02/bixarte-feitico-2025.html,exact
2025 - Boi da Macuca; Henrique Albino; Lenine - Frevo Macuca,2025,1,11,mega.nz,https://mega.nz/file/HVEk2SQb#U-iWqFZPy0K6GBNuK-njG7Ce_mASySRT_TbjVkjwHEQ,https://www.hominiscanidae.org/2026/02/boi-da-macuca-frevo-macuca-2025.html,exact
2025 - Bruna Pena - língua solta,2025,1,11,mega.nz,https://mega.nz/file/RDU33SwL#Nrdf8zZy5FYfN-t9SUWvJGIkbUPjAgIwSRpKi_cvFNo,https://www.hominiscanidae.org/2025/09/bruna-pena-lingua-solta-2025.html,exact
2025 - Bruna Thimoteo - Roda da Vida,2025,1,8,mega.nz,https://mega.nz/file/zNd0iQgQ#JXCz-xfyPUM_IlzNPw2Jp4UNuUDxH90EBsmAKrLrJ8c,https://www.hominiscanidae.org/2026/02/bruna-thimoteo-roda-da-vida-2025.html,exact
2025 - Bruno Leo - Vestígios,2025,1,7,mega.nz,https://mega.nz/file/SBN22AiQ#mEO29CQJyriljXGp_QrqPufD57XyFwqqZbVnjj9srdg,https://www.hominiscanidae.org/2026/01/bruno-leo-vestigios-2025.html,exact
2025 - Cadu Pereira - Studio Session (Ao Vivo),2025,1,8,mega.nz,https://mega.nz/file/NesAgIrZ#eYUmW5EW79saQEaOsgl0vBpM1RY-ia1dv0vQBRq6XyA,https://www.hominiscanidae.org/2025/12/cadu-pereira-studio-session-2025.html,exact
2025 - Chicharo - Músicas para Pessoas Que Talvez Existam,2025,1,4,mega.nz,https://mega.nz/file/9Hcn2AII#9TU-BvKPgWvJaRNHP-1x0HLOBgvEj2Qg62EWOoPkaeE,https://www.hominiscanidae.org/2025/10/chicharo-musicas-para-pessoas-que.html,exact
2025 - Confeitaria; Another Space - Suspiro,2025,1,3,mega.nz,https://mega.nz/file/2MkVXZZD#DjFSrNzG7Vs8eMLRZ9PZyIrG9VPCTRlu5K8YIVCdLpU,https://www.hominiscanidae.org/2026/01/confeitaria-suspiro-2025.html,exact
2025 - Corama - Quem melhor que eu,2025,1,6,mega.nz,https://mega.nz/file/sKlniJSC#rryKk0vgmhNuaQYN4eTpzgaUJ_9UmsCI2jz8kHSQBp0,https://www.hominiscanidae.org/2025/12/corama-quem-melhor-que-eu-2025.html,exact
2025 - Davi Bandeira - CONTRA A LEI,2025,1,6,mega.nz,https://mega.nz/file/0S0kWaxK#aoVy8KK9FPUbq-a2S5uiDKpcIq0sNsullElx9VTWTOg,https://www.hominiscanidae.org/2025/10/davi-bandeira-contra-lei-2025.html,exact
2025 - Desastros - Desastros,2025,1,6,mega.nz,https://mega.nz/file/oClBAJ4S#isEfYCdAyrFCb5PPK4MUF2GiiFfnM-NjDi1S0OlNyJw,https://www.hominiscanidae.org/2025/12/desastros-desastros-2025.html,exact
2025 - Diomedes Chinaski; Moral - Alma Dourada,2025,1,8,mega.nz,https://mega.nz/file/yc0ABCrT#GQc7gcadBdbH4Kg8t6VUtwkWgr_jehLC0DkoWdrb5aY,https://www.hominiscanidae.org/2026/01/diomedes-chinaski-alma-dourada-2025.html,exact
2025 - Dudu Müller - Estreia do Invisível,2025,1,6,mega.nz,https://mega.nz/file/9WMUkCAR#x9rdxgToy1UNNAVXmIvIMbgyGgHVg8g8StZAMa8dRjc,https://www.hominiscanidae.org/2025/12/dudu-muller-estreia-do-invisivel-2025.html,exact
2025 - Florais da Terra Quente - Maré,2025,1,5,mega.nz,https://mega.nz/file/oDEwTaQD#MBx0WBoHkbsrqA-uNwRhDCwUuqjk_GmGI8Zg3_QEbhM,https://www.hominiscanidae.org/2025/02/florais-da-terra-quente-mare-2025.html,exact
2025 - Fogu - Tudo de Novo,2025,1,8,mega.nz,https://mega.nz/file/SNslnTqJ#7sL1X8slW-CH6xqpGxAn0GOvr9ei37mWW4in0NE0ldM,https://www.hominiscanidae.org/2026/01/fogu-tudo-de-novo-2025.html,exact
2025 - Gabriel Ventura - Pra me lembrar de insistir,2025,1,6,mega.nz,https://mega.nz/file/sPdmzTrT#cVlGxteDn7R1HYZodxzIbn10uOaFet1HL0R98i9_r1Y,https://www.hominiscanidae.org/2025/06/gabriel-ventura-pra-me-lembrar-de.html,exact
2025 - GeeGee - pAReiDoLiA,2025,1,3,mega.nz,https://mega.nz/file/xP1y2aJa#XS4GP0zqRFPVIkX-y28tjNWrak7SDJdJQa87_AVzDCc,https://www.hominiscanidae.org/2025/04/geegee-pareidolia-2025.html,exact
2025 - Guto Bellucco - Mar Adentro,2025,1,4,mega.nz,https://mega.nz/file/NO1wlIJa#LKYAAGb7vGZaSJWiMVdEeP4mEw-vDFi34Tlx84TqPns,https://www.hominiscanidae.org/2025/04/guto-bellucco-mar-adentro-2025.html,exact
2025 - Josie - Sensações,2025,1,3,mega.nz,https://mega.nz/file/zIc0yCTJ#TrLB3U0Sl9YsStN8whf7Bs9kvkDYNGHps5JildqeAWA,https://www.hominiscanidae.org/2026/02/josie-sensacoes-2025.html,exact
2025 - João Beydoun; Blessed - Deu Reggae,2025,1,9,mega.nz,https://mega.nz/file/HM9jxLaT#GXqSzVGp_UqDCc0jU2N1PQnw1Nc8XTdQoTIke2bn8z8,https://www.hominiscanidae.org/2026/02/joao-beydoun-deu-reggae-2025.html,exact
2025 - Leoa - Original Malokera,2025,1,8,mega.nz,https://mega.nz/file/xGc3WLLK#awuK2T43m4nsnapNopEJxTcSn11yYjkfa7kfpyJd8j4,https://www.hominiscanidae.org/2025/06/leoa-original-malokera-2025.html,exact
2025 - Letícia Bastos - Meu Oxente,2025,1,5,mega.nz,https://mega.nz/file/HEMF1RDA#4jFVjUrXOVJcX34rv2a6rbNJVKUKoAb8tGtnVPsIo4s,https://www.hominiscanidae.org/2026/01/leticia-bastos-meu-oxente-2025.html,exact
2025 - Limo - Retratos de uma Velha Juventude,2025,1,8,mega.nz,https://mega.nz/file/IH83GD6J#gO765x8QB5Jl4IXKOZq57rvZ3Nk5R8bNQ_otaS2BjfQ,https://www.hominiscanidae.org/2025/05/limo-retratos-de-uma-velha-juventude.html,exact
2025 - Marcos Gabriel Faria Lucas Godinho - Bossa de Icaraí,2025,1,7,mega.nz,https://mega.nz/file/RKtkEYwD#Ta3QnvZ2Jfnr-9m6k2uxRClUr-theWozB1sXP2uuysk,https://www.hominiscanidae.org/2025/03/marcos-gabriel-faria-lucas-godinho.html,exact
2025 - Marujos Pataxó - Hoje é o Dia do Índio,2025,1,7,mega.nz,https://mega.nz/file/EecyTTRT#WztSitVagWMVua2hzo-7XsJYv-06ZxozFAFCA8oKykA,https://www.hominiscanidae.org/2025/05/marujos-pataxo-hoje-e-o-dia-do-indio.html,exact
"2025 - Mateus Alves, Piero Bianchi e Sami Bordokan - (2025) Retrato de um Certo Oriente (trilha sonora)",2025,1,10,mega.nz,https://mega.nz/file/EXMBXbqQ#Sut2udDNw4q9c-zR__55I3tZqNHgfxks1wUSNc8aqB0,https://www.hominiscanidae.org/2025/08/mateus-aleluia-mateus-aleluia-2025.html,exact
2025 - Mateus Moura - A Imitação do Vento,2025,1,4,mega.nz,https://mega.nz/file/4OlhlIYY#BzPs33WvvkSEHBSc7lBmd6-AbwbMELha9E2vzJ2BsTQ,https://www.hominiscanidae.org/2025/11/mateus-moura-imitacao-do-vento-2025.html,exact
2025 - Nunis - A Terra Tem Agora a Cadência de um Tambor,2025,1,4,mega.nz,https://mega.nz/file/dakzVCaI#O1OUysG55iMZjnzNlDnKl8vjuLzVf4jAH0E41VomRG4,https://www.hominiscanidae.org/2025/04/nunis-terra-tem-agora-cadencia-de-um.html,exact
2025 - Olivier - Dias de Calor,2025,1,6,mega.nz,https://mega.nz/file/iZsmDAgK#KAu8o_9Zi5eM2utQILScnJMcua97PxLfHch2NBFWxRk,https://www.hominiscanidae.org/2026/01/olivier-dias-de-calor-2025.html,exact
2025 - Oreia - OREIA,2025,1,7,mega.nz,https://mega.nz/file/5P8TSaIR#i5M5tlKiXN_6FJkSOkityc29qB2BHmPBuNvjwwuT7gE,https://www.hominiscanidae.org/2025/04/oreia-oreia-2025.html,exact
"2025 - Papôla - Esperando Sentado, Pagando Pra Ver",2025,1,9,mega.nz,https://mega.nz/file/EaUk2ICY#EXEDD1VHBMGv6KmlIKbUe93u5Gd6lVIv_nHstPfz7pg,https://www.hominiscanidae.org/2025/11/papola-esperando-sentado-pagando-pra.html,exact
2025 - Reexista - Reexista,2025,1,9,mega.nz,https://mega.nz/file/NWMRxJyT#OPAxPltx83tSdf3VqpTf4IYN2bAv2-mbUVvG5HaNeUI,https://www.hominiscanidae.org/2025/10/reexista-reexista-2025.html,exact
2025 - Rottenblot - Cidade do Aço,2025,1,5,mega.nz,https://mega.nz/file/8WVWkQgS#mFYcp1wgp9Br23O1f4luAx6-0FYgygra6VpGI2HpYto,https://www.hominiscanidae.org/2025/11/rottenblot-cidade-do-aco-2025.html,exact
2025 - Rubel - Beleza. Mas agora a gente faz o que com isso,2025,1,6,mega.nz,https://mega.nz/file/MWtnSDpJ#P5d6x9ar7JZ-YL2bF_9SBBOppJJFUeg-R7PwH4soGRo,https://www.hominiscanidae.org/2025/07/rubel-beleza-mas-agora-gente-faz-o-que.html,exact
2025 - Stefanie - BUNMI,2025,1,3,mega.nz,https://mega.nz/file/NKdXjDaY#5QWo-CCdUqnYFif5ZXhjKXcELg3moS0_zsQngLOxGKU,https://www.hominiscanidae.org/2025/05/stefanie-bunmi-2025.html,exact
2025 - Sujera - East Side Bomba,2025,1,4,mega.nz,https://mega.nz/file/0PlzBZRT#yEigaqtx972f3lxR6SdNpMOhAfAsM9QTtFtYuCJozpE,https://www.hominiscanidae.org/2025/04/sujera-east-side-bomba-2025.html,exact
2025 - Supercombo - Caranguejo (Parte 1),2025,1,3,mega.nz,https://mega.nz/file/0WcWGAIJ#Oe7859pXS-m_dyqXcPuZ01DR_ITXVewBDH_yvQ4bb68,https://www.hominiscanidae.org/2025/12/supercombo-caranguejo-parte-1-2025.html,exact
2025 - Vertigem Megitrev - Demônios,2025,1,4,mega.nz,https://mega.nz/file/1CslXD6S#TCiWMl9aTUQbUvzcQfQLDwnZBWqN4_ttVCnE17doH0Q,https://www.hominiscanidae.org/2025/12/vertigem-megitrev-demonios-2025.html,exact
2025 - Viridiana - Coisas Frágeis,2025,1,9,mega.nz,https://mega.nz/file/8PVBSB4T#7zPIbSmAgeuWpHR2qsp4Q_b8ETGSsWXmdliPxdmKR38,https://www.hominiscanidae.org/2025/10/viridiana-coisas-frageis-2025.html,exact
2025 - Vivendo do Ócio - Hasta La Bahia,2025,1,5,mega.nz,https://mega.nz/file/oHtCibRC#JIAGdAzuzhWGo81DdpveGpjjSOHcWro-b3T0J9vYyEc,https://www.hominiscanidae.org/2025/11/vivendo-do-ocio-hasta-la-bahia-2025.html,exact
2025 - Yangprj; NEGGS - LIBERTADOR PT2,2025,1,7,mega.nz,https://mega.nz/file/dCk22KIK#rBbKC_dcGa6-jPGF6Kdpg_RAr3-wkBPQZbsEiEf9eng,https://www.hominiscanidae.org/2025/12/neggs-e-yangprj-libertador-2025.html,exact
2025 - Zepelim e o Sopro do Cão - Arquibancada Sol,2025,1,6,mega.nz,https://mega.nz/file/VL1FCIoQ#zN0g7NQIe5rBnR3Nh4hwwqe1VuFMYwc61ZM_AyOoiZc,https://www.hominiscanidae.org/2025/10/zepelim-e-o-sopro-do-cao-arquibancada.html,exact
2025 - infinita madrugada - Madrugada Vazia,2025,1,6,mega.nz,https://mega.nz/file/1TEkCaKI#Gn4yImdqmNsgbY1rd5ycFFFiKf-qncvLuea_ab6hnaU,https://www.hominiscanidae.org/2025/10/infinita-madrugada-madrugada-vazia-2025.html,exact
2026 - Dazluz - SUPERLIXO DELUXE VOL.2 RADIO K.B,2026,1,10,mega.nz,https://mega.nz/file/zINlGATL#MDvUz9MoxNR1LMKyoz4HlIbRoSM7xtFGtxT0i-7zMOA,https://www.hominiscanidae.org/2026/02/dazluz-superlixo-deluxe-vol3-antimei.html,exact
2026 - Eric Be - Sigo Andando em Frente,2026,1,4,mega.nz,https://mega.nz/file/hHBCTZBA#8ajrM-ZqZjUIKaAkhIZjhfRe1feYE_-0ON6oYuQLQIU,https://www.hominiscanidae.org/2026/03/eric-be-sigo-andando-em-frente-2026.html,exact
2026 - Gil Felix - Heroi de Sertão,2026,1,3,mega.nz,https://mega.nz/file/ORslEBBK#7Rd9cGPZ4K2EYivw1m7QJZ_91Am9laCtMBflF0PWzYk,https://www.hominiscanidae.org/2026/04/gil-felix-heroi-de-sertao-2026.html,exact
2026 - João Merín - Melô do Pajé,2026,1,4,mega.nz,https://mega.nz/file/HMdE0YRY#a8CQtiNid4xh37JJArfsBiAIuqfOTl_gZOJPE95Pvd0,https://www.hominiscanidae.org/2026/02/joao-merin-melo-do-paje-2025.html,exact
2013 - Meno Del Picchia - Macaco Sem Pelo,2013,1,6,menodelpicchia.com.br,http://www.menodelpicchia.com.br/wp-content/uploads/2013/11/Meno-Del-Picchia_Macaco-Sem-Pelo.zip,https://www.hominiscanidae.org/2013/12/meno-del-picchia-macaco-sem-pelo-2013.html,exact
2012 - Winteryard - The place where I've been before EP,2012,1,2,monotunerecords.bandcamp.com,http://monotunerecords.bandcamp.com/album/endless-winter-ep-2015,https://www.hominiscanidae.org/2015/03/winteryard-endless-winter-2015.html,exact
2016 - Well - Gênese,2016,1,5,rapnacionaldownload.com.br,http://www.rapnacionaldownload.com.br/38827/genese-well/,https://www.hominiscanidae.org/2016/11/well-genese-2016.html,exact
2016 - Salomão Terra - Pacífico,2016,1,4,salomaoterra.com.br,http://www.salomaoterra.com.br/salomao-terra-pacifico-2016.rar,https://www.hominiscanidae.org/2016/05/salomao-terra-pacifico-2016.html,exact
2015 - Monte Resina - EP,2015,1,4,sinewave.com.br,http://sinewave.com.br/albums/monteresina/sw0144.monteresina_ep.zip,https://www.hominiscanidae.org/2015/07/monte-resina-ep-2015.html,exact
2013 - Suburban Stereotype - Carnaval,2013,1,5,suburbanstereotype.com.br,http://www.suburbanstereotype.com.br/wp-content/uploads/2013/11/Carnaval.zip,https://www.hominiscanidae.org/2014/05/suburban-stereotype-carnaval-2013.html,exact
