path,slug,title,artist,year,track_file,md_exists,bc_url,bc_type,folder_exists,n_files
2026 - Afterhourless No Friends At Dusk,afterhourless-no-friends-at-dusk-2025,Afterhourless No Friends At Dusk,,2026,afterhourless-no-friends-at-dusk-2025.mp3,True,https://shorediverecords.bandcamp.com/album/no-friends-at-dusk,album,True,2
2026 - Bruxa Do Mangue Antifa Ep,bruxa-do-mangue-antifa-ep-2026,Bruxa Do Mangue Antifa Ep,,2026,bruxa-do-mangue-antifa-ep-2026.mp3,True,https://nightmarecho.bandcamp.com/album/antifa-ep,album,True,2
2026 - Cement Tea,cement-tea-2026,Cement Tea,,2026,cement-tea-2026.mp3,True,https://cementtea.bandcamp.com/album/--3,album,True,2
2026 - Clovis Cosmo Vastopasto E Os,clovis-cosmo-vastopasto-e-os,Clovis Cosmo Vastopasto E Os,,2026,clovis-cosmo-vastopasto-e-os.mp3,True,https://cloviscosmo.bandcamp.com/album/vastopasto-e-os-cerradofuturistas-sequestraram-a-rel-giocomotiva,album,True,2
2026 - Echo Upstairs Nossas Sombras Serao,echo-upstairs-nossas-sombras-serao,Echo Upstairs Nossas Sombras Serao,,2026,echo-upstairs-nossas-sombras-serao.mp3,True,https://echoupstairsmm.bandcamp.com/album/nossas-sombras-ser-o-guas,album,True,2
2026 - Emecê - Desbatizado,fabio-emece-preto-velho-2018,Desbatizado,Emecê,2026,fabio-emece-preto-velho-2018.mp3,True,https://fabioemece.bandcamp.com,generic,True,2
2026 - Germano Da Silva Feitico De Mestico,germano-da-silva-feitico-de-mestico-2025,Germano Da Silva Feitico De Mestico,,2026,germano-da-silva-feitico-de-mestico-2025.mp3,True,https://germanodasilva.bandcamp.com/album/feiti-o-de-mesti-o,album,True,2
2026 - God Pussy - Favela Gore,god-pussy-degenerate-landscape-2017,Favela Gore,God Pussy,2026,god-pussy-degenerate-landscape-2017.mp3,True,https://godpussy.bandcamp.com,generic,True,2
2026 - Gringos De Abril Mais Uma Volta Ao,gringos-de-abril-mais-uma-volta-ao,Gringos De Abril Mais Uma Volta Ao,,2026,gringos-de-abril-mais-uma-volta-ao.mp3,True,https://floatingsheep.bandcamp.com/album/floating-sheep,album,True,2
2026 - Gringos De Fevereiro O Que Ha De Mais,gringos-de-fevereiro-o-que-ha-de-mais,Gringos De Fevereiro O Que Ha De Mais,,2026,gringos-de-fevereiro-o-que-ha-de-mais.mp3,True,https://atadune.bandcamp.com/album/tekosa,album,True,2
2026 - Gringos De Janeiro Um Passeio Pelo,gringos-de-janeiro-um-passeio-pelo,Gringos De Janeiro Um Passeio Pelo,,2026,gringos-de-janeiro-um-passeio-pelo.mp3,True,https://eq-sub-label.bandcamp.com/album/liebe,album,True,2
2026 - Gringos De Marco Essa Mistura De,gringos-de-marco-essa-mistura-de,Gringos De Marco Essa Mistura De,,2026,gringos-de-marco-essa-mistura-de.mp3,True,https://w-berg.bandcamp.com/album/highland-village-2,album,True,2
2026 - HAYZ - 2026 - HAYZ - Hayz Nao Estamos Mais Em Casa,hayz-nao-estamos-mais-em-casa-2019,2026 - HAYZ - Hayz Nao Estamos Mais Em Casa,HAYZ,2026,hayz-nao-estamos-mais-em-casa-2019.mp3,True,https://hayz.bandcamp.com,generic,True,2
2026 - Humbra - Tratados do Amor Próprio (Flowed Fuzz),humbra-tempos-mal-vividos-ep-2016,Tratados do Amor Próprio (Flowed Fuzz),Humbra,2026,humbra-tempos-mal-vividos-ep-2016.mp3,True,https://bandahumbra.bandcamp.com,generic,True,2
2026 - Infinita Madrugada - Linhas Tortas Você Não Me Conhece,01. Linhas Tortas,Linhas Tortas Você Não Me Conhece,Infinita Madrugada,2026,01. Linhas Tortas.mp3,False,,none,True,2
2026 - Kaatayra - Caminhos de Água,kaatayra-nascido-sob-o-signo,Caminhos de Água,Kaatayra,2026,kaatayra-nascido-sob-o-signo.mp3,True,https://kaatayra.bandcamp.com,generic,True,2
2026 - Kabeca Cheia Demais,kabeca-cheia-demais-2025,Kabeca Cheia Demais,,2026,kabeca-cheia-demais-2025.mp3,True,https://kabecacheia.bandcamp.com/album/demais,album,True,2
2026 - Larva Serrote Signo Estrelado,larva-serrote-signo-estrelado-2026,Larva Serrote Signo Estrelado,,2026,larva-serrote-signo-estrelado-2026.mp3,True,https://yaelfct.bandcamp.com/album/signo-estrelado,album,True,2
2026 - Med Zentorno - Enredo,pressagio-demo-wpp-2-2020,Enredo,Med Zentorno,2026,pressagio-demo-wpp-2-2020.mp3,True,https://thiagomiazzo.bandcamp.com/album/demo-wpp-2,album,True,2
"2026 - Nobat, brandu - 2026 - Nobat, brandu - Nobat Insonia",nobat-insonia-2014,"2026 - Nobat, brandu - Nobat Insonia","Nobat, brandu",2026,nobat-insonia-2014.mp3,True,https://nobat.bandcamp.com,generic,True,2
"2026 - NoiseRed -Underground Manifesto - Diferentes Bandeiras, o mesmo Inimigo vol.2",coletanea-noisered-diferentes-bandeiras,"Underground Manifesto - Diferentes Bandeiras, o mesmo Inimigo vol.2",NoiseRed,2026,coletanea-noisered-diferentes-bandeiras.mp3,True,https://noisered.bandcamp.com/album/diferentes-bandeiras-o-mesmo-inimigo-vol-2,album,True,2
2026 - O Espaco E Um Lugar Frio E Vazio,o-espaco-e-um-lugar-frio-e-vazio,O Espaco E Um Lugar Frio E Vazio,,2026,o-espaco-e-um-lugar-frio-e-vazio.mp3,True,https://outonodiscos.bandcamp.com/album/semimetais-single,album,True,2
2026 - Odradek Horror Vacui,odradek-horror-vacui-2026,Odradek Horror Vacui,,2026,odradek-horror-vacui-2026.mp3,True,https://odradekbr.bandcamp.com/album/horror-vacui,album,True,2
2026 - pandUkkyi - Canções... Blérgh! Para Amores Perdedores,pandukkyi-shiawase-2020,Canções... Blérgh! Para Amores Perdedores,pandUkkyi,2026,pandukkyi-shiawase-2020.mp3,True,https://pandukkyi.bandcamp.com,generic,True,2
2026 - Parque Da Sao Ideograma,parque-da-sao-ideograma-2025,Parque Da Sao Ideograma,,2026,parque-da-sao-ideograma-2025.mp3,True,https://selokirecords.bandcamp.com/album/ideograma,album,True,2
2026 - Realidade Encoberta - Big Tech Über Alles,realidade-encoberta-nao-vivamos-mais,Big Tech Über Alles,Realidade Encoberta,2026,realidade-encoberta-nao-vivamos-mais.mp3,True,https://realidadeencoberta.bandcamp.com,generic,True,2
2026 - Sendero Veneco - SENDERO VENECO - VOL.1 PROGRECALIPSIS,lolo-soundsystem-lolo-soundsystem-2020,SENDERO VENECO - VOL.1 PROGRECALIPSIS,Sendero Veneco,2026,lolo-soundsystem-lolo-soundsystem-2020.mp3,True,https://prolapsorecords.bandcamp.com,generic,True,2
2026 - Tomentosa Tez - CANCÃO,tomentosa-tez-cancao-2026,CANCÃO,Tomentosa Tez,2026,tomentosa-tez-cancao-2026.mp3,True,https://tomentosatez.bandcamp.com/album/canc-o,album,True,2
2026 - Velha Velha,velha-velha-2026,Velha Velha,,2026,velha-velha-2026.mp3,True,https://midsummermadness.bandcamp.com/album/velha,album,True,2
2026 - Walter Willy Cinturoes De Van Halen,walter-willy-cinturoes-de-van-halen-2025,Walter Willy Cinturoes De Van Halen,,2026,walter-willy-cinturoes-de-van-halen-2025.mp3,True,https://chupamanga.bandcamp.com/album/cintur-es-de-van-halen,album,True,2
2025 - Alberto Continentino Cabeca Mil E O,alberto-continentino-cabeca-mil-e-o,Alberto Continentino Cabeca Mil E O,,2025,alberto-continentino-cabeca-mil-e-o.mp3,True,https://albertocontinentino.bandcamp.com/album/cabe-a-a-mil-e-o-corpo-lento,album,True,2
2025 - Alexandre Rodrigues Kaete,alexandre-rodrigues-kaete-2025,Alexandre Rodrigues Kaete,,2025,alexandre-rodrigues-kaete-2025.mp3,True,https://rodriguesalexandre.bandcamp.com/album/kaet,album,True,2
2025 - Alice Assoviei; Mari Blue - Explícita,01 Cara de Mau,Explícita,Alice Assoviei; Mari Blue,2025,01 Cara de Mau.mp3,False,,none,True,2
2025 - Ana Paia Continuar,ana-paia-continuar-2025,Ana Paia Continuar,,2025,ana-paia-continuar-2025.mp3,True,https://anapaiademais.bandcamp.com/album/continuar,album,True,2
2025 - Antonio Adolfo Carnaval Songs Were So,antonio-adolfo-carnaval-songs-were-so,Antonio Adolfo Carnaval Songs Were So,,2025,antonio-adolfo-carnaval-songs-were-so.mp3,True,https://antonioadolfo1.bandcamp.com/album/carnaval-the-songs-were-so-beautiful,album,True,2
2025 - ASTROPHYSICS - Vanilla Deathwish,astrophysics-astros-bizarre-discoteque,Vanilla Deathwish,ASTROPHYSICS,2025,astrophysics-astros-bizarre-discoteque.mp3,True,https://astrophysicsbrazil.bandcamp.com,generic,True,2
2025 - Badsista Cuteboyz,badsista-cuteboyz-2025,Badsista Cuteboyz,,2025,badsista-cuteboyz-2025.mp3,True,https://badsista.bandcamp.com/album/cuteboyz,album,True,2
2025 - Bahsi Castle,bahsi-castle-2025,Bahsi Castle,,2025,bahsi-castle-2025.mp3,True,https://lazyfriendzzz.bandcamp.com/album/castle,album,True,2
2025 - Banda Aero; Ella Morais - Bem-Me-Quer,02 Aurora,Bem-Me-Quer,Banda Aero; Ella Morais,2025,02 Aurora.mp3,False,,none,True,2
2025 - Banda De Pau E Corda - Sonhos de Uma Noite de São João,01 Banda De Pau E Corda - Definitivamente,Sonhos de Uma Noite de São João,Banda De Pau E Corda,2025,01 Banda De Pau E Corda - Definitivamente.mp3,False,,none,True,2
2025 - Beiramaquina Modus Ofeganti De,beiramaquina-modus-ofeganti-de,Beiramaquina Modus Ofeganti De,,2025,beiramaquina-modus-ofeganti-de.mp3,True,https://beiramaquina.bandcamp.com/album/modus-ofeganti-de-beiramaquina,album,True,2
2025 - Bike Noise Meditations,bike-noise-meditations-2025,Bike Noise Meditations,,2025,bike-noise-meditations-2025.mp3,True,https://bikeoficial.bandcamp.com/album/noise-meditations,album,True,2
2025 - Blackbuzz Vs Implacavel Razao Sinal,blackbuzz-vs-implacavel-razao-sinal,Blackbuzz Vs Implacavel Razao Sinal,,2025,blackbuzz-vs-implacavel-razao-sinal.mp3,True,https://blackbuzz.bandcamp.com/album/vs-a-implac-vel-raz-o-sinal-ru-do,album,True,2
2025 - Cajupitanga Sonhei Que Estava Em,cajupitanga-sonhei-que-estava-em,Cajupitanga Sonhei Que Estava Em,,2025,cajupitanga-sonhei-que-estava-em.mp3,True,https://cajupitanga.bandcamp.com/album/sonhei-que-estava-em-takamatsu,album,True,2
2025 - Carcaras Libertacao Ep,carcaras-libertacao-ep-2025,Carcaras Libertacao Ep,,2025,carcaras-libertacao-ep-2025.mp3,True,https://carcaras.bandcamp.com/album/liberta-o,album,True,2
"2025 - Carol Pedroso; O som que vem delas; Suraras do Tapajós - Eu canto minha força, meu lugar!",04 No Batuque de Alter,"Eu canto minha força, meu lugar!",Carol Pedroso; O som que vem delas; Suraras do Tapajós,2025,04 No Batuque de Alter.mp3,False,,none,True,2
2025 - Coletanea Discos Flutuantes Musica,coletanea-discos-flutuantes-musica,Coletanea Discos Flutuantes Musica,,2025,coletanea-discos-flutuantes-musica.mp3,True,https://discosflutuantes.bandcamp.com/album/m-sica-ambiente-do-brasil,album,True,2
2025 - Confeitaria Joao Paulo Prazeres Cheia,confeitaria-joao-paulo-prazeres-cheia,Confeitaria Joao Paulo Prazeres Cheia,,2025,confeitaria-joao-paulo-prazeres-cheia.mp3,True,https://confeitaria.bandcamp.com/album/cheia,album,True,2
2025 - Cães de Prata - 2025 - Cães de Prata - caes-de-prata-fitas-p-o-terceiro-filme,caes-de-prata-fitas-p-o-terceiro-filme,2025 - Cães de Prata - caes-de-prata-fitas-p-o-terceiro-filme,Cães de Prata,2025,caes-de-prata-fitas-p-o-terceiro-filme.mp3,True,https://caesdeprata.bandcamp.com,generic,True,2
2025 - Daniel Exposto Vicious,daniel-exposto-vicious-2025,Daniel Exposto Vicious,,2025,daniel-exposto-vicious-2025.mp3,True,https://danielexposto.bandcamp.com/album/vicious,album,True,2
2025 - Dennis E O Cao Da Meia Noite Ao Vivo No,dennis-e-o-cao-da-meia-noite-ao-vivo-no,Dennis E O Cao Da Meia Noite Ao Vivo No,,2025,dennis-e-o-cao-da-meia-noite-ao-vivo-no.mp3,True,https://denniseocodameia-noite.bandcamp.com/album/ao-vivo-no-manga,album,True,2
2025 - Desalmado Monopoly Of Violence,desalmado-monopoly-of-violence-2025,Desalmado Monopoly Of Violence,,2025,desalmado-monopoly-of-violence-2025.mp3,True,https://desalmado.bandcamp.com/album/monopoly-of-violence,album,True,2
2025 - Diego Max Patrimonio Nacional,diego-max-patrimonio-nacional-2025,Diego Max Patrimonio Nacional,,2025,diego-max-patrimonio-nacional-2025.mp3,True,https://diegomax.bandcamp.com/album/patrim-nio-nacional,album,True,2
2025 - Dimy Eu Sei Que Eu Disse,dimy-eu-sei-que-eu-disse-2025,Dimy Eu Sei Que Eu Disse,,2025,dimy-eu-sei-que-eu-disse-2025.mp3,True,https://fazendaeletricarecords.bandcamp.com/album/dimy-eu-sei-que-eu-disse,album,True,2
2025 - Disstantes Cybertropico,disstantes-cybertropico-2025,Disstantes Cybertropico,,2025,disstantes-cybertropico-2025.mp3,True,https://disstantes.bandcamp.com/album/cybertr-pico-disstantes,album,True,2
2025 - Eliminadorzinho Eternamente,eliminadorzinho-eternamente-2025,Eliminadorzinho Eternamente,,2025,eliminadorzinho-eternamente-2025.mp3,True,https://eliminadorzinho.bandcamp.com/album/eternamente,album,True,2
2025 - Ente Voltarei Ser Parte De Tudo,ente-voltarei-ser-parte-de-tudo-2025,Ente Voltarei Ser Parte De Tudo,,2025,ente-voltarei-ser-parte-de-tudo-2025.mp3,True,https://selokirecords.bandcamp.com/album/voltarei-a-ser-parte-de-tudo,album,True,2
2025 - Facada Truculence,facada-truculence-2025,Facada Truculence,,2025,facada-truculence-2025.mp3,True,https://facadagrind.bandcamp.com/album/truculence,album,True,2
2025 - Fernando Motta Movimento Algum,fernando-motta-movimento-algum-2025,Fernando Motta Movimento Algum,,2025,fernando-motta-movimento-algum-2025.mp3,True,https://fernandomotta.bandcamp.com/album/movimento-algum,album,True,2
2025 - Gabriel Araujo Lugar Ep,gabriel-araujo-lugar-ep-2025,Gabriel Araujo Lugar Ep,,2025,gabriel-araujo-lugar-ep-2025.mp3,True,https://gabrielaraujo.bandcamp.com/album/lugar,album,True,2
2025 - Germano da Silva - solilóquio,01. Germano da Silva - amontoado,solilóquio,Germano da Silva,2025,01. Germano da Silva - amontoado.mp3,False,,none,True,2
2025 - Gringos De Abril Uma Viagem Sonora Pela,gringos-de-abril-uma-viagem-sonora-pela,Gringos De Abril Uma Viagem Sonora Pela,,2025,gringos-de-abril-uma-viagem-sonora-pela.mp3,True,https://mindses.bandcamp.com/album/tioweh,album,True,2
2025 - Gringos De Agosto Conheca Novos,gringos-de-agosto-conheca-novos,Gringos De Agosto Conheca Novos,,2025,gringos-de-agosto-conheca-novos.mp3,True,https://submarinebroadcastingco.bandcamp.com/album/the-very-thing-that-we-need,album,True,2
2025 - Gringos De Dezembro Fechando Tampa De,gringos-de-dezembro-fechando-tampa-de,Gringos De Dezembro Fechando Tampa De,,2025,gringos-de-dezembro-fechando-tampa-de.mp3,True,https://alexaugier.bandcamp.com/album/the-lyrical-age,album,True,2
2025 - Gringos De Fevereiro Nossa Compilacao,gringos-de-fevereiro-nossa-compilacao,Gringos De Fevereiro Nossa Compilacao,,2025,gringos-de-fevereiro-nossa-compilacao.mp3,True,https://sairen.bandcamp.com/album/penumbra,album,True,2
2025 - Gringos De Janeiro Um Post Com Albuns E,gringos-de-janeiro-um-post-com-albuns-e,Gringos De Janeiro Um Post Com Albuns E,,2025,gringos-de-janeiro-um-post-com-albuns-e.mp3,True,https://sideralcafe.bandcamp.com/album/un,album,True,2
2025 - Gringos De Julho Ta Cansado Da Mesmice,gringos-de-julho-ta-cansado-da-mesmice,Gringos De Julho Ta Cansado Da Mesmice,,2025,gringos-de-julho-ta-cansado-da-mesmice.mp3,True,https://thecolorofcyan.bandcamp.com/album/as-human,album,True,2
2025 - Gringos De Junho Mais Um Compilado De,gringos-de-junho-mais-um-compilado-de,Gringos De Junho Mais Um Compilado De,,2025,gringos-de-junho-mais-um-compilado-de.mp3,True,https://rosacaninamusic.bandcamp.com/album/waiting-list,album,True,2
2025 - Gringos De Maio Um Post Fino Com 5,gringos-de-maio-um-post-fino-com-5,Gringos De Maio Um Post Fino Com 5,,2025,gringos-de-maio-um-post-fino-com-5.mp3,True,https://nthnlsound.bandcamp.com/album/awareness-of-the-wind-within-lp,album,True,2
2025 - Gringos De Marco So Som Gringo Louco E,gringos-de-marco-so-som-gringo-louco-e,Gringos De Marco So Som Gringo Louco E,,2025,gringos-de-marco-so-som-gringo-louco-e.mp3,True,https://groovexanadu.bandcamp.com/album/groove-xanadu,album,True,2
2025 - Gringos De Novembro Mais Uma Compilacao,gringos-de-novembro-mais-uma-compilacao,Gringos De Novembro Mais Uma Compilacao,,2025,gringos-de-novembro-mais-uma-compilacao.mp3,True,https://estebanseunarine.bandcamp.com/album/frequencies-for-ghosts,album,True,2
2025 - Gringos De Outubro Mais Uma Leva,gringos-de-outubro-mais-uma-leva,Gringos De Outubro Mais Uma Leva,,2025,gringos-de-outubro-mais-uma-leva.mp3,True,https://twinparadoxrecords.bandcamp.com/album/harmony-awakening,album,True,2
2025 - Gringos De Setembro Um Passeio Pelo,gringos-de-setembro-um-passeio-pelo,Gringos De Setembro Um Passeio Pelo,,2025,gringos-de-setembro-um-passeio-pelo.mp3,True,https://skambidt.bandcamp.com/album/abstraktionens-essens,album,True,2
2025 - Guandu No Fi,guandu-no-fi-2025,Guandu No Fi,,2025,guandu-no-fi-2025.mp3,True,https://candlepinrecords.bandcamp.com/album/no-fi,album,True,2
2025 - Guma Virando Noite,guma-virando-noite-2025,Guma Virando Noite,,2025,guma-virando-noite-2025.mp3,True,https://gumabanda.bandcamp.com/album/virando-noite-2,album,True,2
2025 - Gustrago - Oceanico,3. Gustrago - amigo do fim,Oceanico,Gustrago,2025,3. Gustrago - amigo do fim.mp3,False,,none,True,2
2025 - Hugo Medeiros Tempo Curvo,hugo-medeiros-tempo-curvo-2025,Hugo Medeiros Tempo Curvo,,2025,hugo-medeiros-tempo-curvo-2025.mp3,True,https://hugomedeiros.bandcamp.com/album/tempo-curvo,album,True,2
2025 - Hyldon Hyldon Jid023,hyldon-hyldon-jid023-2025,Hyldon Hyldon Jid023,,2025,hyldon-hyldon-jid023-2025.mp3,True,https://hyldon.bandcamp.com/album/hyldon-jid023,album,True,2
2025 - Jadsa Big Buraco,jadsa-big-buraco-2025,Jadsa Big Buraco,,2025,jadsa-big-buraco-2025.mp3,True,,none,True,2
2025 - Jonas Sa Mnstr,jonas-sa-mnstr-2025,Jonas Sa Mnstr,,2025,jonas-sa-mnstr-2025.mp3,True,https://jonassa.bandcamp.com/album/mnstr,album,True,2
2025 - Joyce Alane - Casa Coração,03 A natureza das coisas,Casa Coração,Joyce Alane,2025,03 A natureza das coisas.mp3,False,,none,True,2
2025 - Kovtun Transcendental Obscura,kovtun-transcendental-obscura-2025,Kovtun Transcendental Obscura,,2025,kovtun-transcendental-obscura-2025.mp3,True,https://kovtun.bandcamp.com/album/transcendental-obscura,album,True,2
2025 - le0n - Resíduos Mecânicos,02. Le0n - Temo,Resíduos Mecânicos,le0n,2025,02. Le0n - Temo.mp3,False,,none,True,2
2025 - Lea Arafah Ao Vivo Na Casa Gramo,lea-arafah-ao-vivo-na-casa-gramo-2025,Lea Arafah Ao Vivo Na Casa Gramo,,2025,lea-arafah-ao-vivo-na-casa-gramo-2025.mp3,True,https://leaarafah.bandcamp.com/album/ao-vivo-na-casa-gramo,album,True,2
2025 - Leftleaving Leftleaving,leftleaving-leftleaving-2024,Leftleaving Leftleaving,,2025,leftleaving-leftleaving-2024.mp3,True,https://leftleaving.bandcamp.com/album/left-leaving,album,True,2
2025 - Lento Distante Tecendo Ficcoes,lento-distante-tecendo-ficcoes-2025,Lento Distante Tecendo Ficcoes,,2025,lento-distante-tecendo-ficcoes-2025.mp3,True,https://lentodistante.bandcamp.com/album/tecendo-fic-es,album,True,2
2025 - Loca - 1 4 Quem Sou,06 Ai Eu (Quem Sou),1 4 Quem Sou,Loca,2025,06 Ai Eu (Quem Sou).mp3,False,,none,True,2
2025 - Lovestain Absence,lovestain-absence-2025,Lovestain Absence,,2025,lovestain-absence-2025.mp3,True,https://honestarchive.bandcamp.com/album/the-absence,album,True,2
"2025 - Luan Carvalho - Fé, Amor e Groove",03 Outro Patamar,"Fé, Amor e Groove",Luan Carvalho,2025,03 Outro Patamar.mp3,False,,none,True,2
2025 - Luca Argel Meigo Energumeno,luca-argel-meigo-energumeno-2025,Luca Argel Meigo Energumeno,,2025,luca-argel-meigo-energumeno-2025.mp3,True,https://lucaargel.bandcamp.com/album/meigo-energ-meno,album,True,2
2025 - Lupe De Lupe Amor,lupe-de-lupe-amor-2025,Lupe De Lupe Amor,,2025,lupe-de-lupe-amor-2025.mp3,True,https://lupedelupe.bandcamp.com/album/amor,album,True,2
2025 - Mad Chicken Ab Ovo,mad-chicken-ab-ovo-2025,Mad Chicken Ab Ovo,,2025,mad-chicken-ab-ovo-2025.mp3,True,https://madchicken.bandcamp.com/album/ep-ab-ovo-2025,album,True,2
2025 - Madre Vazio Obsceno,madre-vazio-obsceno-2024,Madre Vazio Obsceno,,2025,madre-vazio-obsceno-2024.mp3,True,https://selokirecords.bandcamp.com/album/vazio-obsceno,album,True,2
2025 - Manger Cadavre Como Nascem Os Monstros,manger-cadavre-como-nascem-os-monstros,Manger Cadavre Como Nascem Os Monstros,,2025,manger-cadavre-como-nascem-os-monstros.mp3,True,https://mangercadavre.bandcamp.com/album/como-nascem-os-monstros,album,True,2
2025 - Marchioretto - NADA MAIS SERÁ COMO ANTES,marchioretto-um-dia-gente-esquece-tudo,NADA MAIS SERÁ COMO ANTES,Marchioretto,2025,marchioretto-um-dia-gente-esquece-tudo.mp3,True,https://pessoaquevoa.bandcamp.com/album/um-dia-a-gente-esquece-tudo-isso,album,True,2
2025 - Matheus Mota Armario Cheio De Dentes,matheus-mota-armario-cheio-de-dentes,Matheus Mota Armario Cheio De Dentes,,2025,matheus-mota-armario-cheio-de-dentes.mp3,True,https://matheusmota.bandcamp.com/album/arm-rio-cheio-de-dentes,album,True,2
2025 - Metropole Maluca - Anedotas Urbanísticas,25-discos-legais-que-voce-deveria-ter,Anedotas Urbanísticas,Metropole Maluca,2025,25-discos-legais-que-voce-deveria-ter.mp3,True,https://hominiscanidaerec.bandcamp.com,generic,True,2
2025 - Monchmonch Martemorte,monchmonch-martemorte-2025,Monchmonch Martemorte,,2025,monchmonch-martemorte-2025.mp3,True,https://selokirecords.bandcamp.com/album/martemorte,album,True,2
2025 - Mulato Criatura,mulato-criatura-2025,Mulato Criatura,,2025,mulato-criatura-2025.mp3,True,https://mvlato.bandcamp.com/album/criatura,album,True,2
2025 - Nigeria Futebol Clube - Entre Quatro Paredes,nigeria-futebol-clube-entre-quatro,Entre Quatro Paredes,Nigeria Futebol Clube,2025,nigeria-futebol-clube-entre-quatro.mp3,True,https://nigeriafutebolclube.bandcamp.com/album/entre-quatro-paredes,album,True,2
2025 - Nosso Querido Figueiredo - 2025 - Nosso Querido Figueiredo - nosso-querido-figueiredo-metafora-ep,nosso-querido-figueiredo-metafora-ep,2025 - Nosso Querido Figueiredo - nosso-querido-figueiredo-metafora-ep,Nosso Querido Figueiredo,2025,nosso-querido-figueiredo-metafora-ep.mp3,True,,none,True,2
2025 - Nosso Querido Figueiredo - 2025 - Nosso Querido Figueiredo - nosso-querido-figueiredo-nos-tambem-nao,nosso-querido-figueiredo-nos-tambem-nao,2025 - Nosso Querido Figueiredo - nosso-querido-figueiredo-nos-tambem-nao,Nosso Querido Figueiredo,2025,nosso-querido-figueiredo-nos-tambem-nao.mp3,True,https://nossoquerido.bandcamp.com,generic,True,2
2025 - Nosso Querido Figueiredo - Eu Não Estou Em Sintonia 10 Anos,nosso-querido-figueiredo-eu-nao-estou,Eu Não Estou Em Sintonia 10 Anos,Nosso Querido Figueiredo,2025,nosso-querido-figueiredo-eu-nao-estou.mp3,True,https://nossoquerido.bandcamp.com/album/eu-n-o-estou-em-sintonia-10-anos,album,True,2
2025 - Orquestra Afro Brasileira 80 Anos,orquestra-afro-brasileira-80-anos,Orquestra Afro Brasileira 80 Anos,,2025,orquestra-afro-brasileira-80-anos.mp3,True,https://amorinsound.bandcamp.com/album/80-anos-remixes,album,True,2
2025 - Pastel De Miolos Cancoes De Luta E,pastel-de-miolos-cancoes-de-luta-e,Pastel De Miolos Cancoes De Luta E,,2025,pastel-de-miolos-cancoes-de-luta-e.mp3,True,https://pasteldemiolos.bandcamp.com/album/can-es-de-luta-e-subvers-o,album,True,2
2025 - Pelados Contato,pelados-contato-2025,Pelados Contato,,2025,pelados-contato-2025.mp3,True,https://pelados.bandcamp.com/album/contato,album,True,2
2025 - Pelos - 2025 - Pelos - pelos-paraiso-perdido-nos-bolsos-2016,pelos-paraiso-perdido-nos-bolsos-2016,2025 - Pelos - pelos-paraiso-perdido-nos-bolsos-2016,Pelos,2025,pelos-paraiso-perdido-nos-bolsos-2016.mp3,True,https://pelos.bandcamp.com,generic,True,2
2025 - pranada - ESPANTA HYPE!,03. Amigo do fim,ESPANTA HYPE!,pranada,2025,03. Amigo do fim.mp3,False,,none,True,2
2025 - Pulsive - Ato 3,03 Aqui,Ato 3,Pulsive,2025,03 Aqui.mp3,False,,none,True,2
2025 - Putrefacta Natimorto,putrefacta-natimorto-2025,Putrefacta Natimorto,,2025,putrefacta-natimorto-2025.mp3,True,https://putrefacta.bandcamp.com/album/natimorto,album,True,2
2025 - raad abdullah ferreira - artista de domingo,01. raad abdullah ferreira - av. da boavista,artista de domingo,raad abdullah ferreira,2025,01. raad abdullah ferreira - av. da boavista.mp3,False,,none,True,2
2025 - Reagents - Marulho Vol. 1,04 - Chorume - Conde,Marulho Vol. 1,Reagents,2025,04 - Chorume - Conde.mp3,False,,none,True,2
2025 - Seu Juvenal - O Que É Underground!,04 Congresso Nacional,O Que É Underground!,Seu Juvenal,2025,04 Congresso Nacional.mp3,False,,none,True,2
2025 - Sistilho Passado Pra Sempre,sistilho-passado-pra-sempre-2025,Sistilho Passado Pra Sempre,,2025,sistilho-passado-pra-sempre-2025.mp3,True,https://sistilho.bandcamp.com/album/passado-pra-sempre,album,True,2
2025 - Sophia Chablau E Felipe Vaqueiro,sophia-chablau-e-felipe-vaqueiro,Sophia Chablau E Felipe Vaqueiro,,2025,sophia-chablau-e-felipe-vaqueiro.mp3,True,https://sophiachablauefelipevaqueiro.bandcamp.com/album/handycam,album,True,2
2025 - T. Greguol Afonso Macedo Alexandre Duayer Chico Netto Kal Venturi Lourenço Netto Marcelo Morella Quilder de Paula Sérgio Arara Tannus Marcos Banana - Coisa,"01 - T. Greguol, Afonso Macedo, Alexandre Duayer, Chico - Coisa",Coisa,T. Greguol Afonso Macedo Alexandre Duayer Chico Netto Kal Venturi Lourenço Netto Marcelo Morella Quilder de Paula Sérgio Arara Tannus Marcos Banana,2025,"01 - T. Greguol, Afonso Macedo, Alexandre Duayer, Chico - Coisa.mp3",False,,none,True,2
2025 - Terraplana Natural,terraplana-natural-2025,Terraplana Natural,,2025,terraplana-natural-2025.mp3,True,https://terraplana.bandcamp.com/album/natural,album,True,2
2025 - Test Deafkids Sem Esperancas,test-deafkids-sem-esperancas-2025,Test Deafkids Sem Esperancas,,2025,test-deafkids-sem-esperancas-2025.mp3,True,https://testgrind.bandcamp.com/album/sem-esperan-as,album,True,2
2025 - Umbu Umbu,umbu-umbu-2025,Umbu Umbu,,2025,umbu-umbu-2025.mp3,True,https://umbumusica.bandcamp.com/album/umbu,album,True,2
2025 - Valentim Frateschi Estreito,valentim-frateschi-estreito-2025,Valentim Frateschi Estreito,,2025,valentim-frateschi-estreito-2025.mp3,True,https://selokirecords.bandcamp.com/album/estreito,album,True,2
"2025 - Ventilador de Teto PH Mazza - Vizinhança, Pt. 2",03 - Ventilador de Teto - Amor Barato,"Vizinhança, Pt. 2",Ventilador de Teto PH Mazza,2025,03 - Ventilador de Teto - Amor Barato.mp3,False,,none,True,2
2025 - Victor Biglione Renata Puntel Frugal,victor-biglione-renata-puntel-frugal,Victor Biglione Renata Puntel Frugal,,2025,victor-biglione-renata-puntel-frugal.mp3,True,https://musicmagick.bandcamp.com/album/frugal-psicodelica,album,True,2
2025 - Vitor Brauer Treinquinumpara 05,vitor-brauer-treinquinumpara-05,Vitor Brauer Treinquinumpara 05,,2025,vitor-brauer-treinquinumpara-05.mp3,True,https://vitorbrauer.bandcamp.com/album/tr-inquinump-ra-05-florian-polis,album,True,2
2025 - Vitor Brauer Treinquinumpara 06 Porto,vitor-brauer-treinquinumpara-06-porto,Vitor Brauer Treinquinumpara 06 Porto,,2025,vitor-brauer-treinquinumpara-06-porto.mp3,True,https://vitorbrauer.bandcamp.com/album/tr-inquinump-ra-06-porto-velho,album,True,2
2024 - Alfredo Dias Gomes David Feldman Jessé Sadoc Jefferson Lescowich - Tributo a Elvin Jones,"06 - Alfredo Dias Gomes, Jefferson Lescowich - Drum Solo & Duo",Tributo a Elvin Jones,Alfredo Dias Gomes David Feldman Jessé Sadoc Jefferson Lescowich,2024,"06 - Alfredo Dias Gomes, Jefferson Lescowich - Drum Solo & Duo.mp3",False,,none,True,2
2024 - Amaro Freitas Mar De Cirandeiras,amaro-freitas-mar-de-cirandeiras-2024,Amaro Freitas Mar De Cirandeiras,,2024,amaro-freitas-mar-de-cirandeiras-2024.mp3,True,https://amarofreitas.bandcamp.com/album/yy,album,True,2
2024 - Amaro Freitas Yy,amaro-freitas-yy-2024,Amaro Freitas Yy,,2024,amaro-freitas-yy-2024.mp3,True,https://amarofreitas.bandcamp.com/album/yy,album,True,2
2024 - Andre Paixao Fora Do Ritmo,andre-paixao-fora-do-ritmo-2024,Andre Paixao Fora Do Ritmo,,2024,andre-paixao-fora-do-ritmo-2024.mp3,True,https://apaixaomusic.bandcamp.com/album/fora-do-ritmo,album,True,2
2024 - Astral Comedy Quando O Dia Da Cobranca,astral-comedy-quando-o-dia-da-cobranca,Astral Comedy Quando O Dia Da Cobranca,,2024,astral-comedy-quando-o-dia-da-cobranca.mp3,True,https://astralcomedy.bandcamp.com/album/quando-o-dia-da-cobran-a-chegar-eu-estarei-pronto,album,True,2
2024 - Astral Comedy Young Riddance,astral-comedy-young-riddance-2024,Astral Comedy Young Riddance,,2024,astral-comedy-young-riddance-2024.mp3,True,https://astralcomedy.bandcamp.com/album/young-riddance,album,True,2
2024 - Aurata Osme Vol1 O Ceu Nesse Instante,aurata-osme-vol1-o-ceu-nesse-instante,Aurata Osme Vol1 O Ceu Nesse Instante,,2024,aurata-osme-vol1-o-ceu-nesse-instante.mp3,True,https://aurata.bandcamp.com/album/vol1-o-c-u-nesse-instante,album,True,2
2024 - Beeguas - Festa ao Acaso,01 - Beeguas - Tdah,Festa ao Acaso,Beeguas,2024,01 - Beeguas - Tdah.mp3,False,,none,True,2
2024 - Bona Bona,bona-bona-2024,Bona Bona,,2024,bona-bona-2024.mp3,True,https://lazyfriendzzz.bandcamp.com/album/bona,album,True,2
2024 - Bruna Lucchesi Paulo Leminski Quem Faz,bruna-lucchesi-paulo-leminski-quem-faz,Bruna Lucchesi Paulo Leminski Quem Faz,,2024,bruna-lucchesi-paulo-leminski-quem-faz.mp3,True,https://brunalucchesi.bandcamp.com/album/quem-faz-amor-faz-barulho,album,True,2
2024 - Bruno Berle No Reino Dos Afetos 2,bruno-berle-no-reino-dos-afetos-2-2024,Bruno Berle No Reino Dos Afetos 2,,2024,bruno-berle-no-reino-dos-afetos-2-2024.mp3,True,https://bruno-berle.bandcamp.com/album/no-reino-dos-afetos-2,album,True,2
2024 - Carla Boregas Pena Ao Mar,carla-boregas-pena-ao-mar-2023,Carla Boregas Pena Ao Mar,,2024,carla-boregas-pena-ao-mar-2023.mp3,True,https://carlaboregas.bandcamp.com/album/pena-ao-mar,album,True,2
2024 - Churrus Sustainable,churrus-sustainable-2024,Churrus Sustainable,,2024,churrus-sustainable-2024.mp3,True,https://churrusbr.bandcamp.com/album/sustainable,album,True,2
2024 - Colapso - Colapso,colapso-colapso-2024,Colapso,Colapso,2024,colapso-colapso-2024.mp3,True,https://colapsopunk.bandcamp.com/album/colapso,album,True,2
2024 - Deekapz Super House,deekapz-super-house-2023,Deekapz Super House,,2024,deekapz-super-house-2023.mp3,True,https://deekapz.bandcamp.com/album/super-house-ep,album,True,2
2024 - Dimitriesque Exercicio De Melancolia,dimitriesque-exercicio-de-melancolia,Dimitriesque Exercicio De Melancolia,,2024,dimitriesque-exercicio-de-melancolia.mp3,True,https://djcrow.bandcamp.com/album/exerc-cio-de-melancolia,album,True,2
2024 - Flu Carlinhos Carneiro Flulinhoneiro,flu-carlinhos-carneiro-flulinhoneiro,Flu Carlinhos Carneiro Flulinhoneiro,,2024,flu-carlinhos-carneiro-flulinhoneiro.mp3,True,https://flurocks.bandcamp.com/album/flu-carlinhos-carneiro-flulinhoneiro,album,True,2
2024 - Gloios - Natureza Errada,gloios-natureza-errada-2024,Natureza Errada,Gloios,2024,gloios-natureza-errada-2024.mp3,True,https://gloios.bandcamp.com/album/natureza-errada,album,True,2
2024 - God Pussy - negroprotesto,god-pussy-n-e-g-r-o-p-r-o-t-e-s-t-o-2024,negroprotesto,God Pussy,2024,god-pussy-n-e-g-r-o-p-r-o-t-e-s-t-o-2024.mp3,True,https://godpussy.bandcamp.com/album/negroprotesto,album,True,2
2024 - Gringos Da Semana Janeiro Cheio De,gringos-da-semana-janeiro-cheio-de,Gringos Da Semana Janeiro Cheio De,,2024,gringos-da-semana-janeiro-cheio-de.mp3,True,https://demiurgoproject.bandcamp.com/album/7-virtues-for-a-wandering-spirit,album,True,2
2024 - Gringos Da Semana Mais Uma Gira Pelo,gringos-da-semana-mais-uma-gira-pelo,Gringos Da Semana Mais Uma Gira Pelo,,2024,gringos-da-semana-mais-uma-gira-pelo.mp3,True,https://thecarriearmitagequartet.bandcamp.com/album/the-carrie-armitage-quartet,album,True,2
2024 - Gringos Da Semana Misturando Estilos,gringos-da-semana-misturando-estilos,Gringos Da Semana Misturando Estilos,,2024,gringos-da-semana-misturando-estilos.mp3,True,https://spagruckus.bandcamp.com/album/ghosts-of-perversion,album,True,2
2024 - Gringos Da Semana Muitos Synths,gringos-da-semana-muitos-synths,Gringos Da Semana Muitos Synths,,2024,gringos-da-semana-muitos-synths.mp3,True,https://cycleoperant.bandcamp.com/album/a-journey-underground,album,True,2
2024 - Gringos Da Semana Nossa Compilacao Com,gringos-da-semana-nossa-compilacao-com,Gringos Da Semana Nossa Compilacao Com,,2024,gringos-da-semana-nossa-compilacao-com.mp3,True,https://olvomusic.bandcamp.com/album/ghost-beat-tape-vol-10,album,True,2
2024 - Gringos Da Semana Nossa Compilacao De,gringos-da-semana-nossa-compilacao-de,Gringos Da Semana Nossa Compilacao De,,2024,gringos-da-semana-nossa-compilacao-de.mp3,True,https://108recordings.bandcamp.com/album/time-for-love-to-win,album,True,2
2024 - Gringosdasemama Nossa Compilacao De,gringosdasemama-nossa-compilacao-de,Gringosdasemama Nossa Compilacao De,,2024,gringosdasemama-nossa-compilacao-de.mp3,True,https://henrikpultzmelbye.bandcamp.com/album/dr-mmene,album,True,2
2024 - Gringosdasemana Antes Que Julho Acabe,gringosdasemana-antes-que-julho-acabe,Gringosdasemana Antes Que Julho Acabe,,2024,gringosdasemana-antes-que-julho-acabe.mp3,True,https://mrhexadus.bandcamp.com/track/hermetic-chamber-trinity,track,True,2
2024 - Gringosdasemana Novos Sons Gringos De,gringosdasemana-novos-sons-gringos-de,Gringosdasemana Novos Sons Gringos De,,2024,gringosdasemana-novos-sons-gringos-de.mp3,True,https://stamor.bandcamp.com/album/the-absurd,album,True,2
2024 - Gringosdasemana O Mundo E Grandao E,gringosdasemana-o-mundo-e-grandao-e,Gringosdasemana O Mundo E Grandao E,,2024,gringosdasemana-o-mundo-e-grandao-e.mp3,True,https://michelebertoni.bandcamp.com/album/sounds-for-films-of-sicily-and-sardinia,album,True,2
2024 - Gringosdasemana Uma Volta Ao Mundo Com,gringosdasemana-uma-volta-ao-mundo-com,Gringosdasemana Uma Volta Ao Mundo Com,,2024,gringosdasemana-uma-volta-ao-mundo-com.mp3,True,https://eassae.bandcamp.com/album/esse-essay,album,True,2
2024 - Gueersh Interferencias Na Fazendinha,gueersh-interferencias-na-fazendinha,Gueersh Interferencias Na Fazendinha,,2024,gueersh-interferencias-na-fazendinha.mp3,True,https://experimentosrurales.bandcamp.com/album/interfer-ncias-na-fazendinha-xr-042,album,True,2
2024 - Guerrinha Exposicao Popular,guerrinha-exposicao-popular-2024,Guerrinha Exposicao Popular,,2024,guerrinha-exposicao-popular-2024.mp3,True,https://guerrinha.bandcamp.com/album/exposi-o-popular,album,True,2
2024 - Gustavo Nobio - Chá de Boldo [Single],gustavo-nobio-sucessos-nobianos-que-o,Chá de Boldo [Single],Gustavo Nobio,2024,gustavo-nobio-sucessos-nobianos-que-o.mp3,True,https://gustavonobio.bandcamp.com/releases,generic,True,2
2024 - Gustavo Nobio - Versocrático [8D],gustavo-nobio-versocratico-8d-2024,Versocrático [8D],Gustavo Nobio,2024,gustavo-nobio-versocratico-8d-2024.mp3,True,https://gustavonobio.bandcamp.com/album/versocr-tico-8d,album,True,2
2024 - Gustavo Nobio Versocratico,gustavo-nobio-versocratico-2023,Gustavo Nobio Versocratico,,2024,gustavo-nobio-versocratico-2023.mp3,True,https://gustavonobio.bandcamp.com/album/versocr-tico-ep,album,True,2
2024 - Henrique Iwao 4 Arranjos,henrique-iwao-4-arranjos-2023,Henrique Iwao 4 Arranjos,,2024,henrique-iwao-4-arranjos-2023.mp3,True,https://henriqueiwao.bandcamp.com/album/4-arranjos,album,True,2
2024 - Iramano - Blissfully Yours,iramano-blissfully-yours-2024,Blissfully Yours,Iramano,2024,iramano-blissfully-yours-2024.mp3,True,https://creepmachine.bandcamp.com/album/blissfully-yours,album,True,2
2024 - Joao Botelho Hishigata No Hana,joao-botelho-hishigata-no-hana-2023,Joao Botelho Hishigata No Hana,,2024,joao-botelho-hishigata-no-hana-2023.mp3,True,https://marambaia.bandcamp.com/album/hishigata-no-hana,album,True,2
2024 - Larva Serrote - TANATOFILIA,larva-serrote-tanatofilia-2024,TANATOFILIA,Larva Serrote,2024,larva-serrote-tanatofilia-2024.mp3,True,https://yaelfct.bandcamp.com/album/tanatofilia,album,True,2
2024 - Limao Sound See Veja,limao-sound-see-veja-2024,Limao Sound See Veja,,2024,limao-sound-see-veja-2024.mp3,True,https://limaothesound.bandcamp.com/album/see-veja,album,True,2
2024 - Lonely Me - No Gaps Btwn Icy Slncs,lonely-me-no-gaps-btwn-icy-slncs-2024,No Gaps Btwn Icy Slncs,Lonely Me,2024,lonely-me-no-gaps-btwn-icy-slncs-2024.mp3,True,https://lonelyme.bandcamp.com/album/no-gaps-btwn-icy-slncs,album,True,2
2024 - Lonely Me - No Slncs Wthn Hard Panning - Cassette Pan,lonely-me-twisted-sad-machines-2018,No Slncs Wthn Hard Panning - Cassette Pan,Lonely Me,2024,lonely-me-twisted-sad-machines-2018.mp3,True,https://lonelyme.bandcamp.com,generic,True,2
2024 - Luiza Brina - Prece,"05 - Rainha Isabel Casimira, Luiza Brina - Rainha Belinha entoa Velhos de Coroa",Prece,Luiza Brina,2024,"05 - Rainha Isabel Casimira, Luiza Brina - Rainha Belinha entoa Velhos de Coroa.mp3",False,,none,True,2
2024 - Maria Beraldo Colinho,maria-beraldo-colinho-2024,Maria Beraldo Colinho,,2024,maria-beraldo-colinho-2024.mp3,True,https://mariaberaldo.bandcamp.com/album/colinho,album,True,2
2024 - marimbondo-plenos-pulmoes-2024,marimbondo-plenos-pulmoes-2024,plenos-pulmoes-2024,marimbondo,2024,marimbondo-plenos-pulmoes-2024.mp3,True,https://marimbondo.bandcamp.com/album/plenos-pulm-es,album,True,2
2024 - Medeborg Ringtone Simulacra,medeborg-ringtone-simulacra-2024,Medeborg Ringtone Simulacra,,2024,medeborg-ringtone-simulacra-2024.mp3,True,https://medeborg.bandcamp.com/album/ringtone-simulacra,album,True,2
2024 - meraluz-as-cores-2024,meraluz-as-cores-2024,as-cores-2024,meraluz,2024,meraluz-as-cores-2024.mp3,True,https://meraluz.bandcamp.com/album/as-cores,album,True,2
2024 - Meyot Sopa Primordial,meyot-sopa-primordial-2024,Meyot Sopa Primordial,,2024,meyot-sopa-primordial-2024.mp3,True,https://meyot.bandcamp.com/album/sopa-primordial,album,True,2
2024 - MIXTAPE Batalha Da Escadaria - VOL 1,MIXTAPE Batalha da Escadaria - VOL 1,VOL 1,MIXTAPE Batalha Da Escadaria,2024,MIXTAPE Batalha da Escadaria - VOL 1.mp3,False,,none,True,2
2024 - Mnth Lume Purpuro,mnth-lume-purpuro-2024,Mnth Lume Purpuro,,2024,mnth-lume-purpuro-2024.mp3,True,https://mnth.bandcamp.com/album/lume-p-rpuro,album,True,2
2024 - Módulo Lunar - Irritante Paz,modulo-lunar-irritante-paz-2024,Irritante Paz,Módulo Lunar,2024,modulo-lunar-irritante-paz-2024.mp3,True,https://bandamodulolunar.bandcamp.com/album/irritante-paz,album,True,2
2024 - N.I.X MACHINE - A Evolução do DRILL,02 - N.I.X MACHINE - UM DRILL EMOCIONAL,A Evolução do DRILL,N.I.X MACHINE,2024,02 - N.I.X MACHINE - UM DRILL EMOCIONAL.mp3,False,,none,True,2
2024 - Negro Leo - RELA,negro-leo-coisado-2017,RELA,Negro Leo,2024,negro-leo-coisado-2017.mp3,True,https://negroleo.bandcamp.com,generic,True,2
2024 - Nico Martins Samba Do Kali Yuga,nico-martins-samba-do-kali-yuga-2022,Nico Martins Samba Do Kali Yuga,,2024,nico-martins-samba-do-kali-yuga-2022.mp3,True,https://nicomartins.bandcamp.com/album/samba-do-kali-yuga,album,True,2
2024 - Nyx Avatar - MITOSE,nyx-avatar-mitose-2024,MITOSE,Nyx Avatar,2024,nyx-avatar-mitose-2024.mp3,True,https://yaelfct.bandcamp.com/album/mitose,album,True,2
2024 - Növa - Low #1,nova-ao-vivo-no-palacio-da-musica-2020,Low #1,Növa,2024,nova-ao-vivo-no-palacio-da-musica-2020.mp3,True,https://noovaband.bandcamp.com,generic,True,2
2024 - o-no-era-normal-2024,o-no-era-normal-2024,no-era-normal-2024,o,2024,o-no-era-normal-2024.mp3,True,https://oooooonnnnnnoooooo.bandcamp.com/album/era-normal,album,True,2
2024 - Radio Diaspora Boemia,radio-diaspora-boemia-2024,Radio Diaspora Boemia,,2024,radio-diaspora-boemia-2024.mp3,True,https://radio-diaspora.bandcamp.com/album/boemia,album,True,2
2024 - rancor-st-2024,rancor-st-2024,st-2024,rancor,2024,rancor-st-2024.mp3,True,https://rancorviolence.bandcamp.com/album/s-t,album,True,2
2024 - Reiner - ELÃ,reiner-filho-da-nuvem-2016,ELÃ,Reiner,2024,reiner-filho-da-nuvem-2016.mp3,True,https://reinermusica.bandcamp.com,generic,True,2
2024 - Rubi Thalin Shirts Blondgyals,rubi-thalin-shirts-blondgyals-2024,Rubi Thalin Shirts Blondgyals,,2024,rubi-thalin-shirts-blondgyals-2024.mp3,True,https://selokirecords.bandcamp.com/album/blondgyals,album,True,2
2024 - Taksi Noise - Side B,taksi-noise-side-b-2024,Side B,Taksi Noise,2024,taksi-noise-side-b-2024.mp3,True,https://taksinoise.bandcamp.com/album/side-b,album,True,2
2024 - The Parking Lots - Rebobine Antes de Devolver,01 - The Parking Lots - Ela Fuma,Rebobine Antes de Devolver,The Parking Lots,2024,01 - The Parking Lots - Ela Fuma.mp3,False,,none,True,2
2024 - Tomentosa Tez - JAHZZ,tomentosa-tez-jahzz-2024,JAHZZ,Tomentosa Tez,2024,tomentosa-tez-jahzz-2024.mp3,True,https://tomentosatez.bandcamp.com/album/jahzz,album,True,2
2024 - Torres de Mello - 2024 - Torres de Mello - torres-de-mello-quem-sabe-2016,torres-de-mello-quem-sabe-2016,2024 - Torres de Mello - torres-de-mello-quem-sabe-2016,Torres de Mello,2024,torres-de-mello-quem-sabe-2016.mp3,True,https://torresdemello.bandcamp.com/**](https://torresdemello.bandcamp.com,generic,True,2
2024 - Trailerfuss - Roteiro Sem Final,trailerfuss-roteiro-sem-final-2024,Roteiro Sem Final,Trailerfuss,2024,trailerfuss-roteiro-sem-final-2024.mp3,True,https://trailerfuss.bandcamp.com/album/roteiro-sem-final,album,True,2
2024 - Tristeza Nao Tem Fim Felicidade Sim,tristeza-nao-tem-fim-felicidade-sim-2024,Tristeza Nao Tem Fim Felicidade Sim,,2024,tristeza-nao-tem-fim-felicidade-sim-2024.mp3,True,https://tristezanaotemfim.bandcamp.com/album/felicidade-sim,album,True,2
2024 - Twikipedia For Rest Of Your Life,twikipedia-for-rest-of-your-life-2024,Twikipedia For Rest Of Your Life,,2024,twikipedia-for-rest-of-your-life-2024.mp3,True,https://twikipedia.bandcamp.com/album/for-the-rest-of-your-life,album,True,2
2024 - Varadouro Attack - Relhos Ancestrais,varadouro-attack-relhos-ancestrais-2024,Relhos Ancestrais,Varadouro Attack,2024,varadouro-attack-relhos-ancestrais-2024.mp3,True,https://varadouroattack.bandcamp.com/album/relhos-ancestrais,album,True,2
2024 - Vazio Necrocosmos,vazio-necrocosmos-2024,Vazio Necrocosmos,,2024,vazio-necrocosmos-2024.mp3,True,https://vazio.bandcamp.com/album/necrocosmos,album,True,2
2024 - Vitor Brauer Treinquinumpara 02 Rio De,vitor-brauer-treinquinumpara-02-rio-de,Vitor Brauer Treinquinumpara 02 Rio De,,2024,vitor-brauer-treinquinumpara-02-rio-de.mp3,True,https://vitorbrauer.bandcamp.com/album/tr-inquinump-ra-02-rio-de-janeiro,album,True,2
2024 - Vulgar Debil Scorpio,vulgar-debil-scorpio-2024,Vulgar Debil Scorpio,,2024,vulgar-debil-scorpio-2024.mp3,True,https://vulgardebil.bandcamp.com/album/scorpio,album,True,2
2023 - Acidental Objetos Acusticos,acidental-objetos-acusticos-2023,Acidental Objetos Acusticos,,2023,acidental-objetos-acusticos-2023.mp3,True,https://acidental.bandcamp.com/album/objetos-ac-sticos,album,True,2
2023 - Aiye Transes,aiye-transes-2023,Aiye Transes,,2023,aiye-transes-2023.mp3,True,https://balaclavarecords.bandcamp.com/album/transes,album,True,2
2023 - Aloysio Letra - Depois,02 - Aloysio Letra - Sundiata,Depois,Aloysio Letra,2023,02 - Aloysio Letra - Sundiata.mp3,False,,none,True,2
2023 - Amanda Magalhaes Mare De Cheiro,amanda-magalhaes-mare-de-cheiro-2023,Amanda Magalhaes Mare De Cheiro,,2023,amanda-magalhaes-mare-de-cheiro-2023.mp3,True,https://amandamagalhes.bandcamp.com/album/mar-de-cheiro,album,True,2
2023 - Animal Trees - Espelho Trincado,animal-trees-espelho-trincado-2023,Espelho Trincado,Animal Trees,2023,animal-trees-espelho-trincado-2023.mp3,True,https://animaltrees.bandcamp.com/album/espelho-trincado,album,True,2
2023 - Apolinária da Ínsula de Levi - Libitina Thanatas,apolinaria-da-insula-de-levi-libitina,Libitina Thanatas,Apolinária da Ínsula de Levi,2023,apolinaria-da-insula-de-levi-libitina.mp3,True,https://apolinariadainsuladelevi.bandcamp.com/album/libitina-thanatas,album,True,2
2023 - Astral Comedy Regalia,astral-comedy-regalia-2023,Astral Comedy Regalia,,2023,astral-comedy-regalia-2023.mp3,True,https://astralcomedy.bandcamp.com/album/regalia,album,True,2
2023 - BIKE - Arte Bruta,bike-arte-bruta-2023,Arte Bruta,BIKE,2023,bike-arte-bruta-2023.mp3,True,https://bikeoficial.bandcamp.com/album/arte-bruta,album,True,2
2023 - bike-arte-bruta-2023,bike-arte-bruta-2023,arte-bruta-2023,bike,2023,bike-arte-bruta-2023.mp3,True,https://bikeoficial.bandcamp.com/album/arte-bruta,album,True,2
2023 - Billy Ponzio - RASCUNHOS SONOROS,billy-ponzio-rascunhos-sonoros-2023,RASCUNHOS SONOROS,Billy Ponzio,2023,billy-ponzio-rascunhos-sonoros-2023.mp3,True,https://billyponzio.bandcamp.com/album/rascunhos-sonoros-3,album,True,2
2023 - BLUES DRIVE MONSTER - A Evolução Criadora,blues-drive-monster-evolucao-criadora,A Evolução Criadora,BLUES DRIVE MONSTER,2023,blues-drive-monster-evolucao-criadora.mp3,True,https://bluesdrivemonster.bandcamp.com/album/a-evolu-o-criadora,album,True,2
2023 - Bruxa Do Mangue 1110,bruxa-do-mangue-1110-2023,Bruxa Do Mangue 1110,,2023,bruxa-do-mangue-1110-2023.mp3,True,https://nightmarecho.bandcamp.com/album/1110,album,True,2
2023 - Bruxa Do Mangue Free Flight,bruxa-do-mangue-free-flight-2023,Bruxa Do Mangue Free Flight,,2023,bruxa-do-mangue-free-flight-2023.mp3,True,https://nightmarecho.bandcamp.com/album/free-flight,album,True,2
2023 - Bruxa Do Mangue God Be Damned,bruxa-do-mangue-god-be-damned-2023,Bruxa Do Mangue God Be Damned,,2023,bruxa-do-mangue-god-be-damned-2023.mp3,True,https://nightmarecho.bandcamp.com/album/god-be-damned,album,True,2
2023 - cacto-rinoceronte - quem vai sentir saudade de mim,cacto-rinoceronte-quem-vai-sentir,rinoceronte - quem vai sentir saudade de mim,cacto,2023,cacto-rinoceronte-quem-vai-sentir.mp3,True,https://cacto--rinoceronte.bandcamp.com/album/quem-vai-sentir-saudade-de-mim,album,True,2
2023 - Caeeki - CAEEKI EP,caeeki-caeeki-ep-2023,CAEEKI EP,Caeeki,2023,caeeki-caeeki-ep-2023.mp3,True,https://caeeki.bandcamp.com/album/caeeki-ep,album,True,2
2023 - Capetini - Perro Doblado,capetini-perro-doblado-2023,Perro Doblado,Capetini,2023,capetini-perro-doblado-2023.mp3,True,https://40porcentofodabarramaneirissimo.bandcamp.com/album/perro-doblado,album,True,2
2023 - Clara Flaira Aua,clara-flaira-aua-2023,Clara Flaira Aua,,2023,clara-flaira-aua-2023.mp3,True,https://tropicalgold.bandcamp.com/album/ua,album,True,2
2023 - Colligere Fora De Mim,colligere-fora-de-mim-2022,Colligere Fora De Mim,,2023,colligere-fora-de-mim-2022.mp3,True,https://colligere.bandcamp.com/album/fora-de-mim,album,True,2
2023 - Detran Boys Dicas De Transito,detran-boys-dicas-de-transito-2022,Detran Boys Dicas De Transito,,2023,detran-boys-dicas-de-transito-2022.mp3,True,https://40porcentofodabarramaneirissimo.bandcamp.com/album/dicas-de-transito,album,True,2
2023 - Dj K Panico No Submundo,dj-k-panico-no-submundo-2023,Dj K Panico No Submundo,,2023,dj-k-panico-no-submundo-2023.mp3,True,https://nyegenyegetapes.bandcamp.com/album/panico-no-submundo,album,True,2
2023 - Domenico Lancellotti Sramba,domenico-lancellotti-sramba-2023,Domenico Lancellotti Sramba,,2023,domenico-lancellotti-sramba-2023.mp3,True,https://domenico2.bandcamp.com/album/sramba,album,True,2
2023 - Dronedeus Ambiente De Rua,dronedeus-ambiente-de-rua-2023,Dronedeus Ambiente De Rua,,2023,dronedeus-ambiente-de-rua-2023.mp3,True,https://mercuriomusica.bandcamp.com/album/ambiente-de-rua,album,True,2
2023 - Economic Freedom Fighters - Respeita os Cria,economic-freedom-fighters-respeita-os,Respeita os Cria,Economic Freedom Fighters,2023,economic-freedom-fighters-respeita-os.mp3,True,https://transfusaonoiserecords.bandcamp.com/album/respeita-os-cria,album,True,2
2023 - Eef Barzelay - Fan Chosen Covers 5,clem-snide-ao-vivo-no-mercury-lounge,Fan Chosen Covers 5,Eef Barzelay,2023,clem-snide-ao-vivo-no-mercury-lounge.mp3,True,https://eefbarzelay-clemsnide.bandcamp.com,generic,True,2
2023 - erich- - aniversário_ii,erich-aniversarioii-2023,- aniversário_ii,erich,2023,erich-aniversarioii-2023.mp3,True,https://ericherich.bandcamp.com/album/anivers-rio-ii,album,True,2
2023 - Escadacima - Esperar Cansa,02 - Escadacima - Contratempo,Esperar Cansa,Escadacima,2023,02 - Escadacima - Contratempo.mp3,False,,none,True,2
2023 - EveHive - PISA PISA,01 - EveHive - BALA SOLTA,PISA PISA,EveHive,2023,01 - EveHive - BALA SOLTA.mp3,False,,none,True,2
2023 - Fabiano Do Nascimento Vittor Santos E,fabiano-do-nascimento-vittor-santos-e,Fabiano Do Nascimento Vittor Santos E,,2023,fabiano-do-nascimento-vittor-santos-e.mp3,True,https://fabianodonascimento.bandcamp.com/album/lendas,album,True,2
2023 - Fabio Emecê - Preto Velho Vol. 2,fabio-emece-dudu-foxx-preto-velho-vol-2,Preto Velho Vol. 2,Fabio Emecê,2023,fabio-emece-dudu-foxx-preto-velho-vol-2.mp3,True,https://fabioemece.bandcamp.com/album/preto-velho-vol-2,album,True,2
2023 - Fabriccio Dj Will - Corpo & Calma,"04 - Fabriccio, Dj Will, Zudizilla - De Segunda",Corpo & Calma,Fabriccio Dj Will,2023,"04 - Fabriccio, Dj Will, Zudizilla - De Segunda.mp3",False,,none,True,2
2023 - Felipe Locks - Violaum,locks-formas-em-temp0-2020,Violaum,Felipe Locks,2023,locks-formas-em-temp0-2020.mp3,True,,none,True,2
2023 - Fragoria - Fragoria,05 - Fragoria - Luz,Fragoria,Fragoria,2023,05 - Fragoria - Luz.mp3,False,,none,True,2
2023 - Gabriel Ventura Sessoes De Tenor,gabriel-ventura-sessoes-de-tenor-2023,Gabriel Ventura Sessoes De Tenor,,2023,gabriel-ventura-sessoes-de-tenor-2023.mp3,True,https://balaclavarecords.bandcamp.com/album/sess-es-de-tenor,album,True,2
2023 - GIALLOS - ATRAVESSOU O EBÓ,giallos-atravessou-o-ebo-2023,ATRAVESSOU O EBÓ,GIALLOS,2023,giallos-atravessou-o-ebo-2023.mp3,True,https://giallos.bandcamp.com/album/atravessou-o-eb,album,True,2
2023 - Gloios Brinquedo,gloios-brinquedo-2023,Gloios Brinquedo,,2023,gloios-brinquedo-2023.mp3,True,https://gloios.bandcamp.com/album/brinquedo,album,True,2
2023 - GO - É de dentro que se sai,go-e-de-dentro-que-se-sai-2023,É de dentro que se sai,GO,2023,go-e-de-dentro-que-se-sai-2023.mp3,True,https://brava.bandcamp.com/album/de-dentro-que-se-sai,album,True,2
2023 - go-e-de-dentro-que-se-sai-2023,go-e-de-dentro-que-se-sai-2023,e-de-dentro-que-se-sai-2023,go,2023,go-e-de-dentro-que-se-sai-2023.mp3,True,https://brava.bandcamp.com/album/de-dentro-que-se-sai,album,True,2
2023 - God Pussy Diaspora Expressao Ancestral,god-pussy-diaspora-expressao-ancestral,God Pussy Diaspora Expressao Ancestral,,2023,god-pussy-diaspora-expressao-ancestral.mp3,True,https://godpussy.bandcamp.com/album/di-spora-express-o-ancestral,album,True,2
2023 - Gringos Da Semana Atualizacao Mensal Da,gringos-da-semana-atualizacao-mensal-da,Gringos Da Semana Atualizacao Mensal Da,,2023,gringos-da-semana-atualizacao-mensal-da.mp3,True,https://arthour.bandcamp.com/album/tiger-tea-time,album,True,2
2023 - Gringos Da Semana Chegamos Com Nossa,gringos-da-semana-chegamos-com-nossa,Gringos Da Semana Chegamos Com Nossa,,2023,gringos-da-semana-chegamos-com-nossa.mp3,True,https://lssns.bandcamp.com/album/transit,album,True,2
2023 - Gringos Da Semana Fechando O Ano Com,gringos-da-semana-fechando-o-ano-com,Gringos Da Semana Fechando O Ano Com,,2023,gringos-da-semana-fechando-o-ano-com.mp3,True,https://goya-music.bandcamp.com/album/space-and-time,album,True,2
2023 - Gringos Da Semana Nosso Post Gringo De,gringos-da-semana-nosso-post-gringo-de,Gringos Da Semana Nosso Post Gringo De,,2023,gringos-da-semana-nosso-post-gringo-de.mp3,True,https://matthieumantanus.bandcamp.com/album/nocturnes-lectroniques,album,True,2
2023 - Gringos Da Semana Os Melhores E Mais,gringos-da-semana-os-melhores-e-mais,Gringos Da Semana Os Melhores E Mais,,2023,gringos-da-semana-os-melhores-e-mais.mp3,True,https://javiertorrealba.bandcamp.com/album/ceremonia,album,True,2
2023 - Gringos Da Semana Os Sons De Artistas E,gringos-da-semana-os-sons-de-artistas-e,Gringos Da Semana Os Sons De Artistas E,,2023,gringos-da-semana-os-sons-de-artistas-e.mp3,True,https://armandtanzarian.bandcamp.com/album/kill-the-last-sun,album,True,2
2023 - Gringos Da Semana Um Passeio Pelo Mundo,gringos-da-semana-um-passeio-pelo-mundo,Gringos Da Semana Um Passeio Pelo Mundo,,2023,gringos-da-semana-um-passeio-pelo-mundo.mp3,True,https://trovarobato.bandcamp.com/album/ivxvi,album,True,2
2023 - Gringos Da Semana Uma Festa Sonora Nem,gringos-da-semana-uma-festa-sonora-nem,Gringos Da Semana Uma Festa Sonora Nem,,2023,gringos-da-semana-uma-festa-sonora-nem.mp3,True,https://danwebb.bandcamp.com/album/sunshine-dialogue,album,True,2
2023 - Gringos Da Semana Varios Novos Sons Do,gringos-da-semana-varios-novos-sons-do,Gringos Da Semana Varios Novos Sons Do,,2023,gringos-da-semana-varios-novos-sons-do.mp3,True,https://ginaizzo.bandcamp.com/album/tomorrows-yesterday,album,True,2
2023 - Grupo Um Starting Point,grupo-um-starting-point-2023,Grupo Um Starting Point,,2023,grupo-um-starting-point-2023.mp3,True,https://grupoum.bandcamp.com/album/starting-point,album,True,2
2023 - Gueersh - Tempo Elástico,gueersh-tempo-elastico-2023,Tempo Elástico,Gueersh,2023,gueersh-tempo-elastico-2023.mp3,True,https://transfusaonoiserecords.bandcamp.com/album/tempo-el-stico,album,True,2
2023 - Hallec Genesis,hallec-genesis-2023,Hallec Genesis,,2023,hallec-genesis-2023.mp3,True,https://halleck.bandcamp.com/album/genesis,album,True,2
2023 - Indira Castillo Igor Godoi - Êxtase,02 - Indira Castillo - Tempo,Êxtase,Indira Castillo Igor Godoi,2023,02 - Indira Castillo - Tempo.mp3,False,,none,True,2
2023 - Jan Felipe Os Circulares Lyra,jan-felipe-os-circulares-lyra-2023,Jan Felipe Os Circulares Lyra,,2023,jan-felipe-os-circulares-lyra-2023.mp3,True,https://janfelipe.bandcamp.com/album/lyra,album,True,2
2023 - JARDEL DE CASTRO Fabio Kidesh - Particuliridades,04 - JARDEL DE CASTRO - Egossistema,Particuliridades,JARDEL DE CASTRO Fabio Kidesh,2023,04 - JARDEL DE CASTRO - Egossistema.mp3,False,,none,True,2
2023 - knop - w93,knop-vol3-2016,w93,knop,2023,knop-vol3-2016.mp3,True,https://knop.bandcamp.com,generic,True,2
2023 - Lene Groove - Axé pra Mim,"02 - Lene Groove - Preto Velho, Negro Orgulho",Axé pra Mim,Lene Groove,2023,"02 - Lene Groove - Preto Velho, Negro Orgulho.mp3",False,,none,True,2
2023 - Leves Passos Jamais Visto,leves-passos-jamais-visto-2023,Leves Passos Jamais Visto,,2023,leves-passos-jamais-visto-2023.mp3,True,https://mercuriomusica.bandcamp.com/album/jamais-visto,album,True,2
2023 - Lotico Oran,lotico-oran-2023,Lotico Oran,,2023,lotico-oran-2023.mp3,True,https://lotico.bandcamp.com/album/oran-2,album,True,2
2023 - Lucas Santtana O Paraiso,lucas-santtana-o-paraiso-2023,Lucas Santtana O Paraiso,,2023,lucas-santtana-o-paraiso-2023.mp3,True,https://lucassant.bandcamp.com/album/o-para-so,album,True,2
2023 - Luciana Maya - A Três,02 - Luciana Maya - Seca,A Três,Luciana Maya,2023,02 - Luciana Maya - Seca.mp3,False,,none,True,2
2023 - Luiz Bento - outras regras básicas de convivência,01 - Luiz Bento - edmilso,outras regras básicas de convivência,Luiz Bento,2023,01 - Luiz Bento - edmilso.mp3,False,,none,True,2
2023 - Lupe De Lupe Um Tijolo Com Seu Nome,lupe-de-lupe-um-tijolo-com-seu-nome-2023,Lupe De Lupe Um Tijolo Com Seu Nome,,2023,lupe-de-lupe-um-tijolo-com-seu-nome-2023.mp3,True,https://lupedelupe.bandcamp.com/album/um-tijolo-com-seu-nome,album,True,2
2023 - Lurdez da Luz Quebrante - Devastada,"01 - Lurdez da Luz, Quebrante - Devastada",Devastada,Lurdez da Luz Quebrante,2023,"01 - Lurdez da Luz, Quebrante - Devastada.mp3",False,,none,True,2
2023 - Mae Que Da Medo Manejo Falico,mae-que-da-medo-manejo-falico-2023,Mae Que Da Medo Manejo Falico,,2023,mae-que-da-medo-manejo-falico-2023.mp3,True,https://maequedamedo.bandcamp.com/album/manejo-f-lico,album,True,2
2023 - Magic Room Echoes - Magic Room Echoes,gringos-da-semana-eis-os-sons-do-mundo,Magic Room Echoes,Magic Room Echoes,2023,gringos-da-semana-eis-os-sons-do-mundo.mp3,True,https://magicroomechoes.bandcamp.com/album/magic-room-echoes,album,True,2
2023 - Malaise Shire - Eternal Rest Ceremony,malaise-shire-eternal-rest-ceremony-2023,Eternal Rest Ceremony,Malaise Shire,2023,malaise-shire-eternal-rest-ceremony-2023.mp3,True,https://malaiseshire.bandcamp.com/album/eternal-rest-ceremony,album,True,2
2023 - Manchester Fluminense - Auge e Declínio (2013-2023),manchester-fluminense-auge-e-declinio,Auge e Declínio (2013-2023),Manchester Fluminense,2023,manchester-fluminense-auge-e-declinio.mp3,True,https://manchesterfluminense.bandcamp.com/album/auge-e-decl-nio-2013-2023,album,True,2
2023 - Manger Cadavre Imperialismo,manger-cadavre-imperialismo-2023,Manger Cadavre Imperialismo,,2023,manger-cadavre-imperialismo-2023.mp3,True,https://mangercadavre.bandcamp.com/album/imperialismo,album,True,2
2023 - Mar Grosso Feedback - Sonora em Hi-Fi,mar-grosso-feedback-sonora-em-hi-fi-ep,Sonora em Hi-Fi,Mar Grosso Feedback,2023,mar-grosso-feedback-sonora-em-hi-fi-ep.mp3,True,https://margrossofeedback.bandcamp.com/album/sonora-em-hi-fi,album,True,2
2023 - Mara pop - Pisadinha na Fulô,02 - Mara pop - Mana,Pisadinha na Fulô,Mara pop,2023,02 - Mara pop - Mana.mp3,False,,none,True,2
2023 - Marchioretto - III,marchioretto-iii-2023,III,Marchioretto,2023,marchioretto-iii-2023.mp3,True,https://marchiorettomortalbackflip.bandcamp.com/album/iii,album,True,2
2023 - Marchioretto Iii,marchioretto-iii-2023,Marchioretto Iii,,2023,marchioretto-iii-2023.mp3,True,https://marchiorettomortalbackflip.bandcamp.com/album/iii,album,True,2
2023 - marimbondo - oi henrique!,marimbondo-oi-henrique-2023,oi henrique!,marimbondo,2023,marimbondo-oi-henrique-2023.mp3,True,https://marimbondo.bandcamp.com/album/oi-henrique,album,True,2
2023 - Marimbondo Oi Henrique,marimbondo-oi-henrique-2023,Marimbondo Oi Henrique,,2023,marimbondo-oi-henrique-2023.mp3,True,https://marimbondo.bandcamp.com/album/oi-henrique,album,True,2
2023 - marimbondo-amador-2023,marimbondo-amador-2023,amador-2023,marimbondo,2023,marimbondo-amador-2023.mp3,True,https://marimbondo.bandcamp.com/album/amador,album,True,2
2023 - Mateus Alves - (2023) Mateus Alves,mateus-alves-mateus-alves-2023,(2023) Mateus Alves,Mateus Alves,2023,mateus-alves-mateus-alves-2023.mp3,True,https://mateusalves.bandcamp.com/album/2023-mateus-alves,album,True,2
2023 - mateus-alves-mateus-alves-2023,mateus-alves-mateus-alves-2023,alves-mateus-alves-2023,mateus,2023,mateus-alves-mateus-alves-2023.mp3,True,https://mateusalves.bandcamp.com/album/2023-mateus-alves,album,True,2
2023 - Mattilha - Coração Anárquico,01 - Mattilha - KOBRA,Coração Anárquico,Mattilha,2023,01 - Mattilha - KOBRA.mp3,False,,none,True,2
"2023 - Mc Dricka MC Luan da BS DJ S2k - Mega Da Rainha, Ep. 1","01 - Mc Dricka, MC Luan da BS, DJ S2k - Na Favela De Meiota","Mega Da Rainha, Ep. 1",Mc Dricka MC Luan da BS DJ S2k,2023,"01 - Mc Dricka, MC Luan da BS, DJ S2k - Na Favela De Meiota.mp3",False,,none,True,2
2023 - MOURISCO Dinamo - O Viajante,07 - MOURISCO - O Viajante,O Viajante,MOURISCO Dinamo,2023,07 - MOURISCO - O Viajante.mp3,False,,none,True,2
2023 - Muro Tulpa,muro-tulpa-2023,Muro Tulpa,,2023,muro-tulpa-2023.mp3,True,https://muromuro.bandcamp.com/album/tulpa,album,True,2
2023 - obasquiat-os-otro-nao-pensa-em-vc-2023,obasquiat-os-otro-nao-pensa-em-vc-2023,os-otro-nao-pensa-em-vc-2023,obasquiat,2023,obasquiat-os-otro-nao-pensa-em-vc-2023.mp3,True,https://obasquiatofficial.bandcamp.com/album/os-otro-n-o-pensa-em-vc-2,album,True,2
2023 - Old Rust - Old Rust Apresenta Hardcore Fun - A Melhor Forma de Se Expressar,02 - Old Rust - A Melhor Forma de Se Expressar,Old Rust Apresenta Hardcore Fun - A Melhor Forma de Se Expressar,Old Rust,2023,02 - Old Rust - A Melhor Forma de Se Expressar.mp3,False,,none,True,2
2023 - Otën - Lotus,oten-um-2015,Lotus,Otën,2023,oten-um-2015.mp3,True,https://otenfolk.bandcamp.com,generic,True,2
2023 - Ozymandiaz vs. imagens - echoes of a forgotten memory,ozymandiaz-vs-imagens-community-echoes,echoes of a forgotten memory,Ozymandiaz vs. imagens,2023,ozymandiaz-vs-imagens-community-echoes.mp3,True,https://ozymandiaz.bandcamp.com/album/echoes-of-a-forgotten-memory,album,True,2
2023 - p-f-filipini-interlude-2023,p-f-filipini-interlude-2023,f-filipini-interlude-2023,p,2023,p-f-filipini-interlude-2023.mp3,True,https://desmancheoselo.bandcamp.com/album/dos025-interlude,album,True,2
2023 - P. F. Filipini - DOS025_Interlude,p-f-filipini-interlude-2023,DOS025_Interlude,P. F. Filipini,2023,p-f-filipini-interlude-2023.mp3,True,https://desmancheoselo.bandcamp.com/album/dos025-interlude,album,True,2
2023 - Paulo Metello Saudades Memorias E,paulo-metello-saudades-memorias-e,Paulo Metello Saudades Memorias E,,2023,paulo-metello-saudades-memorias-e.mp3,True,https://paranoiamusique.bandcamp.com/album/saudades-mem-rias-e-sonhos-l-cidos,album,True,2
2023 - petunie - 2023 - petunie - Petunie Support Your Local Feelings,petunie-support-your-local-feelings,2023 - petunie - Petunie Support Your Local Feelings,petunie,2023,petunie-support-your-local-feelings.mp3,True,https://petunie.bandcamp.com,generic,True,2
2023 - Pork Suicidal - MK Ultra XIX The Party,pork-suicidal-21615-ep-2015,MK Ultra XIX The Party,Pork Suicidal,2023,pork-suicidal-21615-ep-2015.mp3,True,https://porksuicidal.bandcamp.com**](https://porksuicidal.bandcamp.com,generic,True,2
2023 - prefeitura-do-rio-radionadaver-2023,prefeitura-do-rio-radionadaver-2023,do-rio-radionadaver-2023,prefeitura,2023,prefeitura-do-rio-radionadaver-2023.mp3,True,https://prefeiturarj.bandcamp.com/album/radionadaver,album,True,2
2023 - Resp Lessa Gustavo - S1 Atrás da Moeda,"01 - Resp, Lessa Gustavo - Nova Era",S1 Atrás da Moeda,Resp Lessa Gustavo,2023,"01 - Resp, Lessa Gustavo - Nova Era.mp3",False,,none,True,2
2023 - resp-s2-coracao-modificado-2023,resp-s2-coracao-modificado-2023,s2-coracao-modificado-2023,resp,2023,resp-s2-coracao-modificado-2023.mp3,True,https://resp.bandcamp.com/album/s2-cora-o-modificado,album,True,2
2023 - Retrato - O Enigma de um dia,retrato-o-enigma-de-um-dia-2023,O Enigma de um dia,Retrato,2023,retrato-o-enigma-de-um-dia-2023.mp3,True,https://transfusaonoiserecords.bandcamp.com/album/o-enigma-de-um-dia,album,True,2
2023 - rudriquix - AMOAMÚMESSÊ,rudriquix-amoamumesse-2023,AMOAMÚMESSÊ,rudriquix,2023,rudriquix-amoamumesse-2023.mp3,True,https://rudriquix.bandcamp.com/album/amoam-mess,album,True,2
2023 - Satanique Samba Trio Cursed Brazilian,satanique-samba-trio-cursed-brazilian,Satanique Samba Trio Cursed Brazilian,,2023,satanique-samba-trio-cursed-brazilian.mp3,True,https://sataniquesambatrio.bandcamp.com/album/cursed-brazilian-beats-vol-1,album,True,2
2023 - Satanique Samba Trio So Bad,satanique-samba-trio-so-bad-2023,Satanique Samba Trio So Bad,,2023,satanique-samba-trio-so-bad-2023.mp3,True,https://sataniquesambatrio.bandcamp.com/album/s-bad,album,True,2
2023 - Sila-Crvs A.O.A - As Horas do Coração Sombrio,sila-crvs-aoa-bardo-ep-2019,Crvs A.O.A - As Horas do Coração Sombrio,Sila,2023,sila-crvs-aoa-bardo-ep-2019.mp3,True,https://silacrvs.bandcamp.com,generic,True,2
2023 - Sorrystate - Mente Corrompida Por Lembranças Vazias,sorrystate-mente-corrompida-por,Mente Corrompida Por Lembranças Vazias,Sorrystate,2023,sorrystate-mente-corrompida-por.mp3,True,https://sorrystate1.bandcamp.com/album/mente-corrompida-por-lembran-as-vazias,album,True,2
2023 - Subserviente - Enganador,subserviente-enganador-2023,Enganador,Subserviente,2023,subserviente-enganador-2023.mp3,True,https://subserviente.bandcamp.com/album/enganador,album,True,2
2023 - Suraras Do Tapajos Kiribasawa Yuri Yi,suraras-do-tapajos-kiribasawa-yuri-yi,Suraras Do Tapajos Kiribasawa Yuri Yi,,2023,suraras-do-tapajos-kiribasawa-yuri-yi.mp3,True,https://surarasdotapajos.bandcamp.com/album/kiribas-wa-y-ri-y-it-a-for-a-que-vem-das-guas,album,True,2
2023 - Tata Aeroplano Boate Invisivel,tata-aeroplano-boate-invisivel-2023,Tata Aeroplano Boate Invisivel,,2023,tata-aeroplano-boate-invisivel-2023.mp3,True,https://tataaeroplano.bandcamp.com/album/boate-invis-vel,album,True,2
2023 - Terraplana Olhar Pra Tras,terraplana-olhar-pra-tras-2023,Terraplana Olhar Pra Tras,,2023,terraplana-olhar-pra-tras-2023.mp3,True,https://terraplana.bandcamp.com/album/olhar-pra-tr-s-2,album,True,2
2023 - Thais Macedo Andressa Hayalla Gica - Resenha das Minas (Ao Vivo),"01 - Thais Macedo, Andressa Hayalla, Gica - Sinais - Engano - Ainda Bem (Ao Vivo)",Resenha das Minas (Ao Vivo),Thais Macedo Andressa Hayalla Gica,2023,"01 - Thais Macedo, Andressa Hayalla, Gica - Sinais - Engano - Ainda Bem (Ao Vivo).mp3",False,,none,True,2
2023 - The Screams Of Widows Son Still Remains,the-screams-of-widows-son-still-remains,The Screams Of Widows Son Still Remains,,2023,the-screams-of-widows-son-still-remains.mp3,True,https://thescreamsofwidowsson.bandcamp.com/album/still-remains-rotten,album,True,2
2023 - Ugo Barra Limpa D Mingus J Carlos Nívea Maria João Gandavo Dayvson Índio Luiza Roberta Hugo Nascimento - Frevos Trevosos,"02 - Ugo Barra Limpa, D Mingus - Pareidolias",Frevos Trevosos,Ugo Barra Limpa D Mingus J Carlos Nívea Maria João Gandavo Dayvson Índio Luiza Roberta Hugo Nascimento,2023,"02 - Ugo Barra Limpa, D Mingus - Pareidolias.mp3",False,,none,True,2
2023 - Vulgar Debil Consequences Of Silence,vulgar-debil-consequences-of-silence,Vulgar Debil Consequences Of Silence,,2023,vulgar-debil-consequences-of-silence.mp3,True,https://vulgardebil.bandcamp.com/album/consequences-of-silence,album,True,2
2023 - Wagner Almeida - 2023 - Wagner Almeida - wagner-almeida-sonho-violento-2019,wagner-almeida-sonho-violento-2019,2023 - Wagner Almeida - wagner-almeida-sonho-violento-2019,Wagner Almeida,2023,wagner-almeida-sonho-violento-2019.mp3,True,https://wagneralmeida.bandcamp.com,generic,True,2
2023 - Wagner Almeida Com Cuidado,wagner-almeida-com-cuidado-2023,Wagner Almeida Com Cuidado,,2023,wagner-almeida-com-cuidado-2023.mp3,True,https://wagneralmeida.bandcamp.com/album/com-cuidado,album,True,2
2023 - Yuri Costa - Yuri Costa Ao Vivo Na Ble Galeria,yuri-costa-ao-vivo-na-ble-galeria-2023,Yuri Costa Ao Vivo Na Ble Galeria,Yuri Costa,2023,yuri-costa-ao-vivo-na-ble-galeria-2023.mp3,True,https://maiorfiasco.bandcamp.com/album/yuri-costa-ao-vivo-na-ble-galeria,album,True,2
2022 - Abismika & Nattag - 2022 - Abismika & Nattag - Abismika Antipatia,abismika-antipatia-2017,2022 - Abismika & Nattag - Abismika Antipatia,Abismika & Nattag,2022,abismika-antipatia-2017.mp3,True,https://abismika.bandcamp.com,generic,True,2
2022 - Abril Belga Sol De Mel,abril-belga-sol-de-mel-2022,Abril Belga Sol De Mel,,2022,abril-belga-sol-de-mel-2022.mp3,True,https://abrilbelga.bandcamp.com/album/sol-de-mel,album,True,2
2022 - ajaxfree-human-scum-2022,ajaxfree-human-scum-2022,human-scum-2022,ajaxfree,2022,ajaxfree-human-scum-2022.mp3,True,http://ajaxfree.bandcamp.com/album/human-scum,album,True,2
2022 - Anelis Assumpcao Sal,anelis-assumpcao-sal-2022,Anelis Assumpcao Sal,,2022,anelis-assumpcao-sal-2022.mp3,True,https://anelisassumpcao.bandcamp.com/album/sal-2,album,True,2
2022 - Antes Do Erro Mais Ou Menos,antes-do-erro-mais-ou-menos-2022,Antes Do Erro Mais Ou Menos,,2022,antes-do-erro-mais-ou-menos-2022.mp3,True,https://antesdoerro.bandcamp.com/album/mais-ou-menos,album,True,2
2022 - Astral Commodities We All Knew You Were,astral-commodities-we-all-knew-you-were,Astral Commodities We All Knew You Were,,2022,astral-commodities-we-all-knew-you-were.mp3,True,https://astralcomedy.bandcamp.com/album/we-all-knew-you-were-useless-in-the-end,album,True,2
2022 - Bando Mastodontes Ciranda Celestial,bando-mastodontes-ciranda-celestial-2022,Bando Mastodontes Ciranda Celestial,,2022,bando-mastodontes-ciranda-celestial-2022.mp3,True,https://bandomastodontes.bandcamp.com/album/ciranda-celestial?from=hp,album,True,2
2022 - Bia Os Becks Marthe Sessions,bia-os-becks-marthe-sessions-2022,Bia Os Becks Marthe Sessions,,2022,bia-os-becks-marthe-sessions-2022.mp3,True,https://hominiscanidaerec.bandcamp.com/album/marthe-sessions-2,album,True,2
2022 - Billy Ponzio - TRILHA SONORA,billy-ponzio-trilha-sonora-2022,TRILHA SONORA,Billy Ponzio,2022,billy-ponzio-trilha-sonora-2022.mp3,True,https://billyponzio.bandcamp.com/album/trilha-sonora,album,True,2
2022 - billy-ponzio-trilha-sonora-2022,billy-ponzio-trilha-sonora-2022,ponzio-trilha-sonora-2022,billy,2022,billy-ponzio-trilha-sonora-2022.mp3,True,https://billyponzio.bandcamp.com/album/trilha-sonora,album,True,2
2022 - Bombardeio Blues Hells Angels,bombardeio-blues-hells-angels-2022,Bombardeio Blues Hells Angels,,2022,bombardeio-blues-hells-angels-2022.mp3,True,https://bombardeioblues.bandcamp.com/album/hells-angels,album,True,2
2022 - Brasileiro Garantido Churros Recheado,brasileiro-garantido-churros-recheado,Brasileiro Garantido Churros Recheado,,2022,brasileiro-garantido-churros-recheado.mp3,True,https://40porcentofodabarramaneirissimo.bandcamp.com/album/churros-recheado,album,True,2
2022 - Bruno Real Nowl Ep,bruno-real-nowl-ep-2022,Bruno Real Nowl Ep,,2022,bruno-real-nowl-ep-2022.mp3,True,https://brunoreal.bandcamp.com/album/n-o-w-l-ep,album,True,2
2022 - caustico-live-demo-i-2022,caustico-live-demo-i-2022,live-demo-i-2022,caustico,2022,caustico-live-demo-i-2022.mp3,True,https://caustico.bandcamp.com/album/live-demo-i,album,True,2
2022 - Cidade Dormitorio Ruina Ou O Comeco Me,cidade-dormitorio-ruina-ou-o-comeco-me,Cidade Dormitorio Ruina Ou O Comeco Me,,2022,cidade-dormitorio-ruina-ou-o-comeco-me.mp3,True,https://cidadedormitorio.bandcamp.com/album/ru-na-ou-o-come-o-me-distrai,album,True,2
2022 - Clan dos Mortos Cicatriz - Clan dos Mortos Cicatriz (Senil),clan-dos-mortos-cicatriz-2-2017,Clan dos Mortos Cicatriz (Senil),Clan dos Mortos Cicatriz,2022,clan-dos-mortos-cicatriz-2-2017.mp3,True,https://clandosmortoscicatriz.bandcamp.com](https://clandosmortoscicatriz.bandcamp.com,generic,True,2
2022 - Corpo Expandido - A Cor do Fim,corpo-expandido-cor-do-fim-2022,A Cor do Fim,Corpo Expandido,2022,corpo-expandido-cor-do-fim-2022.mp3,True,https://corpoexpandido.bandcamp.com/album/a-cor-do-fim,album,True,2
2022 - Crasso Sinestesico Largo Do Batata,crasso-sinestesico-largo-do-batata-2022,Crasso Sinestesico Largo Do Batata,,2022,crasso-sinestesico-largo-do-batata-2022.mp3,True,https://crassosinestsico.bandcamp.com/album/largo-do-batata,album,True,2
2022 - CÁUSTICO - LIVE DEMO I,caustico-live-demo-i-2022,LIVE DEMO I,CÁUSTICO,2022,caustico-live-demo-i-2022.mp3,True,https://caustico.bandcamp.com/album/live-demo-i,album,True,2
2022 - Dane Se O Homem Salve Imperio Demonios,dane-se-o-homem-salve-imperio-demonios,Dane Se O Homem Salve Imperio Demonios,,2022,dane-se-o-homem-salve-imperio-demonios.mp3,True,https://salveaimperio.bandcamp.com/album/demonios-exorcisavam-se,album,True,2
2022 - Desonra Discordia,desonra-discordia-2022,Desonra Discordia,,2022,desonra-discordia-2022.mp3,True,https://desonra.bandcamp.com/album/disc-rdia,album,True,2
2022 - Disstantes Apocalipto,disstantes-apocalipto-2022,Disstantes Apocalipto,,2022,disstantes-apocalipto-2022.mp3,True,https://disstantes.bandcamp.com/album/disstantes-apocalipto,album,True,2
2022 - Echoing Nightmare Witch,echoing-nightmare-witch-2022,Echoing Nightmare Witch,,2022,echoing-nightmare-witch-2022.mp3,True,https://nightmarecho.bandcamp.com/album/the-witch,album,True,2
2022 - Emerson Faria - Sedativos,emerson-faria-sedativos-2022,Sedativos,Emerson Faria,2022,emerson-faria-sedativos-2022.mp3,True,https://emersonfaria.bandcamp.com/album/sedativos,album,True,2
2022 - Emerson Faria Sedativos,emerson-faria-sedativos-2022,Emerson Faria Sedativos,,2022,emerson-faria-sedativos-2022.mp3,True,https://emersonfaria.bandcamp.com/album/sedativos,album,True,2
2022 - Epaminondas Jose Broken Thoughts,epaminondas-jose-broken-thoughts,Epaminondas Jose Broken Thoughts,,2022,epaminondas-jose-broken-thoughts.mp3,True,https://experimentalistarecords.bandcamp.com/album/broken-thoughts-remixes,album,True,2
2022 - Falador - Crônicas Do Subúrbio - Original Soundtrack,falador-cronicas-do-suburbio-original,Crônicas Do Subúrbio - Original Soundtrack,Falador,2022,falador-cronicas-do-suburbio-original.mp3,True,https://falador.bandcamp.com/releases,generic,True,2
2022 - felipe nizuma - natalia sedov (album),felipe-nizuma-natalia-sedov-2022,natalia sedov (album),felipe nizuma,2022,felipe-nizuma-natalia-sedov-2022.mp3,True,https://felipenizuma.bandcamp.com/album/natalia-sedov-album,album,True,2
2022 - Gabriel Ventura Tarde,gabriel-ventura-tarde-2022,Gabriel Ventura Tarde,,2022,gabriel-ventura-tarde-2022.mp3,True,https://balaclavarecords.bandcamp.com/album/tarde,album,True,2
2022 - Gorduratrans Zera,gorduratrans-zera-2022,Gorduratrans Zera,,2022,gorduratrans-zera-2022.mp3,True,https://gorduratrans.bandcamp.com/album/zera,album,True,2
2022 - Gringos Da Semana,gringos-da-semana-os-sons-que-fizeram,Gringos Da Semana,,2022,gringos-da-semana-os-sons-que-fizeram.mp3,True,https://mrroswellsneighborhood.bandcamp.com/album/the-love-of-decay-2,album,True,2
2022 - Gringos Da Semana 7 Destaques De 4,gringos-da-semana-7-destaques-de-4,Gringos Da Semana 7 Destaques De 4,,2022,gringos-da-semana-7-destaques-de-4.mp3,True,https://thefalconsofhaunt.bandcamp.com/album/we-were-the-kings-of-summer-2,album,True,2
2022 - Gringos Da Semana Aquela Compilacao De,gringos-da-semana-aquela-compilacao-de,Gringos Da Semana Aquela Compilacao De,,2022,gringos-da-semana-aquela-compilacao-de.mp3,True,https://quietsonia.bandcamp.com/album/all-black-horses-came-thundering,album,True,2
2022 - Gringos Da Semana As Novidades Da,gringos-da-semana-as-novidades-da,Gringos Da Semana As Novidades Da,,2022,gringos-da-semana-as-novidades-da.mp3,True,https://quadratox.bandcamp.com/album/hypnagotheque,album,True,2
2022 - Gringos Da Semana Confira Os Nossos,gringos-da-semana-confira-os-nossos,Gringos Da Semana Confira Os Nossos,,2022,gringos-da-semana-confira-os-nossos.mp3,True,https://hhnoi.bandcamp.com/album/the-unspoilt-works-vol-2-random-samples-and-jazz-injections,album,True,2
2022 - Gringos Da Semana Destaques Crocantes,gringos-da-semana-destaques-crocantes,Gringos Da Semana Destaques Crocantes,,2022,gringos-da-semana-destaques-crocantes.mp3,True,https://wadejosey.bandcamp.com/album/twenty-two-degree-halo,album,True,2
2022 - Gringos Da Semana Destaques Da Semana,gringos-da-semana-destaques-da-semana,Gringos Da Semana Destaques Da Semana,,2022,gringos-da-semana-destaques-da-semana.mp3,True,https://nightmovies.bandcamp.com/album/dreamish,album,True,2
2022 - Gringos Da Semana Destaques Em Eps De,gringos-da-semana-destaques-em-eps-de,Gringos Da Semana Destaques Em Eps De,,2022,gringos-da-semana-destaques-em-eps-de.mp3,True,https://tedtedted.bandcamp.com/album/mesh-mosh,album,True,2
2022 - Gringos Da Semana Destaques Sonoros De,gringos-da-semana-destaques-sonoros-de,Gringos Da Semana Destaques Sonoros De,,2022,gringos-da-semana-destaques-sonoros-de.mp3,True,https://norvik.bandcamp.com/album/once-a-home,album,True,2
2022 - Gringos Da Semana Experimentacao Do,gringos-da-semana-experimentacao-do,Gringos Da Semana Experimentacao Do,,2022,gringos-da-semana-experimentacao-do.mp3,True,https://jackzaferes.bandcamp.com/album/ghosts,album,True,2
2022 - Gringos Da Semana Mais 20 Sons Do Mundo,gringos-da-semana-mais-20-sons-do-mundo,Gringos Da Semana Mais 20 Sons Do Mundo,,2022,gringos-da-semana-mais-20-sons-do-mundo.mp3,True,https://rivalconsoles.bandcamp.com/album/now-is,album,True,2
2022 - Gringos Da Semana Mais Um Passeio Pelo,gringos-da-semana-mais-um-passeio-pelo,Gringos Da Semana Mais Um Passeio Pelo,,2022,gringos-da-semana-mais-um-passeio-pelo.mp3,True,https://hostilemind.bandcamp.com/album/lime,album,True,2
2022 - Gringos Da Semana Os Destaques Da,gringos-da-semana-os-destaques-da,Gringos Da Semana Os Destaques Da,,2022,gringos-da-semana-os-destaques-da.mp3,True,https://shatteredcircuits.bandcamp.com/album/hike,album,True,2
2022 - Gringos Da Semana Ou Seria Tercagringa,gringos-da-semana-ou-seria-tercagringa,Gringos Da Semana Ou Seria Tercagringa,,2022,gringos-da-semana-ou-seria-tercagringa.mp3,True,https://esse-ran.bandcamp.com/album/derelict-memories,album,True,2
2022 - Gringos Da Semana Playlist Atualizada,gringos-da-semana-playlist-atualizada,Gringos Da Semana Playlist Atualizada,,2022,gringos-da-semana-playlist-atualizada.mp3,True,https://rossharpermusic.bandcamp.com/album/the-dark-album,album,True,2
2022 - Gringos Da Semana Playlist Atualizada_082205358,gringos-da-semana-playlist-atualizada_082205358,Gringos Da Semana Playlist Atualizada_082205358,,2022,gringos-da-semana-playlist-atualizada_082205358.mp3,True,https://pyxisiota.bandcamp.com/album/ephemerality,album,True,2
2022 - Gringos Da Semana Poucos Destaques E,gringos-da-semana-poucos-destaques-e,Gringos Da Semana Poucos Destaques E,,2022,gringos-da-semana-poucos-destaques-e.mp3,True,https://drosophila.bandcamp.com/album/slight-spells,album,True,2
2022 - Gringos Da Semana Pra Voce Extravasar,gringos-da-semana-pra-voce-extravasar,Gringos Da Semana Pra Voce Extravasar,,2022,gringos-da-semana-pra-voce-extravasar.mp3,True,https://memoryy.bandcamp.com/album/invoice-attached,album,True,2
2022 - Gringos Da Semana Ultimo Gringos Da,gringos-da-semana-ultimo-gringos-da,Gringos Da Semana Ultimo Gringos Da,,2022,gringos-da-semana-ultimo-gringos-da.mp3,True,https://thedarkjazzproject.bandcamp.com/album/the-dark-jazz-project,album,True,2
2022 - Gringos Da Semana Uma Das Melhores,gringos-da-semana-uma-das-melhores,Gringos Da Semana Uma Das Melhores,,2022,gringos-da-semana-uma-das-melhores.mp3,True,https://greyscale10.bandcamp.com/album/iqeq-1,album,True,2
2022 - Gringos Da Semana Uma Playlist Pesada E,gringos-da-semana-uma-playlist-pesada-e,Gringos Da Semana Uma Playlist Pesada E,,2022,gringos-da-semana-uma-playlist-pesada-e.mp3,True,https://nuisancesongs.bandcamp.com/album/qanisqineq,album,True,2
2022 - Gringos Da Semana Uma Viagem Pelo Mundo,gringos-da-semana-uma-viagem-pelo-mundo,Gringos Da Semana Uma Viagem Pelo Mundo,,2022,gringos-da-semana-uma-viagem-pelo-mundo.mp3,True,https://agatmusic.bandcamp.com/album/with-the-incrowd,album,True,2
2022 - Gringos Da Semana Uns Beats Loks Uns,gringos-da-semana-uns-beats-loks-uns,Gringos Da Semana Uns Beats Loks Uns,,2022,gringos-da-semana-uns-beats-loks-uns.mp3,True,https://izanahjones.bandcamp.com/album/a-reggae-heart,album,True,2
2022 - Gringos Da Semana Vem Conhecer Novos,gringos-da-semana-vem-conhecer-novos,Gringos Da Semana Vem Conhecer Novos,,2022,gringos-da-semana-vem-conhecer-novos.mp3,True,https://kindkinkyzoo.bandcamp.com/album/swamp,album,True,2
2022 - Gringos Da Semana Voltamos Com O Que,gringos-da-semana-voltamos-com-o-que,Gringos Da Semana Voltamos Com O Que,,2022,gringos-da-semana-voltamos-com-o-que.mp3,True,https://strulgattu.bandcamp.com/album/ankomstkarta-2,album,True,2
2022 - gueersh-fogo-amigo-2022,gueersh-fogo-amigo-2022,fogo-amigo-2022,gueersh,2022,gueersh-fogo-amigo-2022.mp3,True,https://gueersh.bandcamp.com/album/fogo-amigo,album,True,2
2022 - Guerrinha - Cidade Grande,guerrinha-cidade-grande-2022,Cidade Grande,Guerrinha,2022,guerrinha-cidade-grande-2022.mp3,True,https://guerrinha.bandcamp.com/album/cidade-grande-2,album,True,2
2022 - Guerrinha Ida Aos Correios,guerrinha-ida-aos-correios-2022,Guerrinha Ida Aos Correios,,2022,guerrinha-ida-aos-correios-2022.mp3,True,https://40porcentofodabarramaneirissimo.bandcamp.com/album/ida-aos-correios,album,True,2
2022 - Guilherme Meirelles Ainda Vivo Sonhando,guilherme-meirelles-ainda-vivo-sonhando,Guilherme Meirelles Ainda Vivo Sonhando,,2022,guilherme-meirelles-ainda-vivo-sonhando.mp3,True,https://creepmachine.bandcamp.com/album/ainda-vivo-sonhando,album,True,2
2022 - HAYZ - Verdades Privadas,hayz-verdades-privadas-2022,Verdades Privadas,HAYZ,2022,hayz-verdades-privadas-2022.mp3,True,https://hayz.bandcamp.com/album/verdades-privadas,album,True,2
2022 - Hc Entrevista Dante Augusto Rn Fala,hc-entrevista-dante-augusto-rn-fala,Hc Entrevista Dante Augusto Rn Fala,,2022,hc-entrevista-dante-augusto-rn-fala.mp3,True,https://samplehate.bandcamp.com/releases,generic,True,2
2022 - INCUBADORA MUSICAL DE PERNAMBUCO - Vol.1,incubadora-musical-de-pernambuco-vol-1,Vol.1,INCUBADORA MUSICAL DE PERNAMBUCO,2022,incubadora-musical-de-pernambuco-vol-1.mp3,True,https://incubadoramusical.bandcamp.com/album/vol-1,album,True,2
2022 - Iramano Memoria,iramano-memoria-2022,Iramano Memoria,,2022,iramano-memoria-2022.mp3,True,https://iramano.bandcamp.com/album/mem-ria,album,True,2
2022 - Jan Felipe Keys To Kingdom Of Nothing,jan-felipe-keys-to-kingdom-of-nothing,Jan Felipe Keys To Kingdom Of Nothing,,2022,jan-felipe-keys-to-kingdom-of-nothing.mp3,True,https://janfelipe.bandcamp.com/album/keys-to-the-kingdom-of-nothing,album,True,2
2022 - Joe Silhueta - Sobre saltos y outras quedas,joe-silhueta-sobre-saltos-y-outras,Sobre saltos y outras quedas,Joe Silhueta,2022,joe-silhueta-sobre-saltos-y-outras.mp3,True,https://joesilhueta.bandcamp.com/album/sobre-saltos-y-outras-quedas,album,True,2
2022 - Julia Baumfeld - Turva,julia-baumfeld-turva-2022,Turva,Julia Baumfeld,2022,julia-baumfeld-turva-2022.mp3,True,https://juliabaumfeld.bandcamp.com/album/turva,album,True,2
2022 - Juliah Aloizio - Nunchi,"05 - Juliah, Aloizio - Meu Jardim",Nunchi,Juliah Aloizio,2022,"05 - Juliah, Aloizio - Meu Jardim.mp3",False,,none,True,2
2022 - Kalamaha No Samsara,kalamaha-no-samsara-2022,Kalamaha No Samsara,,2022,kalamaha-no-samsara-2022.mp3,True,,none,True,2
2022 - Kikito - Uma Alma EP,01 - Kikito - Uma Alma,Uma Alma EP,Kikito,2022,01 - Kikito - Uma Alma.mp3,False,,none,True,2
2022 - LABRADOR - Canções Simples,labrador-cancoes-simples-2022,Canções Simples,LABRADOR,2022,labrador-cancoes-simples-2022.mp3,True,https://theoladany.bandcamp.com/album/can-es-simples,album,True,2
2022 - Luiza Brina Toada Vem E Pelo Vento,luiza-brina-toada-vem-e-pelo-vento,Luiza Brina Toada Vem E Pelo Vento,,2022,luiza-brina-toada-vem-e-pelo-vento.mp3,True,,none,True,2
2022 - Marcus Neves - Modular Drone Session D,marcus-neves-modular-drone-session-d,Modular Drone Session D,Marcus Neves,2022,marcus-neves-modular-drone-session-d.mp3,True,http://musicainsolita.bandcamp.com/album/modular-drone-session-d,album,True,2
2022 - Marissol Mwaba Drik Barbosa François Muleka Linn da Quebrada Lucs Romero - NDEKE,"02 - Marissol Mwaba, Tuyo, Monica Agena - MARTE",NDEKE,Marissol Mwaba Drik Barbosa François Muleka Linn da Quebrada Lucs Romero,2022,"02 - Marissol Mwaba, Tuyo, Monica Agena - MARTE.mp3",False,,none,True,2
"2022 - miazzo - quando eu abri a porta, atiraram com um lança-mísseis",miazzo-quando-eu-abri-porta-atiraram,"quando eu abri a porta, atiraram com um lança-mísseis",miazzo,2022,miazzo-quando-eu-abri-porta-atiraram.mp3,True,https://miazzo.bandcamp.com/album/quando-eu-abri-a-porta-atiraram-com-um-lan-a-m-sseis,album,True,2
2022 - Monte Imerso - MARTHE SESSIONS,monte-imerso-marthe-sessions-2022,MARTHE SESSIONS,Monte Imerso,2022,monte-imerso-marthe-sessions-2022.mp3,True,https://hominiscanidaerec.bandcamp.com/album/marthe-sessions,album,True,2
2022 - Moons Best Kept Secret,moons-best-kept-secret-2022,Moons Best Kept Secret,,2022,moons-best-kept-secret-2022.mp3,True,https://balaclavarecords.bandcamp.com/album/best-kept-secret,album,True,2
2022 - Naissius - Ballet Para Cegos,naissius-ballet-para-cegos-2022,Ballet Para Cegos,Naissius,2022,naissius-ballet-para-cegos-2022.mp3,True,https://naissius.bandcamp.com/album/ballet-para-cegos,album,True,2
2022 - Narcoliricista - MARTHE SESSIONS,narcoliricista-marthe-sessions-2022,MARTHE SESSIONS,Narcoliricista,2022,narcoliricista-marthe-sessions-2022.mp3,True,https://hominiscanidaerec.bandcamp.com/album/marthe-sessions-3,album,True,2
2022 - Natache - Intervenção,03 - Natache - Encontro,Intervenção,Natache,2022,03 - Natache - Encontro.mp3,False,,none,True,2
2022 - Nosso Querido Figueiredo - 2022 - Nosso Querido Figueiredo - Nosso Querido Figueiredo Metafora Ep,nosso-querido-figueiredo-metafora-ep,2022 - Nosso Querido Figueiredo - Nosso Querido Figueiredo Metafora Ep,Nosso Querido Figueiredo,2022,nosso-querido-figueiredo-metafora-ep.mp3,True,,none,True,2
2022 - Nosso Querido Figueiredo - Evereste Deluxe,nosso-querido-figueiredo-everest-deluxe,Evereste Deluxe,Nosso Querido Figueiredo,2022,nosso-querido-figueiredo-everest-deluxe.mp3,True,http://nossoquerido.bandcamp.com/album/evereste-deluxe,album,True,2
2022 - Nosso Querido Figueiredo Everest Deluxe,nosso-querido-figueiredo-everest-deluxe,Nosso Querido Figueiredo Everest Deluxe,,2022,nosso-querido-figueiredo-everest-deluxe.mp3,True,http://nossoquerido.bandcamp.com/album/evereste-deluxe,album,True,2
2022 - O Grilo Daparte - Tira a Roupa,"01 - O Grilo, Daparte - Tira a Roupa",Tira a Roupa,O Grilo Daparte,2022,"01 - O Grilo, Daparte - Tira a Roupa.mp3",False,,none,True,2
2022 - O Retiro dos Artistas - O Mundo Oferecido,o-retiro-dos-artistas-o-mundo-oferecido,O Mundo Oferecido,O Retiro dos Artistas,2022,o-retiro-dos-artistas-o-mundo-oferecido.mp3,True,https://40porcentofodabarramaneirissimo.bandcamp.com/album/o-mundo-oferecido,album,True,2
2022 - O Retiro Dos Artistas O Mundo Oferecido,o-retiro-dos-artistas-o-mundo-oferecido,O Retiro Dos Artistas O Mundo Oferecido,,2022,o-retiro-dos-artistas-o-mundo-oferecido.mp3,True,https://40porcentofodabarramaneirissimo.bandcamp.com/album/o-mundo-oferecido,album,True,2
2022 - O Tetraedro - Geleia,o-tetraedro-geleia-2022,Geleia,O Tetraedro,2022,o-tetraedro-geleia-2022.mp3,True,https://otetraedro.bandcamp.com/album/geleia,album,True,2
2022 - Onda Errada Hc Eu Chego No Bar Pra,onda-errada-hc-eu-chego-no-bar-pra,Onda Errada Hc Eu Chego No Bar Pra,,2022,onda-errada-hc-eu-chego-no-bar-pra.mp3,True,https://ondaerradahc.bandcamp.com/album/eu-chego-no-bar-pra-poder-relaxar-e-ainda-tenho-que-ouvir-voc-falando-merda,album,True,2
2022 - Oxalah 1,oxalah-1-2022,Oxalah 1,,2022,oxalah-1-2022.mp3,True,https://oxalah.bandcamp.com/album/1,album,True,2
2022 - P F Filipini O Lamento Da Estrangeira I,p-f-filipini-o-lamento-da-estrangeira-i,P F Filipini O Lamento Da Estrangeira I,,2022,p-f-filipini-o-lamento-da-estrangeira-i.mp3,True,https://desmancheoselo.bandcamp.com/album/dos022-o-lamento-da-estrangeira-i-ii,album,True,2
2022 - Pavio - Cidadão de Bem,05 - Pavio - Fake News,Cidadão de Bem,Pavio,2022,05 - Pavio - Fake News.mp3,False,,none,True,2
2022 - peterson ruiz ziur ziurmuzik - LE OSIAC EXPERIENÇE,peterson-ruiz-as-estranhas-cancoes-de,LE OSIAC EXPERIENÇE,peterson ruiz ziur ziurmuzik,2022,peterson-ruiz-as-estranhas-cancoes-de.mp3,True,https://petersonruiz.bandcamp.com,generic,True,2
2022 - Pianocoquetel - Botando lenha na fogueira errada,pianocoquetel-botando-lenha-na-fogueira,Botando lenha na fogueira errada,Pianocoquetel,2022,pianocoquetel-botando-lenha-na-fogueira.mp3,True,http://pianocoquetel.bandcamp.com/album/botando-lenha-na-fogueira-errada,album,True,2
2022 - prefeitura-do-rio-21-2022,prefeitura-do-rio-21-2022,do-rio-21-2022,prefeitura,2022,prefeitura-do-rio-21-2022.mp3,True,https://prefeiturarj.bandcamp.com/album/2-1,album,True,2
2022 - QuadratoX - Hypnagotheque,gringos-da-semana-as-novidades-da,Hypnagotheque,QuadratoX,2022,gringos-da-semana-as-novidades-da.mp3,True,https://quadratox.bandcamp.com/album/hypnagotheque,album,True,2
2022 - Quantico Romance Desejo E Luxuria,quantico-romance-desejo-e-luxuria-2022,Quantico Romance Desejo E Luxuria,,2022,quantico-romance-desejo-e-luxuria-2022.mp3,True,https://quanticoromance.bandcamp.com/album/desejo-e-lux-ria,album,True,2
2022 - raad abdullah ferreira - breves momentos de beleza,raad-abdullah-ferreira-breves-momentos,breves momentos de beleza,raad abdullah ferreira,2022,raad-abdullah-ferreira-breves-momentos.mp3,True,https://raadferreira.bandcamp.com/album/breves-momentos-de-beleza,album,True,2
2022 - Repetentes 2008 Rapidao Cometa Highway,repetentes-2008-rapidao-cometa-highway,Repetentes 2008 Rapidao Cometa Highway,,2022,repetentes-2008-rapidao-cometa-highway.mp3,True,https://40porcentofodabarramaneirissimo.bandcamp.com/album/rapid-o-cometa-highway,album,True,2
2022 - Riegulate - GLOW,riegulate-glow-2022,GLOW,Riegulate,2022,riegulate-glow-2022.mp3,True,http://hominiscanidaerec.bandcamp.com/album/glow,album,True,2
2022 - Romulo Alexis + Chico Jalala - Cadernos pandêmicos Vol.1,romulo-alexis-chico-jalala-cadernos,Cadernos pandêmicos Vol.1,Romulo Alexis + Chico Jalala,2022,romulo-alexis-chico-jalala-cadernos.mp3,True,https://musicainsolita.bandcamp.com/album/cadernos-pand-micos-vol-1,album,True,2
2022 - Separable - Torpor,02 - Separable - Tirania,Torpor,Separable,2022,02 - Separable - Tirania.mp3,False,,none,True,2
2022 - Stella Folks - Vênus em Aquário,03 - Stella Folks - Stella,Vênus em Aquário,Stella Folks,2022,03 - Stella Folks - Stella.mp3,False,,none,True,2
2022 - suave - devir arcano,suave-brasil-um-sonho-intenso-2020,devir arcano,suave,2022,suave-brasil-um-sonho-intenso-2020.mp3,True,,none,True,2
2022 - Sérgio Wong - MÍDIA,sergio-wong-midia-2022,MÍDIA,Sérgio Wong,2022,sergio-wong-midia-2022.mp3,True,https://sergiowong.bandcamp.com/album/m-dia,album,True,2
2022 - Tentrio Workshop De Musica Experimental,tentrio-workshop-de-musica-experimental,Tentrio Workshop De Musica Experimental,,2022,tentrio-workshop-de-musica-experimental.mp3,True,https://tentrio.bandcamp.com/album/tentrio-workshop-de-m-sica-experimental-ep-2022,album,True,2
2022 - Tiago Sa Musica Pra Te Agucar,tiago-sa-musica-pra-te-agucar-2022,Tiago Sa Musica Pra Te Agucar,,2022,tiago-sa-musica-pra-te-agucar-2022.mp3,True,https://hominiscanidaerec.bandcamp.com/album/m-sica-pra-te-agu-ar,album,True,2
2022 - Torres De Mello Prezepeiro,torres-de-mello-prezepeiro-2022,Torres De Mello Prezepeiro,,2022,torres-de-mello-prezepeiro-2022.mp3,True,https://torresdemello.bandcamp.com/album/prezepeiro,album,True,2
2022 - UANA - Vidro Fumê,"02 - UANA, WR no Beat - Entre Quatro Paredes",Vidro Fumê,UANA,2022,"02 - UANA, WR no Beat - Entre Quatro Paredes.mp3",False,,none,True,2
2022 - Uira Dos Reis Fagia Remains,uira-dos-reis-fagia-remains-2022,Uira Dos Reis Fagia Remains,,2022,uira-dos-reis-fagia-remains-2022.mp3,True,https://osc-uro.bandcamp.com/album/fagia-remains,album,True,2
2022 - Valcian Calixto Seus Olhos Viam Deusas,valcian-calixto-seus-olhos-viam-deusas,Valcian Calixto Seus Olhos Viam Deusas,,2022,valcian-calixto-seus-olhos-viam-deusas.mp3,True,https://valciancalixto.bandcamp.com/album/seus-olhos-viam-deusas,album,True,2
2022 - Varios Artistas Darkroom,varios-artistas-darkroom-2022,Varios Artistas Darkroom,,2022,varios-artistas-darkroom-2022.mp3,True,https://desmancheoselo.bandcamp.com/album/dos023-darkroom,album,True,2
2022 - Vhoor Baile Bass,vhoor-baile-bass-2022,Vhoor Baile Bass,,2022,vhoor-baile-bass-2022.mp3,True,https://vhoor.bandcamp.com/album/baile-bass,album,True,2
2022 - Victor Huaz Planos De Paz E O Louvor,victor-huaz-planos-de-paz-e-o-louvor,Victor Huaz Planos De Paz E O Louvor,,2022,victor-huaz-planos-de-paz-e-o-louvor.mp3,True,https://victorhuaz.bandcamp.com/album/planos-de-paz-e-o-louvor-das-pequenas-coisas-005,album,True,2
2022 - Wagner Almeida - Eu Enterrei uma Semente Aqui,03 - Wagner Almeida - Sementes,Eu Enterrei uma Semente Aqui,Wagner Almeida,2022,03 - Wagner Almeida - Sementes.mp3,False,,none,True,2
2022 - Walfredo Em Busca Da Simbiose Self,walfredo-em-busca-da-simbiose-self-2022,Walfredo Em Busca Da Simbiose Self,,2022,walfredo-em-busca-da-simbiose-self-2022.mp3,True,https://balaclavarecords.bandcamp.com/album/self,album,True,2
2021 - 25 Discos Legais Que Voce Deveria Ter,25-discos-legais-que-voce-deveria-ter,25 Discos Legais Que Voce Deveria Ter,,2021,25-discos-legais-que-voce-deveria-ter.mp3,True,https://hominiscanidaerec.bandcamp.com,generic,True,2
2021 - A Casa Mais Estranha Nao Tem Numero,a-casa-mais-estranha-nao-tem-numero,A Casa Mais Estranha Nao Tem Numero,,2021,a-casa-mais-estranha-nao-tem-numero.mp3,True,http://malacabada.bandcamp.com/album/melodias-de-gaveta,album,True,2
2021 - a casa mais estranha não tem número - vetusta,a-casa-mais-estranha-nao-tem-numero,vetusta,a casa mais estranha não tem número,2021,a-casa-mais-estranha-nao-tem-numero.mp3,True,http://malacabada.bandcamp.com/album/melodias-de-gaveta,album,True,2
2021 - AB.DU - AB.DU,abdu-abdu-2021,AB.DU,AB.DU,2021,abdu-abdu-2021.mp3,True,https://prprcs.bandcamp.com/album/ab-du,album,True,2
2021 - Abraskadabra Make Yourself At Home,abraskadabra-make-yourself-at-home-2021,Abraskadabra Make Yourself At Home,,2021,abraskadabra-make-yourself-at-home-2021.mp3,True,https://abraskadabracwb.bandcamp.com/album/make-yourself-at-home,album,True,2
2021 - Acidental Objetos Arremessados Pela,acidental-objetos-arremessados-pela,Acidental Objetos Arremessados Pela,,2021,acidental-objetos-arremessados-pela.mp3,True,https://acidental.bandcamp.com/album/objetos-arremessados-pela-janela,album,True,2
2021 - Africanoise - 4 de Dezembro,africanoise-4-de-dezembro-2021,4 de Dezembro,Africanoise,2021,africanoise-4-de-dezembro-2021.mp3,True,https://40porcentofodabarramaneirissimo.bandcamp.com/album/4-de-dezembro-2,album,True,2
2021 - Afrolirismos - Afrolirismos Nº 1,01_Afrolirismos_Afrolirismos N°1,Afrolirismos Nº 1,Afrolirismos,2021,01_Afrolirismos_Afrolirismos N°1.mp3,False,,none,True,2
2021 - Ale Sater Fantasmas,ale-sater-fantasmas-2021,Ale Sater Fantasmas,,2021,ale-sater-fantasmas-2021.mp3,True,https://balaclavarecords.bandcamp.com/album/fantasmas,album,True,2
2021 - Alex Sant'Anna - aCorde Sessions (2021),alex-santanna-acorde-sessions-2021,aCorde Sessions (2021),Alex Sant'Anna,2021,alex-santanna-acorde-sessions-2021.mp3,True,http://alexsantanna.bandcamp.com/album/acorde-sessions-alex-santanna,album,True,2
2021 - Alexandre Curuma - Curuma,alexandre-curuma-curuma-2021,Curuma,Alexandre Curuma,2021,alexandre-curuma-curuma-2021.mp3,True,http://alexandrecuruma.bandcamp.com/album/curuma,album,True,2
2021 - Amaro Mann - Refúgio,amaro-mann-refugio-2021,Refúgio,Amaro Mann,2021,amaro-mann-refugio-2021.mp3,True,https://hominiscanidaerec.bandcamp.com/album/ref-gio,album,True,2
2021 - Amnese As Cores Distorcem O Escuro As,amnese-as-cores-distorcem-o-escuro-as,Amnese As Cores Distorcem O Escuro As,,2021,amnese-as-cores-distorcem-o-escuro-as.mp3,True,https://amnese.bandcamp.com/album/as-cores-distorcem-o-escuro-as-sombras-tomam-o-meu-lugar,album,True,2
2021 - Andre Medeiros Morro Dia 9,andre-medeiros-morro-dia-9-2021,Andre Medeiros Morro Dia 9,,2021,andre-medeiros-morro-dia-9-2021.mp3,True,https://andremedeiros.bandcamp.com/album/morro-dia-9,album,True,2
2021 - Andre Pelo Mundo Tororoterapia,andre-pelo-mundo-tororoterapia-2021,Andre Pelo Mundo Tororoterapia,,2021,andre-pelo-mundo-tororoterapia-2021.mp3,True,https://andrepelomundo.bandcamp.com/album/toror-terapia,album,True,2
2021 - As Aberrações - Todas As Aberrações Possíveis,as-aberracoes-todas-as-aberracoes,Todas As Aberrações Possíveis,As Aberrações,2021,as-aberracoes-todas-as-aberracoes.mp3,True,https://creepmachine.bandcamp.com/album/todas-as-aberra-es-poss-veis-2,album,True,2
2021 - Assadinhos Winkadinka,assadinhos-winkadinka-2021,Assadinhos Winkadinka,,2021,assadinhos-winkadinka-2021.mp3,True,https://40porcentofodabarramaneirissimo.bandcamp.com/album/winkadinka,album,True,2
2021 - aurata - 2021 - aurata - Aurata Verano,aurata-verano-2016,2021 - aurata - Aurata Verano,aurata,2021,aurata-verano-2016.mp3,True,https://aurata.bandcamp.com/**](https://aurata.bandcamp.com,generic,True,2
2021 - Badsista Gueto Elegance,badsista-gueto-elegance-2021,Badsista Gueto Elegance,,2021,badsista-gueto-elegance-2021.mp3,True,https://badsista.bandcamp.com/album/gueto-elegance,album,True,2
2021 - banda-lascaux-agora-lascaux-2021,banda-lascaux-agora-lascaux-2021,lascaux-agora-lascaux-2021,banda,2021,banda-lascaux-agora-lascaux-2021.mp3,True,https://mercuriomusica.bandcamp.com/album/agora-lascaux,album,True,2
2021 - Barbárie Bundi Heverton - AQUÁTIKA,1. Barbarie Bundi - Aquatika,AQUÁTIKA,Barbárie Bundi Heverton,2021,1. Barbarie Bundi - Aquatika.mp3,False,,none,True,2
2021 - Billy Ponzio - ENTRE O CEU E A TERRA,billy-ponzio-entre-o-ceu-e-terra-2021,ENTRE O CEU E A TERRA,Billy Ponzio,2021,billy-ponzio-entre-o-ceu-e-terra-2021.mp3,True,http://billyponzio.bandcamp.com/album/entre-o-c-u-e-a-terra,album,True,2
2021 - Bizouro Verde - Bizouro Verde 20 Anos,bizouro-verde-bizouro-verde-20-anos-2021,Bizouro Verde 20 Anos,Bizouro Verde,2021,bizouro-verde-bizouro-verde-20-anos-2021.mp3,True,https://hominiscanidaerec.bandcamp.com/album/bizouro-verde-20-anos,album,True,2
2021 - BlackCatGang - Oreo's adventure in the wild,blackcatgang-dogs-r-stupid-2021,Oreo's adventure in the wild,BlackCatGang,2021,blackcatgang-dogs-r-stupid-2021.mp3,True,,none,True,2
2021 - BlackCatGang - The Black and White gang,blackcatgang-dogs-r-stupid-2021,The Black and White gang,BlackCatGang,2021,blackcatgang-dogs-r-stupid-2021.mp3,True,,none,True,2
2021 - Boletos Antiaderentes - p um jovem de brilhante futuro,Boletos Antiaderentes - p- um jovem de brilhante futuro - 01 para um jovem de brilhante futuro,p um jovem de brilhante futuro,Boletos Antiaderentes,2021,Boletos Antiaderentes - p- um jovem de brilhante futuro - 01 para um jovem de brilhante futuro.mp3,False,,none,True,2
2021 - Bonifrate Corisco,bonifrate-corisco-2021,Bonifrate Corisco,,2021,bonifrate-corisco-2021.mp3,True,https://bonifrate.bandcamp.com/album/corisco,album,True,2
2021 - Brasileiro Garantido - Minipizzas,brasileiro-garantido-minipizzas-2021,Minipizzas,Brasileiro Garantido,2021,brasileiro-garantido-minipizzas-2021.mp3,True,,none,True,2
2021 - Caique O Jorg Carlos Pxt - Toca de Bicho,caique-o-jorg-carlos-pxt-toca-de-bicho,Toca de Bicho,Caique O Jorg Carlos Pxt,2021,caique-o-jorg-carlos-pxt-toca-de-bicho.mp3,True,https://jorg3.bandcamp.com/album/toca-de-bicho,album,True,2
2021 - Charlotte Matou um Cara - Atentas,charlotte-matou-um-cara-atentas-2021,Atentas,Charlotte Matou um Cara,2021,charlotte-matou-um-cara-atentas-2021.mp3,True,https://charlottematouumcara.bandcamp.com/album/atentas,album,True,2
2021 - Containers - From a Room In a Missing Country,containers-from-room-in-missing-country,From a Room In a Missing Country,Containers,2021,containers-from-room-in-missing-country.mp3,True,https://containers1.bandcamp.com/album/from-a-room-in-a-missing-country,album,True,2
2021 - Cr Space Ventura Contra Ataca,cr-space-ventura-contra-ataca-2021,Cr Space Ventura Contra Ataca,,2021,cr-space-ventura-contra-ataca-2021.mp3,True,https://catpeerecords.bandcamp.com/album/space-ventura-contra-ataca,album,True,2
2021 - Crasso Sinestesico Bem Ao Vivo,crasso-sinestesico-bem-ao-vivo-2021,Crasso Sinestesico Bem Ao Vivo,,2021,crasso-sinestesico-bem-ao-vivo-2021.mp3,True,http://crassosinestsico.bandcamp.com/album/bem-ao-vivo,album,True,2
2021 - Creepypasta Corpvs Mysticvm,creepypasta-corpvs-mysticvm-2021,Creepypasta Corpvs Mysticvm,,2021,creepypasta-corpvs-mysticvm-2021.mp3,True,http://crppst.bandcamp.com/album/corpvs-mysticvm,album,True,2
2021 - Dario Julio & Os Franciscanos - Suíte Bipolar em Dó Maior,06. Alerta de Gatilho,Suíte Bipolar em Dó Maior,Dario Julio & Os Franciscanos,2021,06. Alerta de Gatilho.mp3,False,,none,True,2
2021 - Decada Explosiva Distancia Entre As,decada-explosiva-distancia-entre-as,Decada Explosiva Distancia Entre As,,2021,decada-explosiva-distancia-entre-as.mp3,True,https://decadaexplosiva.bandcamp.com/album/a-dist-ncia-entre-as-cidades,album,True,2
2021 - Deekapz Jewel Gems,deekapz-jewel-gems-2021,Deekapz Jewel Gems,,2021,deekapz-jewel-gems-2021.mp3,True,https://deekapz.bandcamp.com/album/jewel-gems,album,True,2
2021 - Delltree She Loves You Da Da Da,delltree-she-loves-you-da-da-da-2021,Delltree She Loves You Da Da Da,,2021,delltree-she-loves-you-da-da-da-2021.mp3,True,http://antenaartbr.bandcamp.com/album/142-she-loves-you-da-da-da,album,True,2
2021 - Deus Sex Machina Amor E Convalenca Em,deus-sex-machina-amor-e-convalenca-em,Deus Sex Machina Amor E Convalenca Em,,2021,deus-sex-machina-amor-e-convalenca-em.mp3,True,http://dsxm.bandcamp.com/album/amor-e-convalen-a-em-tempos-de-pandemia,album,True,2
2021 - Dia Cinza - Dia Cinza,dia-cinza-dia-cinza-ep-2021,Dia Cinza,Dia Cinza,2021,dia-cinza-dia-cinza-ep-2021.mp3,True,,none,True,2
2021 - Diego Lucena Cidades Suicidios E,diego-lucena-cidades-suicidios-e,Diego Lucena Cidades Suicidios E,,2021,diego-lucena-cidades-suicidios-e.mp3,True,http://diegolucena.bandcamp.com/album/cidades-suic-dios-e-colis-es-fatais,album,True,2
"2021 - Djonga, Coyote Beatz, Nagalli - NU",08 Eu,NU,"Djonga, Coyote Beatz, Nagalli",2021,08 Eu.mp3,False,,none,True,2
2021 - Djsedj - SenseZera,djsedj-naranoiston-djosyara-2018,SenseZera,Djsedj,2021,djsedj-naranoiston-djosyara-2018.mp3,True,https://anonmera.bandcamp.com](https://anonmera.bandcamp.com,generic,True,2
2021 - Dr. Drumah Szabolcs Bognár Joao Deogracias - Nu-Konduktor,"07 - Dr. Drumah, Alberto Continentino, Kiko Continentin - Temaluna",Nu-Konduktor,Dr. Drumah Szabolcs Bognár Joao Deogracias,2021,"07 - Dr. Drumah, Alberto Continentino, Kiko Continentin - Temaluna.mp3",False,,none,True,2
2021 - Dramon Aspero,dramon-aspero-2021,Dramon Aspero,,2021,dramon-aspero-2021.mp3,True,,none,True,2
2021 - Duben Paisagens Dos Sonhos E Objetos Da,duben-paisagens-dos-sonhos-e-objetos-da,Duben Paisagens Dos Sonhos E Objetos Da,,2021,duben-paisagens-dos-sonhos-e-objetos-da.mp3,True,http://pedroben.bandcamp.com/album/paisagens-dos-sonhos-e-objetos-da-lembran-a,album,True,2
2021 - ecolalia - bb talk,ecolalia-bb-talk-2021,bb talk,ecolalia,2021,ecolalia-bb-talk-2021.mp3,True,https://voragem.bandcamp.com/album/bb-talk,album,True,2
2021 - Em Extincao - lugares que eu não queria estar,em-extincao-lugares-que-eu-nao-queria,lugares que eu não queria estar,Em Extincao,2021,em-extincao-lugares-que-eu-nao-queria.mp3,True,http://emextincao.bandcamp.com/album/lugares-que-eu-n-o-queria-estar,album,True,2
2021 - Emerson Faria - Sentidos Solares,emerson-faria-sentidos-solares-2021,Sentidos Solares,Emerson Faria,2021,emerson-faria-sentidos-solares-2021.mp3,True,https://emersonfaria.bandcamp.com/album/sentidos-solares,album,True,2
2021 - Emerson Faria Sentidos Solares,emerson-faria-sentidos-solares-2021,Emerson Faria Sentidos Solares,,2021,emerson-faria-sentidos-solares-2021.mp3,True,https://emersonfaria.bandcamp.com/album/sentidos-solares,album,True,2
2021 - Fabio Solo Voices Fx,fabio-solo-voices-fx-2021,Fabio Solo Voices Fx,,2021,fabio-solo-voices-fx-2021.mp3,True,https://antenaartbr.bandcamp.com/album/141-solo-voices-fx,album,True,2
2021 - felipe nizuma - velhas datas (ep),felipe-nizuma-velhas-datas-2021,velhas datas (ep),felipe nizuma,2021,felipe-nizuma-velhas-datas-2021.mp3,True,https://felipenizuma.bandcamp.com/album/velhas-datas-ep,album,True,2
2021 - Fernando Motta - Ensaio Pra Destruir,fernando-motta-ensaio-pra-destruir-2021,Ensaio Pra Destruir,Fernando Motta,2021,fernando-motta-ensaio-pra-destruir-2021.mp3,True,https://fernandomotta.bandcamp.com/album/ensaio-pra-destruir,album,True,2
2021 - Fgra Fgra,fgra-fgra-2021,Fgra Fgra,,2021,fgra-fgra-2021.mp3,True,https://desmancheoselo.bandcamp.com/album/dos021-fgra,album,True,2
2021 - Garoto Androide - Exercícios de Autossabotagem,04 Egos+Armas,Exercícios de Autossabotagem,Garoto Androide,2021,04 Egos+Armas.mp3,False,,none,True,2
2021 - Gigito - Coleção de Estragos,gigito-colecao-de-estragos-2021,Coleção de Estragos,Gigito,2021,gigito-colecao-de-estragos-2021.mp3,True,https://gigitobanjo.bandcamp.com/album/cole-o-de-estragos,album,True,2
2021 - gigito-colecao-de-estragos-2021,gigito-colecao-de-estragos-2021,colecao-de-estragos-2021,gigito,2021,gigito-colecao-de-estragos-2021.mp3,True,https://gigitobanjo.bandcamp.com/album/cole-o-de-estragos,album,True,2
"2021 - Gimu - An Outburst, A Yell",gimu-outburst-yell-2021,"An Outburst, A Yell",Gimu,2021,gimu-outburst-yell-2021.mp3,True,https://musicainsolita.bandcamp.com/album/an-outburst-a-yell,album,True,2
2021 - Grupo Porco Karaoke De Bebado,grupo-porco-karaoke-de-bebado-2021,Grupo Porco Karaoke De Bebado,,2021,grupo-porco-karaoke-de-bebado-2021.mp3,True,,none,True,2
2021 - Guerrinha - Praia das Pedrinhas,guerrinha-praia-das-pedrinhas-2021,Praia das Pedrinhas,Guerrinha,2021,guerrinha-praia-das-pedrinhas-2021.mp3,True,http://40porcentofodabarramaneirissimo.bandcamp.com/album/praia-das-pedrinhas,album,True,2
2021 - Guto Bellucco Sopa De Morcego,guto-bellucco-sopa-de-morcego-2021,Guto Bellucco Sopa De Morcego,,2021,guto-bellucco-sopa-de-morcego-2021.mp3,True,https://gutobellucco.bandcamp.com/album/sopa-de-morcego,album,True,2
2021 - Hanni Palecter - CRECA,hanni-palecter-creca-2021,CRECA,Hanni Palecter,2021,hanni-palecter-creca-2021.mp3,True,https://hominiscanidaerec.bandcamp.com/album/creca,album,True,2
2021 - Hanni Palecter - Volume 1,hanni-palecter-volume-1-2021,Volume 1,Hanni Palecter,2021,hanni-palecter-volume-1-2021.mp3,True,https://hominiscanidaerec.bandcamp.com/album/volume-1,album,True,2
2021 - ian medeiros - varanda,ian-medeiros-varanda-2021,varanda,ian medeiros,2021,ian-medeiros-varanda-2021.mp3,True,https://ianmedeiros.bandcamp.com/album/varanda,album,True,2
2021 - Inés Terra - Fio,ines-terra-fio-2021,Fio,Inés Terra,2021,ines-terra-fio-2021.mp3,True,http://estranhasocupacoes.bandcamp.com/album/fio,album,True,2
2021 - Jadsa Olho De Vidro,jadsa-olho-de-vidro-2021,Jadsa Olho De Vidro,,2021,jadsa-olho-de-vidro-2021.mp3,True,,none,True,2
2021 - Jan Felipe - Banda Fina,jan-felipe-banda-fina-2021,Banda Fina,Jan Felipe,2021,jan-felipe-banda-fina-2021.mp3,True,https://janfelipe.bandcamp.com/album/banda-fina,album,True,2
2021 - Joca Salvacao E Pelo Risco O Show Do,joca-salvacao-e-pelo-risco-o-show-do,Joca Salvacao E Pelo Risco O Show Do,,2021,joca-salvacao-e-pelo-risco-o-show-do.mp3,True,http://joca.bandcamp.com/album/a-salva-o-pelo-risco-o-show-do-joca-debut-album,album,True,2
2021 - Joe Silhueta - Outras trilhas,joe-silhueta-outras-trilhas-2021,Outras trilhas,Joe Silhueta,2021,joe-silhueta-outras-trilhas-2021.mp3,True,https://joesilhueta.bandcamp.com/album/outras-trilhas,album,True,2
2021 - Jovelli - 2021 - Jovelli - jovelli-moon-2018,jovelli-moon-2018,2021 - Jovelli - jovelli-moon-2018,Jovelli,2021,jovelli-moon-2018.mp3,True,https://jovelli.bandcamp.com,generic,True,2
2021 - kalouv-medida-da-distancia-2021,kalouv-medida-da-distancia-2021,medida-da-distancia-2021,kalouv,2021,kalouv-medida-da-distancia-2021.mp3,True,,none,True,2
2021 - Lingering Last Drops - 2021 - Lingering Last Drops - Lingering Last Drops No,lingering-last-drops-no-2013,2021 - Lingering Last Drops - Lingering Last Drops No,Lingering Last Drops,2021,lingering-last-drops-no-2013.mp3,True,https://lingeringlastdrops.bandcamp.com,generic,True,2
2021 - Lombraless - Lasqueira Vibes,lombraless-lasqueira-vibes-2021,Lasqueira Vibes,Lombraless,2021,lombraless-lasqueira-vibes-2021.mp3,True,,none,True,2
2021 - lupe-de-lupe-lula-2021,lupe-de-lupe-lula-2021,de-lupe-lula-2021,lupe,2021,lupe-de-lupe-lula-2021.mp3,True,https://lupedelupe.bandcamp.com/album/lula-2,album,True,2
2021 - M0RPHEENS - FEELING - Beat Tape,m0rpheens-feeling-beat-tape-2021,FEELING - Beat Tape,M0RPHEENS,2021,m0rpheens-feeling-beat-tape-2021.mp3,True,,none,True,2
2021 - Made In Mars - Made In Mars,made-in-mars-made-in-mars-2021,Made In Mars,Made In Mars,2021,made-in-mars-made-in-mars-2021.mp3,True,http://madeinmars.bandcamp.com/album/made-in-mars,album,True,2
2021 - mangustan - o triângulo dos instrumentos perdidos,garfo-we-could-end-world-together-2016,o triângulo dos instrumentos perdidos,mangustan,2021,garfo-we-could-end-world-together-2016.mp3,True,https://garfo.bandcamp.com,generic,True,2
2021 - Marco Nalesso - IMAGÉTICA (2021),marco-nalesso-imagetica-2021,IMAGÉTICA (2021),Marco Nalesso,2021,marco-nalesso-imagetica-2021.mp3,True,https://marconalesso.bandcamp.com/album/imag-tica-2021,album,True,2
2021 - Marco Nalesso Imagetica,marco-nalesso-imagetica-2021,Marco Nalesso Imagetica,,2021,marco-nalesso-imagetica-2021.mp3,True,https://marconalesso.bandcamp.com/album/imag-tica-2021,album,True,2
2021 - Mari Santana - Doces Águas,01 - Mari Santana - Abre Caminho,Doces Águas,Mari Santana,2021,01 - Mari Santana - Abre Caminho.mp3,False,,none,True,2
2021 - Matheus Santiago Ini,matheus-santiago-ini-2021,Matheus Santiago Ini,,2021,matheus-santiago-ini-2021.mp3,True,http://omatheussantiago.bandcamp.com/album/ini,album,True,2
2021 - Micha Reparo,micha-reparo-2021,Micha Reparo,,2021,micha-reparo-2021.mp3,True,https://michainconstante.bandcamp.com/album/reparo,album,True,2
2021 - Naaxtro Formigaz Sessions Vol 01,naaxtro-formigaz-sessions-vol-01-2020,Naaxtro Formigaz Sessions Vol 01,,2021,naaxtro-formigaz-sessions-vol-01-2020.mp3,True,http://naaxtro.bandcamp.com/album/formigaz-sessions-vol-01,album,True,2
2021 - Napalm Jazz Scream - Improvisações,napalm-jazz-scream-improvisacoes-2021,Improvisações,Napalm Jazz Scream,2021,napalm-jazz-scream-improvisacoes-2021.mp3,True,https://ajaxfree.bandcamp.com/album/napalm-jazz-scream-improvisa-es,album,True,2
2021 - Negro Leo Rodrigo Coelho Thomas Harres,negro-leo-rodrigo-coelho-thomas-harres,Negro Leo Rodrigo Coelho Thomas Harres,,2021,negro-leo-rodrigo-coelho-thomas-harres.mp3,True,https://uivorecords.bandcamp.com/album/balancete-vol-i,album,True,2
2021 - Nome Morto Discografia 1996 2003,nome-morto-discografia-1996-2003-2021,Nome Morto Discografia 1996 2003,,2021,nome-morto-discografia-1996-2003-2021.mp3,True,https://nomemorto.bandcamp.com/album/discografia-1996-2003,album,True,2
2021 - Nosso Querido Figueiredo Evereste,nosso-querido-figueiredo-evereste-2021,Nosso Querido Figueiredo Evereste,,2021,nosso-querido-figueiredo-evereste-2021.mp3,True,https://nossoquerido.bandcamp.com/album/evereste,album,True,2
2021 - O Cerne - interferências desviver,o-cerne-interferenciasdesviver-2021,interferências desviver,O Cerne,2021,o-cerne-interferenciasdesviver-2021.mp3,True,,none,True,2
2021 - O Jardim Das Horas Carbono,o-jardim-das-horas-carbono-2021,O Jardim Das Horas Carbono,,2021,o-jardim-das-horas-carbono-2021.mp3,True,https://mercuriomusica.bandcamp.com/album/carbono,album,True,2
2021 - Ontem é muito longe daqui - Ontem é muito longe daqui,ontem-e-muito-longe-daqui-ontem-e-muito,Ontem é muito longe daqui,Ontem é muito longe daqui,2021,ontem-e-muito-longe-daqui-ontem-e-muito.mp3,True,,none,True,2
2021 - Oruã - Íngreme,orua-ingreme-2021,Íngreme,Oruã,2021,orua-ingreme-2021.mp3,True,https://transfusaonoiserecords.bandcamp.com/album/ngreme,album,True,2
2021 - Os Alacantos - De Dentro da Solidão,02 Do Lado de Dentro,De Dentro da Solidão,Os Alacantos,2021,02 Do Lado de Dentro.mp3,False,,none,True,2
2021 - pandUkkyi - A Mixtape Revisited - VOL 1,pandukkyi-mixtape-revisited-vol-1-2021,A Mixtape Revisited - VOL 1,pandUkkyi,2021,pandukkyi-mixtape-revisited-vol-1-2021.mp3,True,https://pandukkyi.bandcamp.com/album/a-mixtape-revisited-vol-1,album,True,2
2021 - Personas Das Luzes Que Se Fundem Com,personas-das-luzes-que-se-fundem-com,Personas Das Luzes Que Se Fundem Com,,2021,personas-das-luzes-que-se-fundem-com.mp3,True,http://personasbr.bandcamp.com/album/das-luzes-que-se-fundem-com-a-manh,album,True,2
2021 - Pessoas Que Eu Conheco Brasil,pessoas-que-eu-conheco-brasil-2021,Pessoas Que Eu Conheco Brasil,,2021,pessoas-que-eu-conheco-brasil-2021.mp3,True,http://40porcentofodabarramaneirissimo.bandcamp.com/album/brasil,album,True,2
2021 - peterson ruiz ziur ziurmuzik - ENSAIOS PSICOMAGNÉTICOS VOL.3 REMIXES 2021,peterson-ruiz-ziur-ziurmuzik-ensaios,ENSAIOS PSICOMAGNÉTICOS VOL.3 REMIXES 2021,peterson ruiz ziur ziurmuzik,2021,peterson-ruiz-ziur-ziurmuzik-ensaios.mp3,True,http://petersonruiz.bandcamp.com/album/ensaios-psicomagn-ticos-vol-3-remixes-2021,album,True,2
2021 - Pietro Bapthysthe - Kintoun,pietro-bapthysthe-kintoun-2021,Kintoun,Pietro Bapthysthe,2021,pietro-bapthysthe-kintoun-2021.mp3,True,https://pietrobapthysthe.bandcamp.com/album/kintoun,album,True,2
2021 - Pinscher Attack - QUEBRA CABEÇA (4 Peças Matrizes),pinscher-attack-quebra-cabeca-4-pecas,QUEBRA CABEÇA (4 Peças Matrizes),Pinscher Attack,2021,pinscher-attack-quebra-cabeca-4-pecas.mp3,True,http://pinscherattack.bandcamp.com/album/quebra-cabe-a-4-pe-as-matrizes,album,True,2
2021 - prefeitura-do-rio-prefeitura-2021,prefeitura-do-rio-prefeitura-2021,do-rio-prefeitura-2021,prefeitura,2021,prefeitura-do-rio-prefeitura-2021.mp3,True,https://prefeitura.bandcamp.com,generic,True,2
2021 - Rafa Electronics Unflesh,rafa-electronics-unflesh-2021,Rafa Electronics Unflesh,,2021,rafa-electronics-unflesh-2021.mp3,True,http://meiavida.bandcamp.com/album/unflesh,album,True,2
2021 - Rakta Deafkids Sessoes Selo Sesc,rakta-deafkids-sessoes-selo-sesc-2020,Rakta Deafkids Sessoes Selo Sesc,,2021,rakta-deafkids-sessoes-selo-sesc-2020.mp3,True,https://rakta.bandcamp.com,generic,True,2
2021 - RAMA - cenário,rama-cenario-2021,cenário,RAMA,2021,rama-cenario-2021.mp3,True,https://rama420.bandcamp.com/releases,generic,True,2
2021 - Ramiro Materia Mais Um Morto,ramiro-materia-mais-um-morto,Ramiro Materia Mais Um Morto,,2021,ramiro-materia-mais-um-morto.mp3,True,http://ramiromateria.bandcamp.com/album/mais-um-morto-desconhecido,album,True,2
2021 - Remédio Sem Causa - Controle,remedio-sem-causa-controle-2021,Controle,Remédio Sem Causa,2021,remedio-sem-causa-controle-2021.mp3,True,http://remediosemcausa.bandcamp.com/album/controle,album,True,2
2021 - Repetentes 2008 Tragedia De Pete,repetentes-2008-tragedia-de-pete-2021,Repetentes 2008 Tragedia De Pete,,2021,repetentes-2008-tragedia-de-pete-2021.mp3,True,http://40porcentofodabarramaneirissimo.bandcamp.com/album/a-trag-dia-de-pete,album,True,2
2021 - Ricardo Gameiro - Rasga-sossego Páramo,01 Ricardo Gameiro - Rasga-Sossego,Rasga-sossego Páramo,Ricardo Gameiro,2021,01 Ricardo Gameiro - Rasga-Sossego.mp3,False,,none,True,2
2021 - Sombrio da Silva - Música Para Ouvir Chorando Enquanto Escorrega de Costas na Porta,sombrio-da-silva-musica-para-ouvir,Música Para Ouvir Chorando Enquanto Escorrega de Costas na Porta,Sombrio da Silva,2021,sombrio-da-silva-musica-para-ouvir.mp3,True,https://sombriodasilva.bandcamp.com/album/m-sica-para-ouvir-chorando-enquanto-escorrega-de-costas-na-porta,album,True,2
2021 - Sons De Beira Sons De Beira,sons-de-beira-sons-de-beira-2021,Sons De Beira Sons De Beira,,2021,sons-de-beira-sons-de-beira-2021.mp3,True,http://desmancheoselo.bandcamp.com/album/dos019-sons-de-beira,album,True,2
2021 - Sophia Chablau E Uma Enorme Perda De,sophia-chablau-e-uma-enorme-perda-de,Sophia Chablau E Uma Enorme Perda De,,2021,sophia-chablau-e-uma-enorme-perda-de.mp3,True,https://sophiachablaueumaenormeperdade.bandcamp.com/album/m-sica-do-esquecimento,album,True,2
2021 - Stenamina Boat Chuva Imovel,stenamina-boat-chuva-imovel-2021,Stenamina Boat Chuva Imovel,,2021,stenamina-boat-chuva-imovel-2021.mp3,True,https://paranoiamusique.bandcamp.com/album/chuva-im-vel,album,True,2
2021 - Suave Suave,suave-suave-2018,Suave Suave,,2021,suave-suave-2018.mp3,True,https://suave.bandcamp.com/album/suave,album,True,2
2021 - tarde mais densa - Abissal,tarde-mais-densa-abissal-2021,Abissal,tarde mais densa,2021,tarde-mais-densa-abissal-2021.mp3,True,https://tardemaisdensa.bandcamp.com/album/abissal,album,True,2
"2021 - Thiago David, Heitor Dantas - Dr. Heitor",02 Pequenininho,Dr. Heitor,"Thiago David, Heitor Dantas",2021,02 Pequenininho.mp3,False,,none,True,2
2021 - Tiago Malta - O Filho da Dor,tiago-malta-o-filho-da-dor-2021,O Filho da Dor,Tiago Malta,2021,tiago-malta-o-filho-da-dor-2021.mp3,True,http://tiagomalta.bandcamp.com/album/o-filho-da-dor,album,True,2
2021 - tsé-tsé - Sorvedouro,tse-tse-sorvedouro-2021,tsé - Sorvedouro,tsé,2021,tse-tse-sorvedouro-2021.mp3,True,,none,True,2
2021 - Unbelievable Things - Obrigado por Nada,unbelievable-things-tributo-laura,Obrigado por Nada,Unbelievable Things,2021,unbelievable-things-tributo-laura.mp3,True,https://unbelievablethings.bandcamp.com,generic,True,2
2021 - Vacilant - Tempo Bravo,vacilant-tempo-bravo-2021,Tempo Bravo,Vacilant,2021,vacilant-tempo-bravo-2021.mp3,True,https://mercuriomusica.bandcamp.com/album/tempo-bravo,album,True,2
2021 - Vauruva Manso Queimor Dacordado,vauruva-manso-queimor-dacordado-2021,Vauruva Manso Queimor Dacordado,,2021,vauruva-manso-queimor-dacordado-2021.mp3,True,https://vauruva.bandcamp.com/album/manso-queimor-dacordado,album,True,2
2021 - Vela de Libra - A Luz e o lampião,01-Zumbi,A Luz e o lampião,Vela de Libra,2021,01-Zumbi.mp3.mp3,False,,none,True,2
2021 - Verterah - Você Supernova,vrtrh-alguns-sons-de-um-eu-precarizado,Você Supernova,Verterah,2021,vrtrh-alguns-sons-de-um-eu-precarizado.mp3,True,https://verterah.bandcamp.com,generic,True,2
2021 - Victor Huaz - Hipnose Hip Hop,victor-huaz-hipnose-hip-hop-2020,Hipnose Hip Hop,Victor Huaz,2021,victor-huaz-hipnose-hip-hop-2020.mp3,True,https://victorhuaz.bandcamp.com/album/hipnose-hip-hop-004,album,True,2
2021 - Viramundo Mopi,viramundo-mopi-2021,Viramundo Mopi,,2021,viramundo-mopi-2021.mp3,True,https://mercuriomusica.bandcamp.com/album/mopi,album,True,2
2020 - 1983 - Dissonância Sessions,1983-dissonancia-sessions-2020,Dissonância Sessions,1983,2020,1983-dissonancia-sessions-2020.mp3,True,https://paranoiamusique.bandcamp.com/album/disson-ncia-sessions,album,True,2
2020 - ACAVERNUS - Drones,acavernus-drones-2020,Drones,ACAVERNUS,2020,acavernus-drones-2020.mp3,True,https://acavernus.bandcamp.com,generic,True,2
2020 - acavernus-drones-2020,acavernus-drones-2020,drones-2020,acavernus,2020,acavernus-drones-2020.mp3,True,https://acavernus.bandcamp.com,generic,True,2
2020 - Acruz Sesper Trio Days Go By Like,acruz-sesper-trio-days-go-by-like,Acruz Sesper Trio Days Go By Like,,2020,acruz-sesper-trio-days-go-by-like.mp3,True,https://acruzsesper.bandcamp.com,generic,True,2
2020 - Allen Alencar Aqui Onde,allen-alencar-aqui-onde-2020,Allen Alencar Aqui Onde,,2020,allen-alencar-aqui-onde-2020.mp3,True,,none,True,2
2020 - Ana Frango Eletrico Ao Vivo No,ana-frango-eletrico-ao-vivo-no,Ana Frango Eletrico Ao Vivo No,,2020,ana-frango-eletrico-ao-vivo-no.mp3,True,https://anafrangoeletrico.bandcamp.com,generic,True,2
2020 - Berra Boi Live At Zona Mundi Festival,berra-boi-live-at-zona-mundi-festival,Berra Boi Live At Zona Mundi Festival,,2020,berra-boi-live-at-zona-mundi-festival.mp3,True,https://chicocorrea.bandcamp.com/album/berra-boi-live-at-zona-mundi-festival,album,True,2
2020 - Billy Ponzio - MÚSICA ATMOSFÉRICA (álbum),billy-ponzio-musica-atmosferica-2020,MÚSICA ATMOSFÉRICA (álbum),Billy Ponzio,2020,billy-ponzio-musica-atmosferica-2020.mp3,True,http://billyponzio.bandcamp.com/album/m-sica-atmosf-rica,album,True,2
2020 - Billy Ponzio - PÉ NA ESTRADA,billy-ponzio-le-voyage-jam-session-2020,PÉ NA ESTRADA,Billy Ponzio,2020,billy-ponzio-le-voyage-jam-session-2020.mp3,True,https://billyponzio.bandcamp.com/album/le-voyage-jam-session,album,True,2
2020 - Billy Ponzio Le Voyage Jam Session,billy-ponzio-le-voyage-jam-session-2020,Billy Ponzio Le Voyage Jam Session,,2020,billy-ponzio-le-voyage-jam-session-2020.mp3,True,https://billyponzio.bandcamp.com/album/le-voyage-jam-session,album,True,2
2020 - Boogarins Fefel2020,boogarins-fefel2020-2020,Boogarins Fefel2020,,2020,boogarins-fefel2020-2020.mp3,True,https://boogarins.bandcamp.com,generic,True,2
2020 - Boogarins Levitation Sessions,boogarins-levitation-sessions-2020,Boogarins Levitation Sessions,,2020,boogarins-levitation-sessions-2020.mp3,True,https://boogarins.bandcamp.com/album/levitation-sessions,album,True,2
2020 - Cadu Tenorio Isekai,cadu-tenorio-isekai-2019,Cadu Tenorio Isekai,,2020,cadu-tenorio-isekai-2019.mp3,True,https://cadutenorio.bandcamp.com,generic,True,2
2020 - Cadu Tenorio Room Memoirs,cadu-tenorio-room-memoirs-2020,Cadu Tenorio Room Memoirs,,2020,cadu-tenorio-room-memoirs-2020.mp3,True,https://cadutenorio.bandcamp.com,generic,True,2
2020 - Captain Lopes and the Crazy Toads - I Hope You Get It,captain-lopes-and-crazy-toads-i-hope,I Hope You Get It,Captain Lopes and the Crazy Toads,2020,captain-lopes-and-crazy-toads-i-hope.mp3,True,https://rapadurarecords.bandcamp.com/album/i-hope-you-get-it,album,True,2
2020 - Cassio Figueiredo Rj2019nigredo,cassio-figueiredo-rj2019nigredo-2020,Cassio Figueiredo Rj2019nigredo,,2020,cassio-figueiredo-rj2019nigredo-2020.mp3,True,https://seminalrecords.bandcamp.com/album/rj2019nigredo,album,True,2
2020 - Chicocorrea Sequencers 001,chicocorrea-sequencers-001-2020,Chicocorrea Sequencers 001,,2020,chicocorrea-sequencers-001-2020.mp3,True,https://chicocorrea.bandcamp.com,generic,True,2
2020 - ChromaKitsch - Karmafel,chromakitsch-karmafel-2020,Karmafel,ChromaKitsch,2020,chromakitsch-karmafel-2020.mp3,True,http://mercuriomusica.bandcamp.com/album/karmafel,album,True,2
2020 - Coletivo Crianca Errada Crianca Errada,coletivo-crianca-errada-crianca-errada,Coletivo Crianca Errada Crianca Errada,,2020,coletivo-crianca-errada-crianca-errada.mp3,True,http://criancaerrada.bandcamp.com/album/crian-a-errada-vol-1,album,True,2
2020 - Combinado Ep,combinado-ep-2018,Combinado Ep,,2020,combinado-ep-2018.mp3,True,https://combinado.bandcamp.com,generic,True,2
2020 - Davidson Mendez - As Crônicas de uma Ressaca [EP],davidson-mendez-as-cronicas-de-uma,As Crônicas de uma Ressaca [EP],Davidson Mendez,2020,davidson-mendez-as-cronicas-de-uma.mp3,True,https://nightbirdrecords.bandcamp.com/album/as-cr-nicas-de-uma-ressaca-ep,album,True,2
2020 - Davidson Mendez As - As Crônicas de uma Ressaca,davidson-mendez-as-cronicas-de-uma,As Crônicas de uma Ressaca,Davidson Mendez As,2020,davidson-mendez-as-cronicas-de-uma.mp3,True,https://nightbirdrecords.bandcamp.com/album/as-cr-nicas-de-uma-ressaca-ep,album,True,2
2020 - Decaer Corpo Imagem,decaer-corpo-imagem-2020,Decaer Corpo Imagem,,2020,decaer-corpo-imagem-2020.mp3,True,https://desmancheoselo.bandcamp.com/album/dos013-corpo-imagem,album,True,2
2020 - Didier Guigue - Enquanto Ainda é Tempo,didier-guigue-enquanto-ainda-e-tempo,Enquanto Ainda é Tempo,Didier Guigue,2020,didier-guigue-enquanto-ainda-e-tempo.mp3,True,https://seloficticio.bandcamp.com/album/enquanto-ainda-tempo,album,True,2
2020 - Dj Dolores Recife 19,dj-dolores-recife-19-2019,Dj Dolores Recife 19,,2020,dj-dolores-recife-19-2019.mp3,True,https://djdolores.bandcamp.com/album/recife-19,album,True,2
2020 - Ehoro Tautologia 2,ehoro-tautologia-2-2020,Ehoro Tautologia 2,,2020,ehoro-tautologia-2-2020.mp3,True,https://desmancheoselo.bandcamp.com/album/dos014-tautologia-2,album,True,2
2020 - Electric Light Pulp - Por Todas as Pessoas que Amo,electric-light-pulp-ansiedade-ep-2019,Por Todas as Pessoas que Amo,Electric Light Pulp,2020,electric-light-pulp-ansiedade-ep-2019.mp3,True,https://electriclightpulp.bandcamp.com,generic,True,2
2020 - Em Extincao Atrito,em-extincao-atrito-2020,Em Extincao Atrito,,2020,em-extincao-atrito-2020.mp3,True,https://emextincao.bandcamp.com/album/atrito,album,True,2
2020 - Ema Stoned - Vitamin D,ema-stoned-phenomena-2019,Vitamin D,Ema Stoned,2020,ema-stoned-phenomena-2019.mp3,True,https://emastoned.bandcamp.com,generic,True,2
2020 - Emerson Faria - O Destino Da Terra,emerson-faria-o-destino-da-terra-2020,O Destino Da Terra,Emerson Faria,2020,emerson-faria-o-destino-da-terra-2020.mp3,True,http://emersonfaria.bandcamp.com/album/o-destino-da-terra,album,True,2
2020 - emerson-faria-o-destino-da-terra-2020,emerson-faria-o-destino-da-terra-2020,faria-o-destino-da-terra-2020,emerson,2020,emerson-faria-o-destino-da-terra-2020.mp3,True,http://emersonfaria.bandcamp.com/album/o-destino-da-terra,album,True,2
2020 - Enema Noise Aquilo Que Ja E Meu Hora,enema-noise-aquilo-que-ja-e-meu-hora,Enema Noise Aquilo Que Ja E Meu Hora,,2020,enema-noise-aquilo-que-ja-e-meu-hora.mp3,True,https://enemanoise.bandcamp.com,generic,True,2
2020 - EteAroma - Vol.01 Sem tempo,etearoma-vol01-sem-tempo-2021,Vol.01 Sem tempo,EteAroma,2020,etearoma-vol01-sem-tempo-2021.mp3,True,,none,True,2
2020 - Fabio Guadalupe James Gang - Deus Verme (audiobook),fabio-guadalupe-james-gang-deus-verme,Deus Verme (audiobook),Fabio Guadalupe James Gang,2020,fabio-guadalupe-james-gang-deus-verme.mp3,True,https://dontstopnoiserecords.bandcamp.com/album/deus-verme-audiobook,album,True,2
2020 - Ferias Da Desgraca Episodio 04 Recife Pe,ferias-da-desgraca-episodio-04-recife-pe,Ferias Da Desgraca Episodio 04 Recife Pe,,2020,ferias-da-desgraca-episodio-04-recife-pe.mp3,True,https://desgracabanda.bandcamp.com,generic,True,2
2020 - Ferias Da Desgraca Episodio 05 Maceio Al,ferias-da-desgraca-episodio-05-maceio-al,Ferias Da Desgraca Episodio 05 Maceio Al,,2020,ferias-da-desgraca-episodio-05-maceio-al.mp3,True,https://desgracabanda.bandcamp.com,generic,True,2
2020 - Ferias Da Desgraca Episodio 06 Sao,ferias-da-desgraca-episodio-06-sao,Ferias Da Desgraca Episodio 06 Sao,,2020,ferias-da-desgraca-episodio-06-sao.mp3,True,https://desgracabanda.bandcamp.com,generic,True,2
2020 - fffluxus-praticas-subterraneas-2020,fffluxus-praticas-subterraneas-2020,praticas-subterraneas-2020,fffluxus,2020,fffluxus-praticas-subterraneas-2020.mp3,True,https://fffluxus.bandcamp.com/_**,generic,True,2
2020 - G Paim Idiomatico,g-paim-idiomatico-2020,G Paim Idiomatico,,2020,g-paim-idiomatico-2020.mp3,True,https://meiavida.bandcamp.com/album/idiom-tico,album,True,2
2020 - Ga Setubal - Via,05 Monolito,Via,Ga Setubal,2020,05 Monolito.mp3,False,,none,True,2
2020 - Gaax - Naturalidade,gaax-naturalidade-2020,Naturalidade,Gaax,2020,gaax-naturalidade-2020.mp3,True,http://transfusaonoiserecords.bandcamp.com/album/naturalidade,album,True,2
2020 - Gaax Naturalidade,gaax-naturalidade-2020,Gaax Naturalidade,,2020,gaax-naturalidade-2020.mp3,True,http://transfusaonoiserecords.bandcamp.com/album/naturalidade,album,True,2
2020 - George Christian Cinzas Ou Requiem Para,george-christian-cinzas-ou-requiem-para,George Christian Cinzas Ou Requiem Para,,2020,george-christian-cinzas-ou-requiem-para.mp3,True,https://georgechristian.bandcamp.com/album/cinzas-ou-requiem-para-rios-mortos-gcsa-34,album,True,2
2020 - Giovani Cidreira Mahal Pita Manomago,giovani-cidreira-mahal-pita-manomago,Giovani Cidreira Mahal Pita Manomago,,2020,giovani-cidreira-mahal-pita-manomago.mp3,True,https://giovanicidreiramahalpita.bandcamp.com,generic,True,2
2020 - Gods Punks And Celestial Ascension,gods-punks-and-celestial-ascension-2019,Gods Punks And Celestial Ascension,,2020,gods-punks-and-celestial-ascension-2019.mp3,True,https://godsandpunks.bandcamp.com,generic,True,2
2020 - Hanni Palecter - SPLIT2021,hominis-canidae-rec-split2021-2020,SPLIT2021,Hanni Palecter,2020,hominis-canidae-rec-split2021-2020.mp3,True,https://hominiscanidaerec.bandcamp.com/album/split2021,album,True,2
2020 - Hoovaranas Isolamento,hoovaranas-isolamento-2020,Hoovaranas Isolamento,,2020,hoovaranas-isolamento-2020.mp3,True,https://hoovaranas.bandcamp.com,generic,True,2
2020 - Institution Ruptura Do Visivel,institution-ruptura-do-visivel-2020,Institution Ruptura Do Visivel,,2020,institution-ruptura-do-visivel-2020.mp3,True,https://institutionband.bandcamp.com,generic,True,2
2020 - Jadsa Joao Meirelles Taxidermia Vol 1,jadsa-joao-meirelles-taxidermia-vol-1,Jadsa Joao Meirelles Taxidermia Vol 1,,2020,jadsa-joao-meirelles-taxidermia-vol-1.mp3,True,https://jadsa.bandcamp.com/album/taxidermia-vol-1,album,True,2
"2020 - Jammyz, Alice Wonderlland - Inenarrável",03 Celestial Ii,Inenarrável,"Jammyz, Alice Wonderlland",2020,03 Celestial Ii.mp3,False,,none,True,2
2020 - Jangada Pirata - Entre Solúveis,jangada-pirata-entre-soluveis-2020,Entre Solúveis,Jangada Pirata,2020,jangada-pirata-entre-soluveis-2020.mp3,True,https://mercuriomusica.bandcamp.com/album/entre-sol-veis,album,True,2
2020 - João Cássio - Meu Caminho,01 Meu Caminho,Meu Caminho,João Cássio,2020,01 Meu Caminho.mp3,False,,none,True,2
2020 - Juna - 2020 - Juna - Juna Marina Goes To Moon Ep,juna-marina-goes-to-moon-ep-2017,2020 - Juna - Juna Marina Goes To Moon Ep,Juna,2020,juna-marina-goes-to-moon-ep-2017.mp3,True,https://juna.bandcamp.com](https://juna.bandcamp.com,generic,True,2
2020 - Kauan Marco - Escola da Rua,kauan-marco-escola-da-rua-2020,Escola da Rua,Kauan Marco,2020,kauan-marco-escola-da-rua-2020.mp3,True,https://40porcentofodabarramaneirissimo.bandcamp.com/album/escola-da-rua,album,True,2
2020 - Le Almeida Aulas,le-almeida-aulas-2020,Le Almeida Aulas,,2020,le-almeida-aulas-2020.mp3,True,https://transfusaonoiserecords.bandcamp.com/album/aulas,album,True,2
2020 - Lia Lordelo - Torquatália,04 3 da Madrugada,Torquatália,Lia Lordelo,2020,04 3 da Madrugada.mp3,False,,none,True,2
2020 - Locks - Fórmas em teMp0,locks-formas-em-temp0-2020,Fórmas em teMp0,Locks,2020,locks-formas-em-temp0-2020.mp3,True,,none,True,2
2020 - Lua Brito Lair Le Feu Leau Et La Terre,lua-brito-lair-le-feu-leau-et-la-terre,Lua Brito Lair Le Feu Leau Et La Terre,,2020,lua-brito-lair-le-feu-leau-et-la-terre.mp3,True,https://luabrito.bandcamp.com/album/lair-le-feu-leau-et-la-terre-pouvant-tre-entendus-dans-nimporte-quel-ordre,album,True,2
2020 - Luquimia Degradacao,luquimia-degradacao-2020,Luquimia Degradacao,,2020,luquimia-degradacao-2020.mp3,True,https://luquimia.bandcamp.com/releases,generic,True,2
2020 - mario the alencar - Bike,mario-alencar-mrlncr-ep-2014,Bike,mario the alencar,2020,mario-alencar-mrlncr-ep-2014.mp3,True,https://mariothealencar.bandcamp.com,generic,True,2
2020 - Mrspaceman Loop,mrspaceman-loop-2020,Mrspaceman Loop,,2020,mrspaceman-loop-2020.mp3,True,https://mr-spaceman.bandcamp.com/album/loop,album,True,2
2020 - Museu de Cinzas - Monocromático,museu-de-cinzas-monocromatico-2020,Monocromático,Museu de Cinzas,2020,museu-de-cinzas-monocromatico-2020.mp3,True,,none,True,2
2020 - Nanati Francischini + Romulo Alexis - OPUS MAGNA,nanati-francischini-romulo-alexis-opus,OPUS MAGNA,Nanati Francischini + Romulo Alexis,2020,nanati-francischini-romulo-alexis-opus.mp3,True,https://estranhasocupacoes.bandcamp.com/album/opus-magna,album,True,2
2020 - Ninguem Balanco Oculto Vol I,ninguem-balanco-oculto-vol-i-2020,Ninguem Balanco Oculto Vol I,,2020,ninguem-balanco-oculto-vol-i-2020.mp3,True,,none,True,2
2020 - Nosso Querido Figueiredo - É Isto Punk (Ao Vivo),nosso-querido-figueiredo-e-isto-punk,É Isto Punk (Ao Vivo),Nosso Querido Figueiredo,2020,nosso-querido-figueiredo-e-isto-punk.mp3,True,https://nossoquerido.bandcamp.com/album/isto-punk-ao-vivo,album,True,2
2020 - Nosso Querido Figueiredo - É Isto Punk?,nosso-querido-figueiredo-e-isto-punk,É Isto Punk?,Nosso Querido Figueiredo,2020,nosso-querido-figueiredo-e-isto-punk.mp3,True,https://nossoquerido.bandcamp.com/album/isto-punk-ao-vivo,album,True,2
2020 - O Estrangeiro - Estado de Sítio São Francisco,o-estrangeiro-estado-de-sitio-sao,Estado de Sítio São Francisco,O Estrangeiro,2020,o-estrangeiro-estado-de-sitio-sao.mp3,True,https://oestrangeiro.bandcamp.com/album/estado-de-s-tio-s-o-francisco,album,True,2
2020 - O Quartinho Compacto,o-quartinho-compacto-2020,O Quartinho Compacto,,2020,o-quartinho-compacto-2020.mp3,True,http://oquartinho.bandcamp.com/album/compacto,album,True,2
2020 - o-no-resquicios-cromaticos-2020,o-no-resquicios-cromaticos-2020,no-resquicios-cromaticos-2020,o,2020,o-no-resquicios-cromaticos-2020.mp3,True,,none,True,2
2020 - Ode ao Mar Atlântico - Ode ao Mar Atlântico,ode-ao-mar-atlantico-ode-ao-mar,Ode ao Mar Atlântico,Ode ao Mar Atlântico,2020,ode-ao-mar-atlantico-ode-ao-mar.mp3,True,https://suburbanaco.bandcamp.com/album/ode-ao-mar-atl-ntico,album,True,2
2020 - Ousel Ousel,ousel-ousel-2020,Ousel Ousel,,2020,ousel-ousel-2020.mp3,True,https://ousel.bandcamp.com,generic,True,2
2020 - Persechini Placentario,persechini-placentario-2020,Persechini Placentario,,2020,persechini-placentario-2020.mp3,True,https://rapadurarecords.bandcamp.com/album/placent-rio,album,True,2
2020 - personas non gratas - Personas Non Gratas,personas-non-gratas-personas-non-gratas,Personas Non Gratas,personas non gratas,2020,personas-non-gratas-personas-non-gratas.mp3,True,https://personasnongratas.bandcamp.com,generic,True,2
2020 - Pessimista Sanidade,pessimista-sanidade-2020,Pessimista Sanidade,,2020,pessimista-sanidade-2020.mp3,True,https://pessimista.bandcamp.com/album/sanidade,album,True,2
2020 - Pinscher Attack - Paranóia Surf,pinscher-attack-paranoia-surf-2020,Paranóia Surf,Pinscher Attack,2020,pinscher-attack-paranoia-surf-2020.mp3,True,http://pinscherattack.bandcamp.com/album/paran-ia-surf,album,True,2
2020 - Projeto Trator Corifeu,projeto-trator-corifeu-2020,Projeto Trator Corifeu,,2020,projeto-trator-corifeu-2020.mp3,True,http://projetotrator.bandcamp.com/album/corifeu-ep-2020,album,True,2
2020 - Radio Diaspora & João Ciriaco - Caos!,radio-diaspora-joao-ciriaco-caos-2020,Caos!,Radio Diaspora & João Ciriaco,2020,radio-diaspora-joao-ciriaco-caos-2020.mp3,True,https://radio-diaspora.bandcamp.com/album/caos,album,True,2
2020 - Rafael Gonzá - Despedaçado,05 Injuriado,Despedaçado,Rafael Gonzá,2020,05 Injuriado.mp3,False,,none,True,2
2020 - ramiro materia - mais um morto desconhecido,ramiro-materia-mais-um-morto,mais um morto desconhecido,ramiro materia,2020,ramiro-materia-mais-um-morto.mp3,True,http://ramiromateria.bandcamp.com/album/mais-um-morto-desconhecido,album,True,2
2020 - Rene Freire Thelmo Cristovam Lobo,rene-freire-thelmo-cristovam-lobo,Rene Freire Thelmo Cristovam Lobo,,2020,rene-freire-thelmo-cristovam-lobo.mp3,True,https://antenaartbr.bandcamp.com/album/120-lobo-temporal,album,True,2
2020 - Renê Freire & Thelmo Cristovam - C-Agardh,rene-freire-thelmo-cristovam-c-agardh,C-Agardh,Renê Freire & Thelmo Cristovam,2020,rene-freire-thelmo-cristovam-c-agardh.mp3,True,https://seloficticio.bandcamp.com/album/c-agardh,album,True,2
2020 - Sombrio da Silva - xablaus,sombrio-da-silva-xablaus-2020,xablaus,Sombrio da Silva,2020,sombrio-da-silva-xablaus-2020.mp3,True,,none,True,2
2020 - Spiral Guru Void,spiral-guru-void-2019,Spiral Guru Void,,2020,spiral-guru-void-2019.mp3,True,https://spiralguru.bandcamp.com,generic,True,2
2020 - suave-brasil-um-sonho-intenso-2020,suave-brasil-um-sonho-intenso-2020,brasil-um-sonho-intenso-2020,suave,2020,suave-brasil-um-sonho-intenso-2020.mp3,True,,none,True,2
2020 - Tara Bipolar - Tara Bipolar,tara-bipolar-tara-bipolar-2020,Tara Bipolar,Tara Bipolar,2020,tara-bipolar-tara-bipolar-2020.mp3,True,https://tarabipolar.bandcamp.com,generic,True,2
2020 - Thazya Regina - Tudo o Que Eu Guardo em Mim,04 A Tela do Agora,Tudo o Que Eu Guardo em Mim,Thazya Regina,2020,04 A Tela do Agora.mp3,False,,none,True,2
2020 - the-black-sanctuary-darkness-ep-2020,the-black-sanctuary-darkness-ep-2020,black-sanctuary-darkness-ep-2020,the,2020,the-black-sanctuary-darkness-ep-2020.mp3,True,https://theblacksanctuary.bandcamp.com,generic,True,2
2020 - Thiago Genthil - O Nosso Amor É Bem Maior,01 Ana Gabriela,O Nosso Amor É Bem Maior,Thiago Genthil,2020,01 Ana Gabriela.mp3,False,,none,True,2
2020 - Tiago Rosas - Crenças e Tramas,07 Quero conduzir,Crenças e Tramas,Tiago Rosas,2020,07 Quero conduzir.mp3,False,,none,True,2
2020 - Trio Pó-de-Serra - Forró Abstrato,trio-po-de-serra-forro-abstrato-2020,de-Serra - Forró Abstrato,Trio Pó,2020,trio-po-de-serra-forro-abstrato-2020.mp3,True,https://seloficticio.bandcamp.com/album/forr-abstrato,album,True,2
2020 - Unknelson De Lhe Gaita,unknelson-de-lhe-gaita-2020,Unknelson De Lhe Gaita,,2020,unknelson-de-lhe-gaita-2020.mp3,True,https://unknelson.bandcamp.com,generic,True,2
2020 - Untraps - Reclusa e fria,untraps-reclusa-e-fria-2020,Reclusa e fria,Untraps,2020,untraps-reclusa-e-fria-2020.mp3,True,https://untraps.bandcamp.com/album/reclusa-e-fria,album,True,2
2020 - Valério - Ao Vivo no Sesc Guarulhos (EP),valerio-ao-vivo-no-sesc-guarulhos-2020,Ao Vivo no Sesc Guarulhos (EP),Valério,2020,valerio-ao-vivo-no-sesc-guarulhos-2020.mp3,True,https://valerio.bandcamp.com/album/ao-vivo-no-sesc-guarulhos-ep,album,True,2
2020 - Varios Artistas Nightbird Apresenta,varios-artistas-nightbird-apresenta,Varios Artistas Nightbird Apresenta,,2020,varios-artistas-nightbird-apresenta.mp3,True,https://nightbirdrecords.bandcamp.com/album/nightbird-apresenta-can-es-de-isolamento,album,True,2
2020 - Verjault St,verjault-st-2020,Verjault St,,2020,verjault-st-2020.mp3,True,https://musicainsolita.bandcamp.com/album/s-t,album,True,2
2020 - victor-huaz-hipnose-hip-hop-2020,victor-huaz-hipnose-hip-hop-2020,huaz-hipnose-hip-hop-2020,victor,2020,victor-huaz-hipnose-hip-hop-2020.mp3,True,https://victorhuaz.bandcamp.com/album/hipnose-hip-hop-004,album,True,2
2020 - vida e nada - quebra de confiança ​ ​,vida-e-nada-quebra-de-confianca-2020,quebra de confiança ​ ​,vida e nada,2020,vida-e-nada-quebra-de-confianca-2020.mp3,True,https://napnaprecords.bandcamp.com/album/quebra-de-confian-a,album,True,2
2020 - vidro pele - Noite Invisível,vidro-pele-as-cores-que-rasgam-o-sol,Noite Invisível,vidro pele,2020,vidro-pele-as-cores-que-rasgam-o-sol.mp3,True,https://vidropele.bandcamp.com/releases,generic,True,2
2020 - vivar-not-same-2020,vivar-not-same-2020,not-same-2020,vivar,2020,vivar-not-same-2020.mp3,True,,none,True,2
2020 - vulgar-debil-obra-ii-2020,vulgar-debil-obra-ii-2020,debil-obra-ii-2020,vulgar,2020,vulgar-debil-obra-ii-2020.mp3,True,https://musicainsolita.bandcamp.com/album/obra-ii,album,True,2
2020 - weird fingers - paisagens fugitivas,weird-fingers-paisagens-fugitivas-2020,paisagens fugitivas,weird fingers,2020,weird-fingers-paisagens-fugitivas-2020.mp3,True,https://weirdfingers.bandcamp.com,generic,True,2
2020 - Weird Fingers Paisagens Fugitivas,weird-fingers-paisagens-fugitivas-2020,Weird Fingers Paisagens Fugitivas,,2020,weird-fingers-paisagens-fugitivas-2020.mp3,True,https://weirdfingers.bandcamp.com,generic,True,2
2020 - Wi Fi Kills Synchronized Errors,wi-fi-kills-synchronized-errors-2019,Wi Fi Kills Synchronized Errors,,2020,wi-fi-kills-synchronized-errors-2019.mp3,True,https://wifikills.bandcamp.com/album/synchronized-errors,album,True,2
2020 - Wicca Surf Ultramar,wicca-surf-ultramar-2020,Wicca Surf Ultramar,,2020,wicca-surf-ultramar-2020.mp3,True,,none,True,2
2020 - Wry Noites Infinitas,wry-noites-infinitas-2020,Wry Noites Infinitas,,2020,wry-noites-infinitas-2020.mp3,True,http://mondowry.bandcamp.com/album/noites-infinitas,album,True,2
2020 - Zonbizarro Redentor,zonbizarro-redentor-2020,Zonbizarro Redentor,,2020,zonbizarro-redentor-2020.mp3,True,,none,True,2
2020 - Óoauêaí - Fractal,ooaueai-fractal-2020,Fractal,Óoauêaí,2020,ooaueai-fractal-2020.mp3,True,https://ooaueai.bandcamp.com/album/fractal,album,True,2
2019 - 1983 - Musika,1983-persona-non-grata-2018,Musika,1983,2019,1983-persona-non-grata-2018.mp3,True,https://1983br.bandcamp.com,generic,True,2
2019 - 23,o-homem-que-tinha-uma-sacola-plastica,23,,2019,o-homem-que-tinha-uma-sacola-plastica.mp3,True,https://ohomemquetinhaumasacolaplasticanolugardacabeca.bandcamp.com,generic,True,2
2019 - Abismika - 2019 - Abismika - Dede Santaklaus Hahaha,dede-santaklaus-hahaha-2017,2019 - Abismika - Dede Santaklaus Hahaha,Abismika,2019,dede-santaklaus-hahaha-2017.mp3,True,https://abismika.bandcamp.com,generic,True,2
2019 - Airplanemusic Architecture For,airplanemusic-architecture-for,Airplanemusic Architecture For,,2019,airplanemusic-architecture-for.mp3,True,https://airplanemusic.bandcamp.com,generic,True,2
2019 - airplanemusic-solara-2019,airplanemusic-solara-2019,solara-2019,airplanemusic,2019,airplanemusic-solara-2019.mp3,True,https://airplanemusic.bandcamp.com,generic,True,2
2019 - Aquiles Guimaraes Vida Dos Nossos,aquiles-guimaraes-vida-dos-nossos,Aquiles Guimaraes Vida Dos Nossos,,2019,aquiles-guimaraes-vida-dos-nossos.mp3,True,https://seminalrecords.bandcamp.com/album/a-vida-dos-nossos-animais,album,True,2
2019 - Arados Arados Iii,arados-arados-iii-2019,Arados Arados Iii,,2019,arados-arados-iii-2019.mp3,True,https://crocodilodiscos.bandcamp.com/album/arados-iii-2019,album,True,2
2019 - Astronautas Marcianos - Seguimos Achando que Somos Demais,astronautas-marcianos-seguimos-achando,Seguimos Achando que Somos Demais,Astronautas Marcianos,2019,astronautas-marcianos-seguimos-achando.mp3,True,https://crookedtreerecords.bandcamp.com/album/seguimos-achando-que-somos-demais,album,True,2
2019 - B Aluria Caos Com Nome,b-aluria-caos-com-nome-2018,B Aluria Caos Com Nome,,2019,b-aluria-caos-com-nome-2018.mp3,True,https://seminalrecords.bandcamp.com/album/caos-com-nome,album,True,2
2019 - Big Jesi - Kroutons,big-jesi-kroutons-2019,Kroutons,Big Jesi,2019,big-jesi-kroutons-2019.mp3,True,https://bigjesi.bandcamp.com,generic,True,2
2019 - Big Jesi Kroutons,big-jesi-kroutons-2019,Big Jesi Kroutons,,2019,big-jesi-kroutons-2019.mp3,True,https://bigjesi.bandcamp.com,generic,True,2
2019 - Bikini Hunters Rivotril Sensations,bikini-hunters-rivotril-sensations-2019,Bikini Hunters Rivotril Sensations,,2019,bikini-hunters-rivotril-sensations-2019.mp3,True,https://bikinihunters.bandcamp.com,generic,True,2
2019 - Billy Ponzio - MÚSICA EFÊMERA,billy-ponzio-musica-efemera-2019,MÚSICA EFÊMERA,Billy Ponzio,2019,billy-ponzio-musica-efemera-2019.mp3,True,https://billyponzio.bandcamp.com/album/m-sica-ef-mera,album,True,2
2019 - Bonifrate Mundo Encoberto,bonifrate-mundo-encoberto-2019,Bonifrate Mundo Encoberto,,2019,bonifrate-mundo-encoberto-2019.mp3,True,https://bonifrate.bandcamp.com,generic,True,2
2019 - Borduna - Borduna,02 Cosmopolita,Borduna,Borduna,2019,02 Cosmopolita.mp3,False,,none,True,2
2019 - borealis-omnia-2019,borealis-omnia-2019,omnia-2019,borealis,2019,borealis-omnia-2019.mp3,True,https://borealis1.bandcamp.com,generic,True,2
2019 - born-to-freedom-time-to-change-2019,born-to-freedom-time-to-change-2019,to-freedom-time-to-change-2019,born,2019,born-to-freedom-time-to-change-2019.mp3,True,https://borntofreedom.bandcamp.com,generic,True,2
2019 - Bruno Trchmnnfrihov Split,bruno-trchmnnfrihov-split-2019,Bruno Trchmnnfrihov Split,,2019,bruno-trchmnnfrihov-split-2019.mp3,True,https://sirene.bandcamp.com/album/bruno-trchmnn-fr-ihov-split,album,True,2
2019 - Cambriana Manaus Vidaloka,cambriana-manaus-vidaloka-2018,Cambriana Manaus Vidaloka,,2019,cambriana-manaus-vidaloka-2018.mp3,True,https://cambrianamusic.bandcamp.com,generic,True,2
2019 - cavalcantissimos-os-corredores-2019,cavalcantissimos-os-corredores-2019,os-corredores-2019,cavalcantissimos,2019,cavalcantissimos-os-corredores-2019.mp3,True,https://cavalcantissimos.bandcamp.com,generic,True,2
2019 - cisma-linha-vermelha-2019,cisma-linha-vermelha-2019,linha-vermelha-2019,cisma,2019,cisma-linha-vermelha-2019.mp3,True,https://musicainsolita.bandcamp.com/album/linha-vermelha,album,True,2
2019 - Cleiton Rolo - Episódio Veranil,05 Te Afastar de Mim,Episódio Veranil,Cleiton Rolo,2019,05 Te Afastar de Mim.mp3,False,,none,True,2
2019 - Cosmonauta Fantasma - Amanhã Vai Ser Pior,cosmonauta-fantasma-amanha-vai-ser-pior,Amanhã Vai Ser Pior,Cosmonauta Fantasma,2019,cosmonauta-fantasma-amanha-vai-ser-pior.mp3,True,https://cosmonautafantasma.bandcamp.com,generic,True,2
2019 - crasso-sinestesico-cassandra-2019,crasso-sinestesico-cassandra-2019,sinestesico-cassandra-2019,crasso,2019,crasso-sinestesico-cassandra-2019.mp3,True,https://crassosinestsico.bandcamp.com,generic,True,2
2019 - D.Selvagi - D.Selvagi and His OneManGang (2019),d-selvagi-dselvagi-and-his-onemangang,D.Selvagi and His OneManGang (2019),D.Selvagi,2019,d-selvagi-dselvagi-and-his-onemangang.mp3,True,https://dselvagi.bandcamp.com,generic,True,2
2019 - Decaer Vulgar Debil Misterio,decaer-vulgar-debil-misterio-2019,Decaer Vulgar Debil Misterio,,2019,decaer-vulgar-debil-misterio-2019.mp3,True,https://desmancheoselo.bandcamp.com/album/dos009-mist-rio,album,True,2
2019 - Demonia - achei que era homem mas é só o satanás,03 biroliro,achei que era homem mas é só o satanás,Demonia,2019,03 biroliro.mp3,False,,none,True,2
2019 - desgraca-good-times-2019,desgraca-good-times-2019,good-times-2019,desgraca,2019,desgraca-good-times-2019.mp3,True,https://desgracabanda.bandcamp.com,generic,True,2
2019 - diablo-angel-futuro-2019,diablo-angel-futuro-2019,angel-futuro-2019,diablo,2019,diablo-angel-futuro-2019.mp3,True,https://diabloangel.bandcamp.com,generic,True,2
2019 - Diego Xavier Trio Recortes,diego-xavier-trio-recortes-2019,Diego Xavier Trio Recortes,,2019,diego-xavier-trio-recortes-2019.mp3,True,https://transtorninhorecords.bandcamp.com/album/recortes,album,True,2
2019 - diego-lucena-o-submerso-2019,diego-lucena-o-submerso-2019,lucena-o-submerso-2019,diego,2019,diego-lucena-o-submerso-2019.mp3,True,https://diegolucena.bandcamp.com,generic,True,2
2019 - Dramon Equilibrio Utopia,dramon-equilibrio-utopia-2019,Dramon Equilibrio Utopia,,2019,dramon-equilibrio-utopia-2019.mp3,True,https://dramon.bandcamp.com,generic,True,2
2019 - Echoing Nightmare When I Grew Two,echoing-nightmare-when-i-grew-two,Echoing Nightmare When I Grew Two,,2019,echoing-nightmare-when-i-grew-two.mp3,True,https://nightmarecho.bandcamp.com,generic,True,2
2019 - echoing-nightmare-unfinished-suite-2019,echoing-nightmare-unfinished-suite-2019,nightmare-unfinished-suite-2019,echoing,2019,echoing-nightmare-unfinished-suite-2019.mp3,True,https://nightmarecho.bandcamp.com,generic,True,2
2019 - Einstürzende Siebenmal - O Amor É Para Todos,einsturzende-siebenmal-o-amor-e-para,O Amor É Para Todos,Einstürzende Siebenmal,2019,einsturzende-siebenmal-o-amor-e-para.mp3,True,https://e7xnoise.bandcamp.com/album/o-amor-para-todos,album,True,2
2019 - eletrocactus-o-mar-acatou-2019,eletrocactus-o-mar-acatou-2019,o-mar-acatou-2019,eletrocactus,2019,eletrocactus-o-mar-acatou-2019.mp3,True,https://eletrocactus.bandcamp.com,generic,True,2
2019 - Ema Stoned Phenomena,ema-stoned-phenomena-2019,Ema Stoned Phenomena,,2019,ema-stoned-phenomena-2019.mp3,True,https://emastoned.bandcamp.com,generic,True,2
2019 - emerson-faria-centena-2019,emerson-faria-centena-2019,faria-centena-2019,emerson,2019,emerson-faria-centena-2019.mp3,True,https://emersonfaria.bandcamp.com,generic,True,2
2019 - erik-batista-mundo-2019,erik-batista-mundo-2019,batista-mundo-2019,erik,2019,erik-batista-mundo-2019.mp3,True,https://erikbatistamusica.bandcamp.com,generic,True,2
2019 - Ferias Da Desgraca Episodio 01,ferias-da-desgraca-episodio-01,Ferias Da Desgraca Episodio 01,,2019,ferias-da-desgraca-episodio-01.mp3,True,https://desgracabanda.bandcamp.com,generic,True,2
2019 - Ferias Da Desgraca Episodio 02 Joao,ferias-da-desgraca-episodio-02-joao,Ferias Da Desgraca Episodio 02 Joao,,2019,ferias-da-desgraca-episodio-02-joao.mp3,True,https://desgracabanda.bandcamp.com,generic,True,2
2019 - Ferias Da Desgraca Episodio 02 Natal Rn,ferias-da-desgraca-episodio-02-natal-rn,Ferias Da Desgraca Episodio 02 Natal Rn,,2019,ferias-da-desgraca-episodio-02-natal-rn.mp3,True,https://desgracabanda.bandcamp.com,generic,True,2
2019 - frank-lips-fuck-frank-lips-2019,frank-lips-fuck-frank-lips-2019,lips-fuck-frank-lips-2019,frank,2019,frank-lips-fuck-frank-lips-2019.mp3,True,,none,True,2
2019 - Genius Of Sugarcane - Preludes From New Times,genius-of-sugarcane-preludes-from-new,Preludes From New Times,Genius Of Sugarcane,2019,genius-of-sugarcane-preludes-from-new.mp3,True,https://geniusofsugarcane.bandcamp.com,generic,True,2
2019 - George Belasco O Cao Andaluz Os Caes,george-belasco-o-cao-andaluz-os-caes,George Belasco O Cao Andaluz Os Caes,,2019,george-belasco-o-cao-andaluz-os-caes.mp3,True,https://mercuriomusica.bandcamp.com/album/os-c-es-veem-coisas-2019,album,True,2
2019 - giallos-missa-do-galo-2019,giallos-missa-do-galo-2019,missa-do-galo-2019,giallos,2019,giallos-missa-do-galo-2019.mp3,True,https://giallos.bandcamp.com,generic,True,2
2019 - giramundocão - Paradoxos Complexos da Vida e Suas Tecnologias,03 Rotina,Paradoxos Complexos da Vida e Suas Tecnologias,giramundocão,2019,03 Rotina.mp3,False,,none,True,2
2019 - God Pussy Brail,god-pussy-brail-2019,God Pussy Brail,,2019,god-pussy-brail-2019.mp3,True,https://godpussy.bandcamp.com/album/bra-il,album,True,2
"2019 - Gustavo Jobim - Works In Progress, Demos and Experiments",gustavo-jobim-connection-tribute-to,"Works In Progress, Demos and Experiments",Gustavo Jobim,2019,gustavo-jobim-connection-tribute-to.mp3,True,https://gustavojobim.bandcamp.com,generic,True,2
2019 - ICH - Imbecis Comandam os Homens - Sociedade Hipócrita,ich-horario-nobre-1998,Imbecis Comandam os Homens - Sociedade Hipócrita,ICH,2019,ich-horario-nobre-1998.mp3,True,https://ich1993.bandcamp.com,generic,True,2
2019 - Ivan Conti Poison Fruit,ivan-conti-poison-fruit-2019,Ivan Conti Poison Fruit,,2019,ivan-conti-poison-fruit-2019.mp3,True,https://ivanconti.bandcamp.com,generic,True,2
2019 - Ivan Timbo Remix Album,ivan-timbo-remix-album-2019,Ivan Timbo Remix Album,,2019,ivan-timbo-remix-album-2019.mp3,True,https://sepassandorec.bandcamp.com,generic,True,2
2019 - IVAN TIMBÓ - Remix album,ivan-timbo-remix-album-2019,Remix album,IVAN TIMBÓ,2019,ivan-timbo-remix-album-2019.mp3,True,https://sepassandorec.bandcamp.com,generic,True,2
2019 - jorg-coisas-pequenas-2019,jorg-coisas-pequenas-2019,coisas-pequenas-2019,jorg,2019,jorg-coisas-pequenas-2019.mp3,True,https://jorg3.bandcamp.com,generic,True,2
"2019 - Julien Desprez, Thiago Nassif, Bernardo Pacheco e Victor Vieira-Branco - CABEÇA DE CIDADE",julien-desprez-thiago-nassif-bernardo,Branco - CABEÇA DE CIDADE,"Julien Desprez, Thiago Nassif, Bernardo Pacheco e Victor Vieira",2019,julien-desprez-thiago-nassif-bernardo.mp3,True,https://fabricadesonhos.bandcamp.com/album/cabe-a-de-cidade,album,True,2
2019 - kinah-hamilton-rest-in-power-2019,kinah-hamilton-rest-in-power-2019,hamilton-rest-in-power-2019,kinah,2019,kinah-hamilton-rest-in-power-2019.mp3,True,https://propositorecs.bandcamp.com/album/rest-in-power,album,True,2
2019 - Leo Fazio - Sangue Pisado & a Música do Século XXI,leo-fazio-sangue-pisado-musica-do,Sangue Pisado & a Música do Século XXI,Leo Fazio,2019,leo-fazio-sangue-pisado-musica-do.mp3,True,https://leofazio.bandcamp.com,generic,True,2
2019 - life-aquatic-neon-cortex-2019,life-aquatic-neon-cortex-2019,aquatic-neon-cortex-2019,life,2019,life-aquatic-neon-cortex-2019.mp3,True,https://lifeaquatic.bandcamp.com,generic,True,2
2019 - lord-breu-dende-dub-ep-2019,lord-breu-dende-dub-ep-2019,breu-dende-dub-ep-2019,lord,2019,lord-breu-dende-dub-ep-2019.mp3,True,https://lordbreu.bandcamp.com,generic,True,2
2019 - Luiza Casé - Luiza Casé,01 Me Leva,Luiza Casé,Luiza Casé,2019,01 Me Leva.mp3,False,,none,True,2
2019 - lupe-de-lupe-duas-valsas-ep-2019,lupe-de-lupe-duas-valsas-ep-2019,de-lupe-duas-valsas-ep-2019,lupe,2019,lupe-de-lupe-duas-valsas-ep-2019.mp3,True,https://lupedelupe.bandcamp.com,generic,True,2
2019 - Macintushie Stillwitchu,macintushie-stillwitchu-2019,Macintushie Stillwitchu,,2019,macintushie-stillwitchu-2019.mp3,True,https://midsummermadness.bandcamp.com/album/stillwitchu,album,True,2
2019 - mad-monkees-guerra-ep-2019,mad-monkees-guerra-ep-2019,monkees-guerra-ep-2019,mad,2019,mad-monkees-guerra-ep-2019.mp3,True,https://madmonkees.bandcamp.com,generic,True,2
2019 - manger-cadavre-antiautoajuda-2019,manger-cadavre-antiautoajuda-2019,cadavre-antiautoajuda-2019,manger,2019,manger-cadavre-antiautoajuda-2019.mp3,True,https://mangercadavre.bandcamp.com,generic,True,2
2019 - Marinheiro Porre - Jornada (EP),marinheiro-porre-jornada-ep-2019,Jornada (EP),Marinheiro Porre,2019,marinheiro-porre-jornada-ep-2019.mp3,True,http://nightbirdrecords.bandcamp.com/album/jornada-ep,album,True,2
2019 - Mario Alencar Musica Popular Brasileira,mario-alencar-musica-popular-brasileira,Mario Alencar Musica Popular Brasileira,,2019,mario-alencar-musica-popular-brasileira.mp3,True,https://crookedtreerecords.bandcamp.com/album/m-sica-popular-brasileira,album,True,2
2019 - Marrakesh Cold As Kitchen Floor,marrakesh-cold-as-kitchen-floor-2018,Marrakesh Cold As Kitchen Floor,,2019,marrakesh-cold-as-kitchen-floor-2018.mp3,True,https://marrakeshband.bandcamp.com,generic,True,2
2019 - Matheus Walter - Pura Ilusão Distante do Mar,02 Distante do Mar,Pura Ilusão Distante do Mar,Matheus Walter,2019,02 Distante do Mar.mp3,False,,none,True,2
2019 - Michel Temer Trio Michel Temer Trio,michel-temer-trio-michel-temer-trio-2019,Michel Temer Trio Michel Temer Trio,,2019,michel-temer-trio-michel-temer-trio-2019.mp3,True,https://micheltemertrio.bandcamp.com,generic,True,2
2019 - Midas Reverse - Ozymandias,midas-reverse-ozymandias-2019,Ozymandias,Midas Reverse,2019,midas-reverse-ozymandias-2019.mp3,True,https://midasreverse.bandcamp.com/album/ozymandias,album,True,2
2019 - midas-reverse-ozymandias-2019,midas-reverse-ozymandias-2019,reverse-ozymandias-2019,midas,2019,midas-reverse-ozymandias-2019.mp3,True,https://midasreverse.bandcamp.com/album/ozymandias,album,True,2
2019 - Missjane O Monstro,missjane-o-monstro-2019,Missjane O Monstro,,2019,missjane-o-monstro-2019.mp3,True,http://mercuriomusica.bandcamp.com/album/o-monstro,album,True,2
2019 - mononoke-progresso-2019,mononoke-progresso-2019,progresso-2019,mononoke,2019,mononoke-progresso-2019.mp3,True,https://mononokecwb.bandcamp.com,generic,True,2
2019 - nao-nao-eu-pureza-e-perigo-2019,nao-nao-eu-pureza-e-perigo-2019,nao-eu-pureza-e-perigo-2019,nao,2019,nao-nao-eu-pureza-e-perigo-2019.mp3,True,https://naonaoeu.bandcamp.com,generic,True,2
2019 - naufragio-trocacao-franca-2019,naufragio-trocacao-franca-2019,trocacao-franca-2019,naufragio,2019,naufragio-trocacao-franca-2019.mp3,True,https://naufragionaufragio.bandcamp.com,generic,True,2
2019 - Nosso Querido Figueiredo Os - Os Melhores Anos das Nossas Vidas,nosso-querido-figueiredo-os-melhores,Os Melhores Anos das Nossas Vidas,Nosso Querido Figueiredo Os,2019,nosso-querido-figueiredo-os-melhores.mp3,True,https://nossoquerido.bandcamp.com,generic,True,2
2019 - Nubro - Somatório dos Caminhos,nubro-somatorio-dos-caminhos-2019,Somatório dos Caminhos,Nubro,2019,nubro-somatorio-dos-caminhos-2019.mp3,True,https://nubro.bandcamp.com,generic,True,2
2019 - o-tetraedro-cachorro-do-mato-2019,o-tetraedro-cachorro-do-mato-2019,tetraedro-cachorro-do-mato-2019,o,2019,o-tetraedro-cachorro-do-mato-2019.mp3,True,https://otetraedro.bandcamp.com,generic,True,2
2019 - obasquiat-drops-2019,obasquiat-drops-2019,drops-2019,obasquiat,2019,obasquiat-drops-2019.mp3,True,https://obasquiatofficial.bandcamp.com,generic,True,2
2019 - obasquiat-segundas-feiras-fetidas-2019,obasquiat-segundas-feiras-fetidas-2019,segundas-feiras-fetidas-2019,obasquiat,2019,obasquiat-segundas-feiras-fetidas-2019.mp3,True,https://obasquiatofficial.bandcamp.com,generic,True,2
2019 - Orua Tudo Posso,orua-tudo-posso-2019,Orua Tudo Posso,,2019,orua-tudo-posso-2019.mp3,True,https://transfusaonoiserecords.bandcamp.com/album/tudo-posso-ep,album,True,2
2019 - pablo-meijueiro-mae-de-tudo-voly-2019,pablo-meijueiro-mae-de-tudo-voly-2019,meijueiro-mae-de-tudo-voly-2019,pablo,2019,pablo-meijueiro-mae-de-tudo-voly-2019.mp3,True,https://pablomeijueiro.bandcamp.com,generic,True,2
2019 - paqueta-tropical-noir-2019,paqueta-tropical-noir-2019,tropical-noir-2019,paqueta,2019,paqueta-tropical-noir-2019.mp3,True,https://paqueta.bandcamp.com,generic,True,2
2019 - Personas Nunca Foi Pra Dar Certo,personas-nunca-foi-pra-dar-certo-2019,Personas Nunca Foi Pra Dar Certo,,2019,personas-nunca-foi-pra-dar-certo-2019.mp3,True,https://doguinhopreto.bandcamp.com/album/nunca-foi-pra-dar-certo,album,True,2
2019 - piezoeletrico-lowpwr-2019,piezoeletrico-lowpwr-2019,lowpwr-2019,piezoeletrico,2019,piezoeletrico-lowpwr-2019.mp3,True,https://antenaartbr.bandcamp.com/album/110-lowpwr,album,True,2
2019 - Pin Ups Long Time No See,pin-ups-long-time-no-see-2019,Pin Ups Long Time No See,,2019,pin-ups-long-time-no-see-2019.mp3,True,https://midsummermadness.bandcamp.com/album/long-time-no-see,album,True,2
2019 - Quantico Romance Azul Na Escuridao Ep,quantico-romance-azul-na-escuridao-ep,Quantico Romance Azul Na Escuridao Ep,,2019,quantico-romance-azul-na-escuridao-ep.mp3,True,https://quanticoromance.bandcamp.com,generic,True,2
2019 - Quartabe Licao 2 Dorival,quartabe-licao-2-dorival-2018,Quartabe Licao 2 Dorival,,2019,quartabe-licao-2-dorival-2018.mp3,True,https://quartabe.bandcamp.com,generic,True,2
2019 - Quasi Gente Guerra De Alturas,quasi-gente-guerra-de-alturas-2019,Quasi Gente Guerra De Alturas,,2019,quasi-gente-guerra-de-alturas-2019.mp3,True,http://djcrow.bandcamp.com/album/guerra-de-alturas-beat-tape,album,True,2
2019 - Raquel Stolf Fora Do Ar,raquel-stolf-fora-do-ar-2019,Raquel Stolf Fora Do Ar,,2019,raquel-stolf-fora-do-ar-2019.mp3,True,https://seminalrecords.bandcamp.com/album/fora-do-ar,album,True,2
2019 - Realidade Encoberta Nao Vivamos Mais,realidade-encoberta-nao-vivamos-mais,Realidade Encoberta Nao Vivamos Mais,,2019,realidade-encoberta-nao-vivamos-mais.mp3,True,https://realidadeencoberta.bandcamp.com,generic,True,2
2019 - Ricardo Elétrico - 2019 - Ricardo Elétrico - ricardo-eletrico-ricardo-eletrico-ep,ricardo-eletrico-ricardo-eletrico-ep,2019 - Ricardo Elétrico - ricardo-eletrico-ricardo-eletrico-ep,Ricardo Elétrico,2019,ricardo-eletrico-ricardo-eletrico-ep.mp3,True,https://ricardoeletrico.bandcamp.com,generic,True,2
2019 - SANTOS - Delusão,santos-delusao-ep-2019,Delusão,SANTOS,2019,santos-delusao-ep-2019.mp3,True,https://santosexperiment.bandcamp.com/album/delus-o,album,True,2
2019 - Santos Delusao Ep,santos-delusao-ep-2019,Santos Delusao Ep,,2019,santos-delusao-ep-2019.mp3,True,https://santosexperiment.bandcamp.com/album/delus-o,album,True,2
2019 - Santos E Neiva Vivencia,santos-e-neiva-vivencia-2019,Santos E Neiva Vivencia,,2019,santos-e-neiva-vivencia-2019.mp3,True,https://santosexperiment.bandcamp.com/album/viv-ncia,album,True,2
2019 - Sila Crvs Aoa Bardo Ep,sila-crvs-aoa-bardo-ep-2019,Sila Crvs Aoa Bardo Ep,,2019,sila-crvs-aoa-bardo-ep-2019.mp3,True,https://silacrvs.bandcamp.com,generic,True,2
2019 - Starosa Lembrancas Que Nao Doem Mais,starosa-lembrancas-que-nao-doem-mais,Starosa Lembrancas Que Nao Doem Mais,,2019,starosa-lembrancas-que-nao-doem-mais.mp3,True,https://valenterecords.bandcamp.com/album/lembran-as-que-n-o-doem-mais,album,True,2
2019 - Sudario Lance Dos Fantasmas,sudario-lance-dos-fantasmas-2019,Sudario Lance Dos Fantasmas,,2019,sudario-lance-dos-fantasmas-2019.mp3,True,https://chupamanga.bandcamp.com/album/lance-dos-fantasmas,album,True,2
2019 - Terceiro Olho De Marte - Herbarium Parabolicae ou Língua Secreta das Sementes,terceiro-olho-de-marte-herbarium,Herbarium Parabolicae ou Língua Secreta das Sementes,Terceiro Olho De Marte,2019,terceiro-olho-de-marte-herbarium.mp3,True,https://mercuriomusica.bandcamp.com/album/herbarium-parabolicae-ou-l-ngua-secreta-das-sementes-2019,album,True,2
2019 - That Gum U Like - 2019 - That Gum U Like - that-gum-u-like-black-lodge-2017,that-gum-u-like-black-lodge-2017,2019 - That Gum U Like - that-gum-u-like-black-lodge-2017,That Gum U Like,2019,that-gum-u-like-black-lodge-2017.mp3,True,https://thatgumulike.bandcamp.com,generic,True,2
2019 - the-fray-purge-ep-2019,the-fray-purge-ep-2019,fray-purge-ep-2019,the,2019,the-fray-purge-ep-2019.mp3,True,https://the-f-ray.bandcamp.com,generic,True,2
2019 - thesaddestdude - we are wanderers still,thesaddestdude-terca-feira-2020,we are wanderers still,thesaddestdude,2019,thesaddestdude-terca-feira-2020.mp3,True,,none,True,2
2019 - todo-meu-odio-odiomocracia-2019,todo-meu-odio-odiomocracia-2019,meu-odio-odiomocracia-2019,todo,2019,todo-meu-odio-odiomocracia-2019.mp3,True,https://brechodiscos.bandcamp.com/album/diomocracia,album,True,2
2019 - totto-prenuncio-2019,totto-prenuncio-2019,prenuncio-2019,totto,2019,totto-prenuncio-2019.mp3,True,https://o-to.bandcamp.com,generic,True,2
2019 - Trempes Impender,trempes-impender-2018,Trempes Impender,,2019,trempes-impender-2018.mp3,True,https://transfusaonoiserecords.bandcamp.com/album/impender,album,True,2
2019 - Tupi Machine - Tupi Machine - Na Sala Do Estar,tupi-machine-na-sala-do-estar-2019,Tupi Machine - Na Sala Do Estar,Tupi Machine,2019,tupi-machine-na-sala-do-estar-2019.mp3,True,https://hugodossantos.bandcamp.com/album/tupi-machine-na-sala-do-estar,album,True,2
2019 - Tuíra - Calma e Força,tuira-calma-e-forca-2019,Calma e Força,Tuíra,2019,tuira-calma-e-forca-2019.mp3,True,https://tuira.bandcamp.com,generic,True,2
2019 - venus-in-fuzz-live-in-kaos-2019,venus-in-fuzz-live-in-kaos-2019,in-fuzz-live-in-kaos-2019,venus,2019,venus-in-fuzz-live-in-kaos-2019.mp3,True,https://venusinfuzz.bandcamp.com,generic,True,2
2019 - verjault-sandosagarden-2019,verjault-sandosagarden-2019,sandosagarden-2019,verjault,2019,verjault-sandosagarden-2019.mp3,True,https://verjault.bandcamp.com,generic,True,2
2019 - vinau-correnteza-2019,vinau-correnteza-2019,correnteza-2019,vinau,2019,vinau-correnteza-2019.mp3,True,https://pirasema.bandcamp.com,generic,True,2
2019 - Wagner Almeida Domingos Noite,wagner-almeida-domingos-noite-2019,Wagner Almeida Domingos Noite,,2019,wagner-almeida-domingos-noite-2019.mp3,True,https://wagneralmeida.bandcamp.com,generic,True,2
2019 - Xana Gallo - Roda Rodou,01 Roda Rodou,Roda Rodou,Xana Gallo,2019,01 Roda Rodou.mp3,False,,none,True,2
2019 - xavosa-luta-sf-2019,xavosa-luta-sf-2019,luta-sf-2019,xavosa,2019,xavosa-luta-sf-2019.mp3,True,https://xavosa.bandcamp.com,generic,True,2
2018 - 2bonsai Origami Ep,2bonsai-origami-ep-2018,2bonsai Origami Ep,,2018,2bonsai-origami-ep-2018.mp3,True,https://2bonsai.bandcamp.com/album/origami-ep,album,True,2
2018 - 90 Contos - Sobre as Batidas de um Coração,90-contos-sobre-as-batidas-de-um,Sobre as Batidas de um Coração,90 Contos,2018,90-contos-sobre-as-batidas-de-um.mp3,True,https://90contos.bandcamp.com,generic,True,2
2018 - A Fábrica de Maçãs Envenenadas - EP,a-fabrica-de-macas-envenenadas-ep-2015,EP,A Fábrica de Maçãs Envenenadas,2018,a-fabrica-de-macas-envenenadas-ep-2015.mp3,True,http://afme.bandcamp.com/album/ep,album,True,2
2018 - A Vala Comum - A Vala Comum (Ep),a-vala-comum-vala-comum-ep-2018,A Vala Comum (Ep),A Vala Comum,2018,a-vala-comum-vala-comum-ep-2018.mp3,True,https://avcgrindcore.bandcamp.com/album/a-vala-comum-ep,album,True,2
2018 - abdala-pacheco-selva-de-pedra-2018,abdala-pacheco-selva-de-pedra-2018,pacheco-selva-de-pedra-2018,abdala,2018,abdala-pacheco-selva-de-pedra-2018.mp3,True,https://propositorecs.bandcamp.com/album/selva-de-pedra,album,True,2
2018 - abu-cizco-cru-2018,abu-cizco-cru-2018,cizco-cru-2018,abu,2018,abu-cizco-cru-2018.mp3,True,https://macacoabu.bandcamp.com/album/cru,album,True,2
2018 - Abud Vida Nocturna,abud-vida-nocturna-2017,Abud Vida Nocturna,,2018,abud-vida-nocturna-2017.mp3,True,https://beatwiserecordings.bandcamp.com/album/vida-nocturna-bwr026**](https://beatwiserecordings.bandcamp.com/album/vida-nocturna-bwr026,album,True,2
2018 - acaua-canoeiro-2018,acaua-canoeiro-2018,canoeiro-2018,acaua,2018,acaua-canoeiro-2018.mp3,True,https://acauarap.bandcamp.com,generic,True,2
2018 - Acruz Sesper Trio No Song As Trio,acruz-sesper-trio-no-song-as-trio,Acruz Sesper Trio No Song As Trio,,2018,acruz-sesper-trio-no-song-as-trio.mp3,True,https://acruzsesper.bandcamp.com/album/acruz-sesper-trio-no-song-as-a-trio-cassette-tape-2017,album,True,2
2018 - Algarobas Jose,algarobas-jose-2018,Algarobas Jose,,2018,algarobas-jose-2018.mp3,True,https://mercuriomusica.bandcamp.com/album/jos,album,True,2
2018 - Amaro Freitas Rasif,amaro-freitas-rasif-2018,Amaro Freitas Rasif,,2018,amaro-freitas-rasif-2018.mp3,True,https://amarofreitas.bandcamp.com,generic,True,2
2018 - Amphères - Dança,ampheres-danca-2018,Dança,Amphères,2018,ampheres-danca-2018.mp3,True,https://ampheres.bandcamp.com/album/dan-a,album,True,2
2018 - antietica-demo-ep-2018,antietica-demo-ep-2018,demo-ep-2018,antietica,2018,antietica-demo-ep-2018.mp3,True,https://antieticaoficial.bandcamp.com](https://antieticaoficial.bandcamp.com,generic,True,2
2018 - Aparelhagem Malk Espanca Revolta Do,aparelhagem-malk-espanca-revolta-do,Aparelhagem Malk Espanca Revolta Do,,2018,aparelhagem-malk-espanca-revolta-do.mp3,True,https://nacaraecoragem.bandcamp.com/album/a-re-volta-do-padeiro-cearense,album,True,2
2018 - apneia-sonhos-pra-ninguem-saber-2018,apneia-sonhos-pra-ninguem-saber-2018,sonhos-pra-ninguem-saber-2018,apneia,2018,apneia-sonhos-pra-ninguem-saber-2018.mp3,True,https://apneia.bandcamp.com,generic,True,2
2018 - Arados - Ao Vivo no 92 Graus,arados-ao-vivo-no-92-graus-2018,Ao Vivo no 92 Graus,Arados,2018,arados-ao-vivo-no-92-graus-2018.mp3,True,https://arados.bandcamp.com,generic,True,2
2018 - arados-arados-ii-2018,arados-arados-ii-2018,arados-ii-2018,arados,2018,arados-arados-ii-2018.mp3,True,https://arados.bandcamp.com,generic,True,2
2018 - aresia-aresia-ao-vivasso-2018,aresia-aresia-ao-vivasso-2018,aresia-ao-vivasso-2018,aresia,2018,aresia-aresia-ao-vivasso-2018.mp3,True,https://aresia.bandcamp.com,generic,True,2
2018 - arquivo-morto-segredos-da-dominacao-2018,arquivo-morto-segredos-da-dominacao-2018,morto-segredos-da-dominacao-2018,arquivo,2018,arquivo-morto-segredos-da-dominacao-2018.mp3,True,https://arquivomortopowertosco.bandcamp.com,generic,True,2
2018 - Arthur Jose - Reverbéro​-​Sobre​-​Breve​-​Viver,arthur-jose-reverberosobre-breve-viver,Reverbéro​-​Sobre​-​Breve​-​Viver,Arthur Jose,2018,arthur-jose-reverberosobre-breve-viver.mp3,True,https://artmiuda.bandcamp.com,generic,True,2
2018 - arthur-melo-nhanderuvucu-2018,arthur-melo-nhanderuvucu-2018,melo-nhanderuvucu-2018,arthur,2018,arthur-melo-nhanderuvucu-2018.mp3,True,https://arthurmelo.bandcamp.com,generic,True,2
2018 - BANAL - BANALIDADES VOL.4,banal-banalidades-vl4-2018,BANALIDADES VOL.4,BANAL,2018,banal-banalidades-vl4-2018.mp3,True,https://banallabelbanal.bandcamp.com/album/banalidades-vol-4,album,True,2
2018 - berin-o-rei-da-intencao-2018,berin-o-rei-da-intencao-2018,o-rei-da-intencao-2018,berin,2018,berin-o-rei-da-intencao-2018.mp3,True,https://berin.bandcamp.com,generic,True,2
2018 - billy-ponzio-b-sides-2018,billy-ponzio-b-sides-2018,ponzio-b-sides-2018,billy,2018,billy-ponzio-b-sides-2018.mp3,True,https://billyponzio.bandcamp.com,generic,True,2
2018 - billy-ponzio-musica-artesanal-2018,billy-ponzio-musica-artesanal-2018,ponzio-musica-artesanal-2018,billy,2018,billy-ponzio-musica-artesanal-2018.mp3,True,,none,True,2
2018 - Black Tears Of Fallen - Written on My Gravestone,black-tears-of-fallen-written-on-my,Written on My Gravestone,Black Tears Of Fallen,2018,black-tears-of-fallen-written-on-my.mp3,True,https://blacktearsofthefallen.bandcamp.com,generic,True,2
2018 - Blackdust Blackdust,blackdust-blackdust-2016,Blackdust Blackdust,,2018,blackdust-blackdust-2016.mp3,True,https://blackdustrock.bandcamp.com/album/blackdust,album,True,2
2018 - Bolhazul Florescer,bolhazul-florescer-2018,Bolhazul Florescer,,2018,bolhazul-florescer-2018.mp3,True,https://bolhazul.bandcamp.com,generic,True,2
2018 - borealis-swoon-ep-2018,borealis-swoon-ep-2018,swoon-ep-2018,borealis,2018,borealis-swoon-ep-2018.mp3,True,https://borealis1.bandcamp.com,generic,True,2
2018 - bramir-cidade-estilhaco-2018,bramir-cidade-estilhaco-2018,cidade-estilhaco-2018,bramir,2018,bramir-cidade-estilhaco-2018.mp3,True,https://propositorecs.bandcamp.com/album/cidade-estilha-o,album,True,2
2018 - Cabeca Em Movimento 333x3,cabeca-em-movimento-333x3-2018,Cabeca Em Movimento 333x3,,2018,cabeca-em-movimento-333x3-2018.mp3,True,https://cabecaemmovimento.bandcamp.com/album/333x3,album,True,2
2018 - cadu-tenorio-corrupted-data-2018,cadu-tenorio-corrupted-data-2018,tenorio-corrupted-data-2018,cadu,2018,cadu-tenorio-corrupted-data-2018.mp3,True,https://cadutenorio.bandcamp.com,generic,True,2
2018 - Camaral E Bruno T 10082018,camaral-e-bruno-t-10082018-2018,Camaral E Bruno T 10082018,,2018,camaral-e-bruno-t-10082018-2018.mp3,True,https://camaralebrunot.bandcamp.com,generic,True,2
2018 - Cansei de Rigby - 1417,cansei-de-rigby-1417-2018,1417,Cansei de Rigby,2018,cansei-de-rigby-1417-2018.mp3,True,https://canseiderigby.bandcamp.com/album/1417,album,True,2
2018 - Casa da Dona Alice - Itinerário,casa-da-dona-alice-itinerario-2018,Itinerário,Casa da Dona Alice,2018,casa-da-dona-alice-itinerario-2018.mp3,True,https://casadadonaalice.bandcamp.com/album/itiner-rio,album,True,2
2018 - casa-amarela-outravida-2018,casa-amarela-outravida-2018,amarela-outravida-2018,casa,2018,casa-amarela-outravida-2018.mp3,True,https://casaamarelapr.bandcamp.com,generic,True,2
2018 - Cassio Figueiredo Vesperas,cassio-figueiredo-vesperas-2018,Cassio Figueiredo Vesperas,,2018,cassio-figueiredo-vesperas-2018.mp3,True,https://seminalrecords.bandcamp.com/album/v-speras,album,True,2
2018 - Chapter I - Midi Remixes,pedro-anderson-chapter-i-midi-remixes,Midi Remixes,Chapter I,2018,pedro-anderson-chapter-i-midi-remixes.mp3,True,https://pedroanderson.bandcamp.com](https://pedroanderson.bandcamp.com,generic,True,2
2018 - chcl-crise-ep-2018,chcl-crise-ep-2018,crise-ep-2018,chcl,2018,chcl-crise-ep-2018.mp3,True,https://chcl.bandcamp.com,generic,True,2
2018 - Children of Elara - False Memories,children-of-elara-false-memories-2018,False Memories,Children of Elara,2018,children-of-elara-false-memories-2018.mp3,True,https://childrenofelara.bandcamp.com/album/false-memories,album,True,2
2018 - chut3 - #01ep,chut3-01ep-2018,#01ep,chut3,2018,chut3-01ep-2018.mp3,True,https://chut3.bandcamp.com/album/01ep,album,True,2
2018 - Chuva - Chuva,chuva-chuva-2018,Chuva,Chuva,2018,chuva-chuva-2018.mp3,True,https://achuva.bandcamp.com/album/chuva,album,True,2
2018 - Chuva Chuva,chuva-chuva-2018,Chuva Chuva,,2018,chuva-chuva-2018.mp3,True,https://achuva.bandcamp.com/album/chuva,album,True,2
2018 - Cigarra Ato,cigarra-ato-2018,Cigarra Ato,,2018,cigarra-ato-2018.mp3,True,https://tropicaltwistarecords.bandcamp.com/album/cigarra-ato-ttr041,album,True,2
2018 - colera-acorde-acorde-acorde-2018,colera-acorde-acorde-acorde-2018,acorde-acorde-acorde-2018,colera,2018,colera-acorde-acorde-acorde-2018.mp3,True,https://c-o-l-e-r-a.bandcamp.com,generic,True,2
2018 - Coletanea Paranoia Musique Vol3,coletanea-paranoia-musique-vol3-2018,Coletanea Paranoia Musique Vol3,,2018,coletanea-paranoia-musique-vol3-2018.mp3,True,https://paranoiamusique.bandcamp.com/album/paranoia-musique-vol-3,album,True,2
2018 - coxido-i-hate-flowers-2018,coxido-i-hate-flowers-2018,i-hate-flowers-2018,coxido,2018,coxido-i-hate-flowers-2018.mp3,True,https://coxido.bandcamp.com](https://coxido.bandcamp.com,generic,True,2
2018 - crasso-sinestesico-rorschach-2018,crasso-sinestesico-rorschach-2018,sinestesico-rorschach-2018,crasso,2018,crasso-sinestesico-rorschach-2018.mp3,True,https://crassosinestsico.bandcamp.com,generic,True,2
2018 - Cubus Flores Mortais Ep,cubus-flores-mortais-ep-2018,Cubus Flores Mortais Ep,,2018,cubus-flores-mortais-ep-2018.mp3,True,https://cubusonline.bandcamp.com,generic,True,2
2018 - Cubus Synths Distorcao Caos Bootlegs Ao,cubus-synths-distorcao-caos-bootlegs-ao,Cubus Synths Distorcao Caos Bootlegs Ao,,2018,cubus-synths-distorcao-caos-bootlegs-ao.mp3,True,https://cubusonline.bandcamp.com/album/synths-distor-o-caos-bootlegs-ao-vivo-na-juventude-depressiva-16-jun-2018-2,album,True,2
2018 - Czar Exodus Soundtrack,czar-exodus-soundtrack-2018,Czar Exodus Soundtrack,,2018,czar-exodus-soundtrack-2018.mp3,True,https://czarmusic.bandcamp.com/album/exodus-soundtrack,album,True,2
2018 - Cãos - Incapacidade Civilizatória,caos-caos-2016,Incapacidade Civilizatória,Cãos,2018,caos-caos-2016.mp3,True,https://ca-os.bandcamp.com,generic,True,2
2018 - Daniel Dante Garbage Noise Fuck,daniel-dante-garbage-noise-fuck-2018,Daniel Dante Garbage Noise Fuck,,2018,daniel-dante-garbage-noise-fuck-2018.mp3,True,https://danieldante.bandcamp.com,generic,True,2
2018 - de-soslaio-rapinagem-2018,de-soslaio-rapinagem-2018,soslaio-rapinagem-2018,de,2018,de-soslaio-rapinagem-2018.mp3,True,https://desoslaio.bandcamp.com,generic,True,2
2018 - dentaduro-loplop-2018,dentaduro-loplop-2018,loplop-2018,dentaduro,2018,dentaduro-loplop-2018.mp3,True,https://propositorecs.bandcamp.com/album/loplop,album,True,2
2018 - Diokane - This Is Hell We Shall Believe,diokane-this-is-hell-we-shall-believe,This Is Hell We Shall Believe,Diokane,2018,diokane-this-is-hell-we-shall-believe.mp3,True,https://diokane.bandcamp.com,generic,True,2
2018 - dramon-ansiedade-morte-2018,dramon-ansiedade-morte-2018,ansiedade-morte-2018,dramon,2018,dramon-ansiedade-morte-2018.mp3,True,https://dramon.bandcamp.com,generic,True,2
2018 - dream-avenue-our-shared-universes-2018,dream-avenue-our-shared-universes-2018,avenue-our-shared-universes-2018,dream,2018,dream-avenue-our-shared-universes-2018.mp3,True,https://dreamavenuemusic.bandcamp.com,generic,True,2
2018 - Dronedeus Proletariadx,dronedeus-proletariadx-2018,Dronedeus Proletariadx,,2018,dronedeus-proletariadx-2018.mp3,True,https://mercuriomusica.bandcamp.com/album/proletariado-2018,album,True,2
2018 - Dunas - 2018 - Dunas - dunas-descortinar-dos-seres-2016,dunas-descortinar-dos-seres-2016,2018 - Dunas - dunas-descortinar-dos-seres-2016,Dunas,2018,dunas-descortinar-dos-seres-2016.mp3,True,https://dunasbr.bandcamp.com,generic,True,2
2018 - Early Morning Sky If I See You Again,early-morning-sky-if-i-see-you-again,Early Morning Sky If I See You Again,,2018,early-morning-sky-if-i-see-you-again.mp3,True,https://midsummermadness.bandcamp.com/album/if-i-see-you-again,album,True,2
2018 - Elephante Karma Blues - (Mais um dia perdido),elephante-karma-blues-mais-um-dia,(Mais um dia perdido),Elephante Karma Blues,2018,elephante-karma-blues-mais-um-dia.mp3,True,https://elephantekarmablues.bandcamp.com](https://elephantekarmablues.bandcamp.com,generic,True,2
"2018 - Emerald Hill - Para Sempre Conectados, Mas Eternamente Distantes",emerald-hill-para-sempre-conectados-mas,"Para Sempre Conectados, Mas Eternamente Distantes",Emerald Hill,2018,emerald-hill-para-sempre-conectados-mas.mp3,True,https://emeraldhillmusic.bandcamp.com,generic,True,2
2018 - empire-negative-pun-2018,empire-negative-pun-2018,negative-pun-2018,empire,2018,empire-negative-pun-2018.mp3,True,https://nacaraecoragem.bandcamp.com/album/p-un,album,True,2
2018 - Espinoza - Antes da Física Vem o Poltergeist,espinoza-antes-da-fisica-vem-o,Antes da Física Vem o Poltergeist,Espinoza,2018,espinoza-antes-da-fisica-vem-o.mp3,True,https://espinozabrasil.bandcamp.com,generic,True,2
2018 - Expedidor Solo,expedidor-solo-2018,Expedidor Solo,,2018,expedidor-solo-2018.mp3,True,https://expedidor.bandcamp.com,generic,True,2
2018 - Fabio Emece Preto Velho,fabio-emece-preto-velho-2018,Fabio Emece Preto Velho,,2018,fabio-emece-preto-velho-2018.mp3,True,https://fabioemece.bandcamp.com,generic,True,2
2018 - Fernanda Lemos - Tipos de Amor,04 Tipos de Amor,Tipos de Amor,Fernanda Lemos,2018,04 Tipos de Amor.mp3,False,,none,True,2
2018 - Flan Uma Noite Insonia,flan-uma-noite-insonia-2018,Flan Uma Noite Insonia,,2018,flan-uma-noite-insonia-2018.mp3,True,https://flanmusic.bandcamp.com/album/uma-noite-ins-nia,album,True,2
2018 - forsea-forsea-2018,forsea-forsea-2018,forsea-2018,forsea,2018,forsea-forsea-2018.mp3,True,https://forsea.bandcamp.com,generic,True,2
2018 - Frabin Tropical Blase,frabin-tropical-blase-2018,Frabin Tropical Blase,,2018,frabin-tropical-blase-2018.mp3,True,https://midsummermadness.bandcamp.com/album/tropical-blas,album,True,2
2018 - gabriel-ares-vale-cancao-2018,gabriel-ares-vale-cancao-2018,ares-vale-cancao-2018,gabriel,2018,gabriel-ares-vale-cancao-2018.mp3,True,https://gabrielmares.bandcamp.com,generic,True,2
2018 - gabriel-freitas-flutuar-ep-2018,gabriel-freitas-flutuar-ep-2018,freitas-flutuar-ep-2018,gabriel,2018,gabriel-freitas-flutuar-ep-2018.mp3,True,https://gabrielfreitas.bandcamp.com,generic,True,2
2018 - garfo - dos sonhos que tive no último ano,garfo-espamos-2016,dos sonhos que tive no último ano,garfo,2018,garfo-espamos-2016.mp3,True,https://garfo.bandcamp.com,generic,True,2
2018 - George Christian - Começo para um Novo Fim,george-christian-comeco-para-um-novo,Começo para um Novo Fim,George Christian,2018,george-christian-comeco-para-um-novo.mp3,True,https://georgechristian.bandcamp.com,generic,True,2
2018 - Getulio Silenzio Pesadelo,getulio-silenzio-pesadelo-2018,Getulio Silenzio Pesadelo,,2018,getulio-silenzio-pesadelo-2018.mp3,True,https://paranoiamusique.bandcamp.com/album/pesadelo,album,True,2
2018 - god-pussy-vivisseccao-2018,god-pussy-vivisseccao-2018,pussy-vivisseccao-2018,god,2018,god-pussy-vivisseccao-2018.mp3,True,https://godpussy.bandcamp.com,generic,True,2
2018 - Greedy Apple - Everlasting Illusion,greedy-apple-mateus-2018,Everlasting Illusion,Greedy Apple,2018,greedy-apple-mateus-2018.mp3,True,https://greedyapple.bandcamp.com](https://greedyapple.bandcamp.com,generic,True,2
2018 - grupo-porto-enza-ep-2018,grupo-porto-enza-ep-2018,porto-enza-ep-2018,grupo,2018,grupo-porto-enza-ep-2018.mp3,True,https://grupoporco.bandcamp.com,generic,True,2
2018 - Guilherme Meirelles - Descendo a Ladeira,guilherme-meirelles-descendo-ladeira,Descendo a Ladeira,Guilherme Meirelles,2018,guilherme-meirelles-descendo-ladeira.mp3,True,https://guilhermemeirelles.bandcamp.com](https://guilhermemeirelles.bandcamp.com,generic,True,2
2018 - gumes-bb-2018,gumes-bb-2018,bb-2018,gumes,2018,gumes-bb-2018.mp3,True,https://gumes.bandcamp.com,generic,True,2
2018 - hektor-ondulacoes-no-lago-do-vacuo-2018,hektor-ondulacoes-no-lago-do-vacuo-2018,ondulacoes-no-lago-do-vacuo-2018,hektor,2018,hektor-ondulacoes-no-lago-do-vacuo-2018.mp3,True,https://hektoor.bandcamp.com,generic,True,2
2018 - Hoço - Hoço!,hoco-hoco-2018,Hoço!,Hoço,2018,hoco-hoco-2018.mp3,True,https://bandahoco.bandcamp.com](https://bandahoco.bandcamp.com,generic,True,2
2018 - humbra-14-para-as-horas-2018,humbra-14-para-as-horas-2018,14-para-as-horas-2018,humbra,2018,humbra-14-para-as-horas-2018.mp3,True,https://bandahumbra.bandcamp.com,generic,True,2
2018 - Húbris - Húbris X D.O.M,hubris-x-dom-hubris-x-dom-2018,Húbris X D.O.M,Húbris,2018,hubris-x-dom-hubris-x-dom-2018.mp3,True,https://hubris13.bandcamp.com/album/h-bris-x-d-o-m,album,True,2
2018 - Igapo De Almas Laboroso Vinho,igapo-de-almas-laboroso-vinho-2018,Igapo De Almas Laboroso Vinho,,2018,igapo-de-almas-laboroso-vinho-2018.mp3,True,https://igapodealmas.bandcamp.com/album/laborioso-vinho,album,True,2
2018 - Igor Pupo - Melancolia (Demo),igor-pupo-melancolia-2018,Melancolia (Demo),Igor Pupo,2018,igor-pupo-melancolia-2018.mp3,True,https://igorpupo.bandcamp.com/album/melancolia-demo,album,True,2
2018 - insular-penitencia-2018,insular-penitencia-2018,penitencia-2018,insular,2018,insular-penitencia-2018.mp3,True,https://insularthe.bandcamp.com,generic,True,2
2018 - insurgentes-insurgentes-x-2018,insurgentes-insurgentes-x-2018,insurgentes-x-2018,insurgentes,2018,insurgentes-insurgentes-x-2018.mp3,True,https://insurgentes.bandcamp.com](https://insurgentes.bandcamp.com,generic,True,2
2018 - Iorigun Skin,iorigun-skin-2018,Iorigun Skin,,2018,iorigun-skin-2018.mp3,True,https://midsummermadness.bandcamp.com/album/skin,album,True,2
2018 - isaac-magalhaes-minimal-songs-2018,isaac-magalhaes-minimal-songs-2018,magalhaes-minimal-songs-2018,isaac,2018,isaac-magalhaes-minimal-songs-2018.mp3,True,https://isaacmagalhaes.bandcamp.com,generic,True,2
2018 - isso-atalaia-2018,isso-atalaia-2018,atalaia-2018,isso,2018,isso-atalaia-2018.mp3,True,https://issorock.bandcamp.com,generic,True,2
2018 - Ivan Timbo Um Pouco Distante,ivan-timbo-um-pouco-distante-2018,Ivan Timbo Um Pouco Distante,,2018,ivan-timbo-um-pouco-distante-2018.mp3,True,https://sepassandorec.bandcamp.com/album/um-pouco-distante,album,True,2
2018 - jefferson-martinho-acustico-2018,jefferson-martinho-acustico-2018,martinho-acustico-2018,jefferson,2018,jefferson-martinho-acustico-2018.mp3,True,https://fumacasluminosasmusic.bandcamp.com/album/ac-stico,album,True,2
2018 - joe-silhueta-trilhas-do-sol-2018,joe-silhueta-trilhas-do-sol-2018,silhueta-trilhas-do-sol-2018,joe,2018,joe-silhueta-trilhas-do-sol-2018.mp3,True,https://joesilhueta.bandcamp.com,generic,True,2
2018 - jonatas-onofre-caapora-2018,jonatas-onofre-caapora-2018,onofre-caapora-2018,jonatas,2018,jonatas-onofre-caapora-2018.mp3,True,https://jonatasonofre.bandcamp.com,generic,True,2
"2018 - Jonathan Gall - Crunch, Soar, Rinse, Repeat",jonathan-gall-crunch-soar-rinse-repeat,"Crunch, Soar, Rinse, Repeat",Jonathan Gall,2018,jonathan-gall-crunch-soar-rinse-repeat.mp3,True,https://propositorecs.bandcamp.com/album/crunch-soar-rinse-repeat,album,True,2
2018 - jonathan-tadeu-sapucai-2018,jonathan-tadeu-sapucai-2018,tadeu-sapucai-2018,jonathan,2018,jonathan-tadeu-sapucai-2018.mp3,True,https://jonathantadeu.bandcamp.com,generic,True,2
2018 - Jovelli Moon,jovelli-moon-2018,Jovelli Moon,,2018,jovelli-moon-2018.mp3,True,https://jovelli.bandcamp.com,generic,True,2
2018 - João - Paisagem Interior,joao-paisagem-interior-2018,Paisagem Interior,João,2018,joao-paisagem-interior-2018.mp3,True,https://joaozinho.bandcamp.com/album/paisagem-interior,album,True,2
2018 - João Paulo Saragossa - A Fome Blues,joao-paulo-saragossa-fome-blues-2018,A Fome Blues,João Paulo Saragossa,2018,joao-paulo-saragossa-fome-blues-2018.mp3,True,https://joaozinho.bandcamp.com/album/a-fome-blues-single,album,True,2
2018 - julgamento-boa-noite-2018,julgamento-boa-noite-2018,boa-noite-2018,julgamento,2018,julgamento-boa-noite-2018.mp3,True,https://julgamentoh2.bandcamp.com,generic,True,2
2018 - juliano-gauche-afastamento-2018,juliano-gauche-afastamento-2018,gauche-afastamento-2018,juliano,2018,juliano-gauche-afastamento-2018.mp3,True,https://julianogauche.bandcamp.com,generic,True,2
2018 - jviktor-psalm-420-2018,jviktor-psalm-420-2018,psalm-420-2018,jviktor,2018,jviktor-psalm-420-2018.mp3,True,https://jviktor.bandcamp.com](https://jviktor.bandcamp.com,generic,True,2
2018 - kandover-o-povo-2018,kandover-o-povo-2018,o-povo-2018,kandover,2018,kandover-o-povo-2018.mp3,True,https://kandover.bandcamp.com,generic,True,2
2018 - Killing Surfers - Nothing Is Heading,killing-surfers-nothing-in-heading-2018,Nothing Is Heading,Killing Surfers,2018,killing-surfers-nothing-in-heading-2018.mp3,True,https://killingsurfers.bandcamp.com/album/nothing-is-heading,album,True,2
2018 - kinah-hamilton-true-believers-mtag-2018,kinah-hamilton-true-believers-mtag-2018,hamilton-true-believers-mtag-2018,kinah,2018,kinah-hamilton-true-believers-mtag-2018.mp3,True,https://propositorecs.bandcamp.com/album/m-t-a-g,album,True,2
2018 - knifepuncher-from-capital-wasteland-2018,knifepuncher-from-capital-wasteland-2018,from-capital-wasteland-2018,knifepuncher,2018,knifepuncher-from-capital-wasteland-2018.mp3,True,https://knifepuncher.bandcamp.com,generic,True,2
2018 - Koala - Atomo,koala-atomo-2018,Atomo,Koala,2018,koala-atomo-2018.mp3,True,https://igorkoala.bandcamp.com/album/atomo,album,True,2
2018 - labirintite-labirintite-ep-2018,labirintite-labirintite-ep-2018,labirintite-ep-2018,labirintite,2018,labirintite-labirintite-ep-2018.mp3,True,https://labirintite.bandcamp.com,generic,True,2
2018 - lambs-immolation-2018,lambs-immolation-2018,immolation-2018,lambs,2018,lambs-immolation-2018.mp3,True,https://wearelambs.bandcamp.com/album/immolation,album,True,2
2018 - latexxx-latexxx-2018,latexxx-latexxx-2018,latexxx-2018,latexxx,2018,latexxx-latexxx-2018.mp3,True,https://latexcom3xis.bandcamp.com,generic,True,2
2018 - lestics-breu-2018,lestics-breu-2018,breu-2018,lestics,2018,lestics-breu-2018.mp3,True,https://www.lestics.bandcamp.com,generic,True,2
2018 - lindberg-hotel-bedroom-tripping-2018,lindberg-hotel-bedroom-tripping-2018,hotel-bedroom-tripping-2018,lindberg,2018,lindberg-hotel-bedroom-tripping-2018.mp3,True,https://lindberghotel.bandcamp.com,generic,True,2
2018 - Lotus Aurea Principia,lotus-aurea-principia-2018,Lotus Aurea Principia,,2018,lotus-aurea-principia-2018.mp3,True,https://lotusaurea.bandcamp.com/album/principia,album,True,2
2018 - Lowelldive Breathe,lowelldive-breathe-2018,Lowelldive Breathe,,2018,lowelldive-breathe-2018.mp3,True,https://crookedtreerecords.bandcamp.com/album/breathe,album,True,2
2018 - luan-bates-morning-sun-2018,luan-bates-morning-sun-2018,bates-morning-sun-2018,luan,2018,luan-bates-morning-sun-2018.mp3,True,https://luanbates.bandcamp.com,generic,True,2
2018 - macintop-c-i-d-d-e-d-o-v-i-c-i-o-2018,macintop-c-i-d-d-e-d-o-v-i-c-i-o-2018,c-i-d-d-e-d-o-v-i-c-i-o-2018,macintop,2018,macintop-c-i-d-d-e-d-o-v-i-c-i-o-2018.mp3,True,https://macintop.bandcamp.com,generic,True,2
2018 - mad-grinder-boris-2018,mad-grinder-boris-2018,grinder-boris-2018,mad,2018,mad-grinder-boris-2018.mp3,True,https://madgrinder.bandcamp.com,generic,True,2
2018 - maquinas + Eric Barbosa - Resíduos,maquinas-eric-barbosa-residuos-2018,Resíduos,maquinas + Eric Barbosa,2018,maquinas-eric-barbosa-residuos-2018.mp3,True,https://suburbanaco.bandcamp.com/album/res-duos,album,True,2
2018 - Marcio Teixeira De Mello - Já Há Lindos Relatos de Saques (2018).zip,marcio-teixeira-de-mello-ja-ha-lindos,Já Há Lindos Relatos de Saques (2018).zip,Marcio Teixeira De Mello,2018,marcio-teixeira-de-mello-ja-ha-lindos.mp3,True,https://marcioteixeirademello.bandcamp.com,generic,True,2
2018 - Marcos Campello Li O Vao O Sol,marcos-campello-li-o-vao-o-sol-2018,Marcos Campello Li O Vao O Sol,,2018,marcos-campello-li-o-vao-o-sol-2018.mp3,True,https://seminalrecords.bandcamp.com/album/li-o-v-o-o-sol,album,True,2
2018 - marcos-felipe-nunca-ep-2018,marcos-felipe-nunca-ep-2018,felipe-nunca-ep-2018,marcos,2018,marcos-felipe-nunca-ep-2018.mp3,True,https://apenasmarcosfelipe.bandcamp.com,generic,True,2
2018 - Maria Beraldo Cavala,maria-beraldo-cavala-2018,Maria Beraldo Cavala,,2018,maria-beraldo-cavala-2018.mp3,True,https://mariaberaldo.bandcamp.com,generic,True,2
2018 - Marie Carangi Thelmo Cristovam Marie,marie-carangi-thelmo-cristovam-marie,Marie Carangi Thelmo Cristovam Marie,,2018,marie-carangi-thelmo-cristovam-marie.mp3,True,https://thelmocristovam.bandcamp.com/album/marie-carangi-thelmo-cristovam,album,True,2
2018 - Mario Del Nunzio 3 Solos,mario-del-nunzio-3-solos-2017,Mario Del Nunzio 3 Solos,,2018,mario-del-nunzio-3-solos-2017.mp3,True,https://seminalrecords.bandcamp.com/album/3-solos,album,True,2
2018 - mariposa-experimental-metamorphosyz-2018,mariposa-experimental-metamorphosyz-2018,experimental-metamorphosyz-2018,mariposa,2018,mariposa-experimental-metamorphosyz-2018.mp3,True,https://mariposaexperimental.bandcamp.com,generic,True,2
2018 - Masm Sexualpresidenciavel,masm-sexualpresidenciavel-2018,Masm Sexualpresidenciavel,,2018,masm-sexualpresidenciavel-2018.mp3,True,https://masm.bandcamp.com/album/sexual-presidenci-vel,album,True,2
2018 - matheus-torreao-disco-de-estreia-2018,matheus-torreao-disco-de-estreia-2018,torreao-disco-de-estreia-2018,matheus,2018,matheus-torreao-disco-de-estreia-2018.mp3,True,https://torreaomatheus.bandcamp.com,generic,True,2
2018 - Melvin Os Inoxidaveis Melvin Os,melvin-os-inoxidaveis-melvin-os,Melvin Os Inoxidaveis Melvin Os,,2018,melvin-os-inoxidaveis-melvin-os.mp3,True,https://melvineosinoxidaveis.bandcamp.com,generic,True,2
2018 - miazzo-evil-noise-2-2018,miazzo-evil-noise-2-2018,evil-noise-2-2018,miazzo,2018,miazzo-evil-noise-2-2018.mp3,True,https://thiagomiazzo.bandcamp.com,generic,True,2
2018 - miazzo-evil-noise-2018,miazzo-evil-noise-2018,evil-noise-2018,miazzo,2018,miazzo-evil-noise-2018.mp3,True,https://thiagomiazzo.bandcamp.com,generic,True,2
2018 - Monophobia - Gloom,monophobia-gloom-2018,Gloom,Monophobia,2018,monophobia-gloom-2018.mp3,True,https://putrerecords.bandcamp.com/album/gloom,album,True,2
2018 - monophobia-gloom-2018,monophobia-gloom-2018,gloom-2018,monophobia,2018,monophobia-gloom-2018.mp3,True,https://putrerecords.bandcamp.com/album/gloom,album,True,2
2018 - Monophonia Phonia,monophonia-phonia-2017,Monophonia Phonia,,2018,monophonia-phonia-2017.mp3,True,https://microforma.bandcamp.com/album/phonia,album,True,2
2018 - monte-resina-aluado-bulimor-2018,monte-resina-aluado-bulimor-2018,resina-aluado-bulimor-2018,monte,2018,monte-resina-aluado-bulimor-2018.mp3,True,https://monteresina.bandcamp.com,generic,True,2
2018 - Monturo Floral - Monturo Floral,monturo-floral-monturo-floral-2018,Monturo Floral,Monturo Floral,2018,monturo-floral-monturo-floral-2018.mp3,True,https://pedecachimborecords.bandcamp.com/album/monturo-floral,album,True,2
2018 - Monturo Floral Monturo Floral,monturo-floral-monturo-floral-2018,Monturo Floral Monturo Floral,,2018,monturo-floral-monturo-floral-2018.mp3,True,https://pedecachimborecords.bandcamp.com/album/monturo-floral,album,True,2
2018 - moon-pics-motion-2018,moon-pics-motion-2018,pics-motion-2018,moon,2018,moon-pics-motion-2018.mp3,True,https://moonpics.bandcamp.com,generic,True,2
2018 - muepetmo-s43-2018,muepetmo-s43-2018,s43-2018,muepetmo,2018,muepetmo-s43-2018.mp3,True,https://muepetmo.bandcamp.com](https://muepetmo.bandcamp.com,generic,True,2
2018 - Musa Hibrida - Piscinas Vazias Iluminadas em Pé,musa-hibrida-piscinas-vazias-iluminadas,Piscinas Vazias Iluminadas em Pé,Musa Hibrida,2018,musa-hibrida-piscinas-vazias-iluminadas.mp3,True,https://pwrrecords.bandcamp.com/album/piscinas-vazias-iluminadas-em-p,album,True,2
2018 - muzis-pra-ouvir-em-casa-2018,muzis-pra-ouvir-em-casa-2018,pra-ouvir-em-casa-2018,muzis,2018,muzis-pra-ouvir-em-casa-2018.mp3,True,https://vrtgm.bandcamp.com/album/pra-ouvir-em-casa,album,True,2
2018 - Nao Nao Eu Remix,nao-nao-eu-remix-2018,Nao Nao Eu Remix,,2018,nao-nao-eu-remix-2018.mp3,True,https://naonaoeu.bandcamp.com,generic,True,2
2018 - nao-somos-nada-pessimo-estado-2018,nao-somos-nada-pessimo-estado-2018,somos-nada-pessimo-estado-2018,nao,2018,nao-somos-nada-pessimo-estado-2018.mp3,True,https://nosomosnada77.bandcamp.com,generic,True,2
2018 - Natural Nihilismo Anistia,natural-nihilismo-anistia-2018,Natural Nihilismo Anistia,,2018,natural-nihilismo-anistia-2018.mp3,True,https://naturalnihilismohnw.bandcamp.com/album/anistia,album,True,2
2018 - naufragio-itinerario-cento-e-pouco-2018,naufragio-itinerario-cento-e-pouco-2018,itinerario-cento-e-pouco-2018,naufragio,2018,naufragio-itinerario-cento-e-pouco-2018.mp3,True,https://naufragionaufragio.bandcamp.com,generic,True,2
2018 - ndeli-seis-ep-2018,ndeli-seis-ep-2018,seis-ep-2018,ndeli,2018,ndeli-seis-ep-2018.mp3,True,https://ndeli.bandcamp.com/album/seis-ep,album,True,2
2018 - neon-pigs-neon-pigs-ep-2018,neon-pigs-neon-pigs-ep-2018,pigs-neon-pigs-ep-2018,neon,2018,neon-pigs-neon-pigs-ep-2018.mp3,True,https://neonpigs.bandcamp.com,generic,True,2
2018 - Niju Cancoes Para Buracos Negros E,niju-cancoes-para-buracos-negros-e,Niju Cancoes Para Buracos Negros E,,2018,niju-cancoes-para-buracos-negros-e.mp3,True,https://passaraivarecords.bandcamp.com/album/can-es-para-buracos-negros-e-monstros-marinhos-ep,album,True,2
2018 - nnay-tema-do-tempo-2018,nnay-tema-do-tempo-2018,tema-do-tempo-2018,nnay,2018,nnay-tema-do-tempo-2018.mp3,True,https://nnay.bandcamp.com/album/tema-do-tempo-ep,album,True,2
2018 - No Time Sem Tempo,no-time-sem-tempo-2018,No Time Sem Tempo,,2018,no-time-sem-tempo-2018.mp3,True,https://notimerock.bandcamp.com/album/sem-tempo-ep,album,True,2
2018 - O Branco E O Indio - Plantas Renováveis,o-branco-e-o-indio-plantas-renovaveis,Plantas Renováveis,O Branco E O Indio,2018,o-branco-e-o-indio-plantas-renovaveis.mp3,True,https://obrancoeondio.bandcamp.com,generic,True,2
2018 - O Clube do Chá Lunar - Amarelo (EP),o-clube-do-cha-lunar-amarelo-2018,Amarelo (EP),O Clube do Chá Lunar,2018,o-clube-do-cha-lunar-amarelo-2018.mp3,True,https://oncadiscos.bandcamp.com/album/amarelo-ep,album,True,2
2018 - o-homem-que-virou-suco-ep-2018,o-homem-que-virou-suco-ep-2018,homem-que-virou-suco-ep-2018,o,2018,o-homem-que-virou-suco-ep-2018.mp3,True,https://ohomemquevirousuco.bandcamp.com/album/ep-2018,album,True,2
2018 - Obasquiat Strugatsky,obasquiat-strugatsky-2018,Obasquiat Strugatsky,,2018,obasquiat-strugatsky-2018.mp3,True,https://obasquiatofficial.bandcamp.com,generic,True,2
2018 - objeto-amarelo-lugar-perto-em-volta-2018,objeto-amarelo-lugar-perto-em-volta-2018,amarelo-lugar-perto-em-volta-2018,objeto,2018,objeto-amarelo-lugar-perto-em-volta-2018.mp3,True,https://objetoamarelo1.bandcamp.com,generic,True,2
2018 - oral-oral-ep-2018,oral-oral-ep-2018,oral-ep-2018,oral,2018,oral-oral-ep-2018.mp3,True,https://oraloral.bandcamp.com,generic,True,2
2018 - Orquestra Greiosa Toda Cor Toda Massa,orquestra-greiosa-toda-cor-toda-massa,Orquestra Greiosa Toda Cor Toda Massa,,2018,orquestra-greiosa-toda-cor-toda-massa.mp3,True,https://dosol.bandcamp.com/album/orquestra-greiosa-toda-cor-toda-massa,album,True,2
2018 - oruara-ascendente-2018,oruara-ascendente-2018,ascendente-2018,oruara,2018,oruara-ascendente-2018.mp3,True,https://quintavant.bandcamp.com/album/qtv032-ascendente,album,True,2
2018 - Os Capiau - 2018 - Os Capiau - Os Capiau Atividade De Cunho Social,os-capiau-atividade-de-cunho-social-2007,2018 - Os Capiau - Os Capiau Atividade De Cunho Social,Os Capiau,2018,os-capiau-atividade-de-cunho-social-2007.mp3,True,https://oscapiau.bandcamp.com,generic,True,2
2018 - other-creatures-devils-causeway-2018,other-creatures-devils-causeway-2018,creatures-devils-causeway-2018,other,2018,other-creatures-devils-causeway-2018.mp3,True,https://othercreatures.bandcamp.com,generic,True,2
2018 - Ozu Lo Fi Sessions,ozu-lo-fi-sessions-2018,Ozu Lo Fi Sessions,,2018,ozu-lo-fi-sessions-2018.mp3,True,https://monotunerecords.bandcamp.com/album/the-lo-fi-sessions-ep-2018,album,True,2
2018 - paqueta-badtrip-for-democracy-2018,paqueta-badtrip-for-democracy-2018,badtrip-for-democracy-2018,paqueta,2018,paqueta-badtrip-for-democracy-2018.mp3,True,https://paqueta.bandcamp.com,generic,True,2
2018 - Pavel Iakovlev - Spotts On Woode,pavel-iakovlev-spotts-on-woode-2018,Spotts On Woode,Pavel Iakovlev,2018,pavel-iakovlev-spotts-on-woode-2018.mp3,True,https://paveliakovlev.bandcamp.com/album/spotts-on-woode,album,True,2
2018 - Personas Vazio Ep,personas-vazio-ep-2017,Personas Vazio Ep,,2018,personas-vazio-ep-2017.mp3,True,https://personasbr.bandcamp.com/album/vazio-ep,album,True,2
2018 - Piezoeletrico Terrorismo Sonoro E,piezoeletrico-terrorismo-sonoro-e,Piezoeletrico Terrorismo Sonoro E,,2018,piezoeletrico-terrorismo-sonoro-e.mp3,True,https://antenaartbr.bandcamp.com/album/049-terrorismo-sonoro-e-outros-crimes,album,True,2
2018 - PIONEER DJ REC - PIONEER DJ REC - aliendawg-under-ep-2018,aliendawg-under-ep-2018,PIONEER DJ REC - aliendawg-under-ep-2018,PIONEER DJ REC,2018,aliendawg-under-ep-2018.mp3,True,https://aliendawg.bandcamp.com,generic,True,2
2018 - pisa-peste-urbana-2018,pisa-peste-urbana-2018,peste-urbana-2018,pisa,2018,pisa-peste-urbana-2018.mp3,True,https://pisa-hc.bandcamp.com,generic,True,2
2018 - Psilosamples Sp Trips,psilosamples-sp-trips-2017,Psilosamples Sp Trips,,2018,psilosamples-sp-trips-2017.mp3,True,https://beatwiserecordings.bandcamp.com/album/sp-trips-bwr027**](https://beatwiserecordings.bandcamp.com/album/sp-trips-bwr027,album,True,2
2018 - Pvstvnoisv - Dinamismo de Um Cão na Coleira,pvstvnoisv-dinamismo-de-um-cao-na,Dinamismo de Um Cão na Coleira,Pvstvnoisv,2018,pvstvnoisv-dinamismo-de-um-cao-na.mp3,True,https://geracaotristecooldebraslia.bandcamp.com/album/dinamismo-de-um-c-o-na-coleira,album,True,2
2018 - quieto-suma-2018,quieto-suma-2018,suma-2018,quieto,2018,quieto-suma-2018.mp3,True,https://aloeveraloops.bandcamp.com/album/suma,album,True,2
2018 - ratoeira-carpe-noctem-2018,ratoeira-carpe-noctem-2018,carpe-noctem-2018,ratoeira,2018,ratoeira-carpe-noctem-2018.mp3,True,https://ratoeiracwb.bandcamp.com](https://ratoeiracwb.bandcamp.com,generic,True,2
2018 - Repetentes 2008 Os Maneiros,repetentes-2008-os-maneiros-2018,Repetentes 2008 Os Maneiros,,2018,repetentes-2008-os-maneiros-2018.mp3,True,https://40porcentofodabarramaneirissimo.bandcamp.com/album/os-maneiros,album,True,2
2018 - river-phoenix-bob-alice-2018,river-phoenix-bob-alice-2018,phoenix-bob-alice-2018,river,2018,river-phoenix-bob-alice-2018.mp3,True,https://riverphoenixrock.bandcamp.com](https://riverphoenixrock.bandcamp.com,generic,True,2
2018 - Room All Your Gardening Needs,room-all-your-gardening-needs-2018,Room All Your Gardening Needs,,2018,room-all-your-gardening-needs-2018.mp3,True,https://aygn.bandcamp.com/album/room,album,True,2
2018 - ruina-autofagia-2018,ruina-autofagia-2018,autofagia-2018,ruina,2018,ruina-autofagia-2018.mp3,True,https://ruina.bandcamp.com,generic,True,2
2018 - Sereno - Desapegos e Previsões de Morte,sereno-desapegos-e-previsoes-de-morte,Desapegos e Previsões de Morte,Sereno,2018,sereno-desapegos-e-previsoes-de-morte.mp3,True,https://serenofrio.bandcamp.com,generic,True,2
2018 - severo-suor-violento-precario-2018,severo-suor-violento-precario-2018,suor-violento-precario-2018,severo,2018,severo-suor-violento-precario-2018.mp3,True,https://severo.bandcamp.com,generic,True,2
2018 - Shovelware Acidware Ep,shovelware-acidware-ep-2018,Shovelware Acidware Ep,,2018,shovelware-acidware-ep-2018.mp3,True,https://escachan.bandcamp.com/album/acidware-ep,album,True,2
2018 - Shower Curtain Mariposa Ep,shower-curtain-mariposa-ep-2018,Shower Curtain Mariposa Ep,,2018,shower-curtain-mariposa-ep-2018.mp3,True,https://pugrecords.bandcamp.com/album/shower-curtain-mariposa-ep,album,True,2
2018 - Skarimbo Emaranhado,skarimbo-emaranhado-2018,Skarimbo Emaranhado,,2018,skarimbo-emaranhado-2018.mp3,True,https://skarimbo.bandcamp.com,generic,True,2
2018 - Stvz Impostor,stvz-impostor-2018,Stvz Impostor,,2018,stvz-impostor-2018.mp3,True,http://chupamanga.bandcamp.com/album/impostor,album,True,2
2018 - Suicide Shower Suicide Shower,suicide-shower-suicide-shower-2018,Suicide Shower Suicide Shower,,2018,suicide-shower-suicide-shower-2018.mp3,True,https://suicideshower.bandcamp.com,generic,True,2
2018 - surt-surt-2018,surt-surt-2018,surt-2018,surt,2018,surt-surt-2018.mp3,True,https://surtmusic.bandcamp.com,generic,True,2
2018 - Tale Twist Coordinates To Nowhere,tale-twist-coordinates-to-nowhere-2017,Tale Twist Coordinates To Nowhere,,2018,tale-twist-coordinates-to-nowhere-2017.mp3,True,https://taletwist.bandcamp.com/album/coordinates-to-nowhere,album,True,2
2018 - Talharim Perto Demais Do Oceano,talharim-perto-demais-do-oceano-2018,Talharim Perto Demais Do Oceano,,2018,talharim-perto-demais-do-oceano-2018.mp3,True,https://talharim.bandcamp.com/album/perto-demais-do-oceano,album,True,2
2018 - Televisia - Solidão e Coisas Que Me Fazem Pensar,televisia-solidao-e-coisas-que-me-fazem,Solidão e Coisas Que Me Fazem Pensar,Televisia,2018,televisia-solidao-e-coisas-que-me-fazem.mp3,True,https://televisia.bandcamp.com](https://televisia.bandcamp.com,generic,True,2
2018 - The Ogoin - Amarelo Manga - EP,the-ogoin-amarelo-manga-2018,Amarelo Manga - EP,The Ogoin,2018,the-ogoin-amarelo-manga-2018.mp3,True,https://tumorzine.bandcamp.com/album/amarelo-manga-ep,album,True,2
2018 - Thelmo Cristovam Baea,thelmo-cristovam-baea-2017,Thelmo Cristovam Baea,,2018,thelmo-cristovam-baea-2017.mp3,True,https://thelmocristovam.bandcamp.com/album/ba-a,album,True,2
2018 - thiago-miazzo-75-temas-2018,thiago-miazzo-75-temas-2018,miazzo-75-temas-2018,thiago,2018,thiago-miazzo-75-temas-2018.mp3,True,https://thiagomiazzo.bandcamp.com,generic,True,2
2018 - tom-gangue-transiente-2018,tom-gangue-transiente-2018,gangue-transiente-2018,tom,2018,tom-gangue-transiente-2018.mp3,True,https://tomgangue.bandcamp.com,generic,True,2
2018 - torre - rua i,torre-rua-i-2018,rua i,torre,2018,torre-rua-i-2018.mp3,True,https://sopromovimento.bandcamp.com/album/rua-i,album,True,2
2018 - Tupi Machine - Tupi Machine,tupi-machine-tupi-machine-2018,Tupi Machine,Tupi Machine,2018,tupi-machine-tupi-machine-2018.mp3,True,https://hugodossantos.bandcamp.com/album/tupi-machine-2,album,True,2
2018 - tupi-machine-tupi-machine-2018,tupi-machine-tupi-machine-2018,machine-tupi-machine-2018,tupi,2018,tupi-machine-tupi-machine-2018.mp3,True,https://hugodossantos.bandcamp.com/album/tupi-machine-2,album,True,2
2018 - uglyglow-sad-people-happy-fiestas-2018,uglyglow-sad-people-happy-fiestas-2018,sad-people-happy-fiestas-2018,uglyglow,2018,uglyglow-sad-people-happy-fiestas-2018.mp3,True,https://uglyglow.bandcamp.com,generic,True,2
2018 - Valciãn Calixto - AfroIndie Vol. 1,afro-indie-afroindie-vol-1-2018,AfroIndie Vol. 1,Valciãn Calixto,2018,afro-indie-afroindie-vol-1-2018.mp3,True,https://afroindie.bandcamp.com/album/afroindie-vol-1,album,True,2
2018 - Valv Nautilidae Ep,valv-nautilidae-ep-2018,Valv Nautilidae Ep,,2018,valv-nautilidae-ep-2018.mp3,True,https://midsummermadness.bandcamp.com/album/nautilidae,album,True,2
2018 - varandas - diorama,varandas-diorama-2018,diorama,varandas,2018,varandas-diorama-2018.mp3,True,https://antigomundo.bandcamp.com/album/diorama,album,True,2
2018 - Varandas Diorama,varandas-diorama-2018,Varandas Diorama,,2018,varandas-diorama-2018.mp3,True,https://antigomundo.bandcamp.com/album/diorama,album,True,2
2018 - Vaulted Ceiling Leakage - Our Lives Are One Another's,vaulted-ceiling-leakage-our-lives-are,Our Lives Are One Another's,Vaulted Ceiling Leakage,2018,vaulted-ceiling-leakage-our-lives-are.mp3,True,https://vaultedceilingleakage.bandcamp.com,generic,True,2
2018 - vctrh-sobretudo-nao-se-mate-2018,vctrh-sobretudo-nao-se-mate-2018,sobretudo-nao-se-mate-2018,vctrh,2018,vctrh-sobretudo-nao-se-mate-2018.mp3,True,https://vctrh.bandcamp.com](https://vctrh.bandcamp.com,generic,True,2
2018 - Vdiasz Luan Rodrigues Pedro Nes Wicca,vdiasz-luan-rodrigues-pedro-nes-wicca,Vdiasz Luan Rodrigues Pedro Nes Wicca,,2018,vdiasz-luan-rodrigues-pedro-nes-wicca.mp3,True,https://polidorodiscos.bandcamp.com/album/v-diasz-luan-rodrigues-filipe-fela-montparnasse-pedro-nes-wicca-surf-coach-para-o-fracasso,album,True,2
2018 - Verjault Violet,verjault-violet-2017,Verjault Violet,,2018,verjault-violet-2017.mp3,True,https://verjault.bandcamp.com,generic,True,2
2018 - vieira-parahyba-vive-2018,vieira-parahyba-vive-2018,parahyba-vive-2018,vieira,2018,vieira-parahyba-vive-2018.mp3,True,https://vieirabanda.bandcamp.com,generic,True,2
2018 - Wagner Almeida Crescimentodesistencia,wagner-almeida-crescimentodesistencia,Wagner Almeida Crescimentodesistencia,,2018,wagner-almeida-crescimentodesistencia.mp3,True,https://wagneralmeida.bandcamp.com,generic,True,2
2018 - Warmest Winter - The World Is a Terrible Place Yet I'm Terrified of Dying,warmest-winter-world-is-terrible-place,The World Is a Terrible Place Yet I'm Terrified of Dying,Warmest Winter,2018,warmest-winter-world-is-terrible-place.mp3,True,https://warmestwinter.bandcamp.com,generic,True,2
2018 - WEEDRA - weedra,weedra-weedra-2018,weedra,WEEDRA,2018,weedra-weedra-2018.mp3,True,https://weedra.bandcamp.com/album/weedra,album,True,2
2018 - weird-fingers-quimera-2018,weird-fingers-quimera-2018,fingers-quimera-2018,weird,2018,weird-fingers-quimera-2018.mp3,True,https://weirdfingers.bandcamp.com,generic,True,2
2018 - Wicca Surf Estrela,wicca-surf-estrela-2018,Wicca Surf Estrela,,2018,wicca-surf-estrela-2018.mp3,True,https://transtorninhorecords.bandcamp.com/album/a-estrela,album,True,2
2018 - yanngo-dobras-2018,yanngo-dobras-2018,dobras-2018,yanngo,2018,yanngo-dobras-2018.mp3,True,https://yanngo.bandcamp.com,generic,True,2
2018 - ypu-ypu-ep-2018,ypu-ypu-ep-2018,ypu-ep-2018,ypu,2018,ypu-ypu-ep-2018.mp3,True,https://oiypu.bandcamp.com,generic,True,2
2018 - Zero To Hero - bad situations,zero-to-hero-bad-situations-2018,bad situations,Zero To Hero,2018,zero-to-hero-bad-situations-2018.mp3,True,https://zerotoheroi.bandcamp.com/album/bad-situations,album,True,2
2018 - Ночное Движение - Bubble gum,joao-d-o-c-e-v-p-o-r-2015,Bubble gum,Ночное Движение,2018,joao-d-o-c-e-v-p-o-r-2015.mp3,True,https://umjoao.bandcamp.com](https://umjoao.bandcamp.com,generic,True,2
2017 - 7-tragos-ep-ao-vivo-2017,7-tragos-ep-ao-vivo-2017,tragos-ep-ao-vivo-2017,7,2017,7-tragos-ep-ao-vivo-2017.mp3,True,https://7tragos.bandcamp.com/**](https://7tragos.bandcamp.com,generic,True,2
2017 - A Mae Russia - Entre Você e o Universo,a-mae-russia-entre-voce-e-o-universo,Entre Você e o Universo,A Mae Russia,2017,a-mae-russia-entre-voce-e-o-universo.mp3,True,https://amaerussia.bandcamp.com,generic,True,2
2017 - A Tros Arcabouco,a-tros-arcabouco-2017,A Tros Arcabouco,,2017,a-tros-arcabouco-2017.mp3,True,https://seminalrecords.bandcamp.com/album/arcabou-o,album,True,2
2017 - Abencoada Roaming,abencoada-roaming-2017,Abencoada Roaming,,2017,abencoada-roaming-2017.mp3,True,https://alreves.bandcamp.com/album/roaming**](https://alreves.bandcamp.com/album/roaming,album,True,2
2017 - Abençoada - Roaming,abencoada-roaming-2017,Roaming,Abençoada,2017,abencoada-roaming-2017.mp3,True,https://alreves.bandcamp.com/album/roaming**](https://alreves.bandcamp.com/album/roaming,album,True,2
2017 - Abiiismo Intro Spective,abiiismo-intro-spective-2017,Abiiismo Intro Spective,,2017,abiiismo-intro-spective-2017.mp3,True,http://fluxxx.bandcamp.com/album/abiiismo-intro-spective,album,True,2
2017 - abóbada celeste - para más companhias,abobada-celeste-para-mas-companhias-2017,para más companhias,abóbada celeste,2017,abobada-celeste-para-mas-companhias-2017.mp3,True,https://abobadaceleste.bandcamp.com/album/para-m-s-companhias,album,True,2
2017 - acucar-mascavo-acucar-mascavo-ep-2017,acucar-mascavo-acucar-mascavo-ep-2017,mascavo-acucar-mascavo-ep-2017,acucar,2017,acucar-mascavo-acucar-mascavo-ep-2017.mp3,True,https://amascavo.bandcamp.com](https://amascavo.bandcamp.com,generic,True,2
2017 - Ad4chi - A_Z,ad4chi-az-2017,A_Z,Ad4chi,2017,ad4chi-az-2017.mp3,True,https://ad4chi.bandcamp.com/album/a-z**](https://ad4chi.bandcamp.com/album/a-z,album,True,2
2017 - ale-amazonia-falso-protagonismo-2017,ale-amazonia-falso-protagonismo-2017,amazonia-falso-protagonismo-2017,ale,2017,ale-amazonia-falso-protagonismo-2017.mp3,True,https://aleamazonia.bandcamp.com,generic,True,2
2017 - alfiginistair-numb-blue-2017,alfiginistair-numb-blue-2017,numb-blue-2017,alfiginistair,2017,alfiginistair-numb-blue-2017.mp3,True,https://fumacasluminosasmusic.bandcamp.com/album/numb-blue,album,True,2
2017 - allan-viajando-pelo-brasil-2017,allan-viajando-pelo-brasil-2017,viajando-pelo-brasil-2017,allan,2017,allan-viajando-pelo-brasil-2017.mp3,True,https://starsonabedroomwall.bandcamp.com,generic,True,2
2017 - Allumar - 2017 - Allumar - Allumar Ep,allumar-ep-2017,2017 - Allumar - Allumar Ep,Allumar,2017,allumar-ep-2017.mp3,True,https://allumar.bandcamp.com**](https://allumar.bandcamp.com,generic,True,2
2017 - aminoacido-meticuloso-2017,aminoacido-meticuloso-2017,meticuloso-2017,aminoacido,2017,aminoacido-meticuloso-2017.mp3,True,https://aminoacido.bandcamp.com**](https://aminoacido.bandcamp.com,generic,True,2
2017 - ank-ank-ep-2017,ank-ank-ep-2017,ank-ep-2017,ank,2017,ank-ank-ep-2017.mp3,True,https://ankank.bandcamp.com,generic,True,2
2017 - antiporcos-seguimos-no-front-2017,antiporcos-seguimos-no-front-2017,seguimos-no-front-2017,antiporcos,2017,antiporcos-seguimos-no-front-2017.mp3,True,https://antiporcos.bandcamp.com,generic,True,2
2017 - Apanhador Só - Meio que tudo é um (2017),apanhador-so-antes-que-tu-conte-outra,Meio que tudo é um (2017),Apanhador Só,2017,apanhador-so-antes-que-tu-conte-outra.mp3,True,https://apanhadorso.bandcamp.com/**](https://apanhadorso.bandcamp.com,generic,True,2
2017 - Arayui Cerca Trova,arayui-cerca-trova-2017,Arayui Cerca Trova,,2017,arayui-cerca-trova-2017.mp3,True,https://arayui.bandcamp.com,generic,True,2
2017 - armandos-subverso-invisivel-2017,armandos-subverso-invisivel-2017,subverso-invisivel-2017,armandos,2017,armandos-subverso-invisivel-2017.mp3,True,https://armandos.bandcamp.com,generic,True,2
2017 - Arthur Melo Agosto,arthur-melo-agosto-2017,Arthur Melo Agosto,,2017,arthur-melo-agosto-2017.mp3,True,https://arthurmelo.bandcamp.com**](https://arthurmelo.bandcamp.com,generic,True,2
2017 - Arubu Avua Agouros Para Radiotelescopio,arubu-avua-agouros-para-radiotelescopio,Arubu Avua Agouros Para Radiotelescopio,,2017,arubu-avua-agouros-para-radiotelescopio.mp3,True,https://arubuavua.bandcamp.com/album/agouros-para-radiotelesc-pio,album,True,2
2017 - Asdfasdc - 040717,asdfasdc-040717-2017,040717,Asdfasdc,2017,asdfasdc-040717-2017.mp3,True,https://asdfasdc.bandcamp.com/album/040717,album,True,2
2017 - aster-longe-do-mar-2017,aster-longe-do-mar-2017,longe-do-mar-2017,aster,2017,aster-longe-do-mar-2017.mp3,True,https://asterhc.bandcamp.com,generic,True,2
2017 - automnymous-juice-metal-2017,automnymous-juice-metal-2017,juice-metal-2017,automnymous,2017,automnymous-juice-metal-2017.mp3,True,https://automnymous.bandcamp.com,generic,True,2
2017 - ayin-art-of-death-2017,ayin-art-of-death-2017,art-of-death-2017,ayin,2017,ayin-art-of-death-2017.mp3,True,https://ayinmusic.bandcamp.com,generic,True,2
2017 - Barbara Eugenia E Tata Aeroplano Vida,barbara-eugenia-e-tata-aeroplano-vida,Barbara Eugenia E Tata Aeroplano Vida,,2017,barbara-eugenia-e-tata-aeroplano-vida.mp3,True,https://vidaventureira.bandcamp.com/album/vida-ventureira,album,True,2
2017 - batismo-trilha-prum-possivel-curta-2017,batismo-trilha-prum-possivel-curta-2017,trilha-prum-possivel-curta-2017,batismo,2017,batismo-trilha-prum-possivel-curta-2017.mp3,True,https://batismo.bandcamp.com,generic,True,2
2017 - Batuca Na Bituca - Acalanto Para o Mundo Moderno,batuca-na-bituca-acalanto-para-o-mundo,Acalanto Para o Mundo Moderno,Batuca Na Bituca,2017,batuca-na-bituca-acalanto-para-o-mundo.mp3,True,https://batucanabituca.bandcamp.com,generic,True,2
2017 - Bella Facies,bella-facies-2016,Bella Facies,,2017,bella-facies-2016.mp3,True,https://seminalrecords.bandcamp.com/album/facies,album,True,2
2017 - Bellarohrer Inon,bellarohrer-inon-2017,Bellarohrer Inon,,2017,bellarohrer-inon-2017.mp3,True,https://seminalrecords.bandcamp.com/album/in-on,album,True,2
2017 - berna-and-gangstas-lalas-2017,berna-and-gangstas-lalas-2017,and-gangstas-lalas-2017,berna,2017,berna-and-gangstas-lalas-2017.mp3,True,https://propositorecs.bandcamp.com/album/lalas,album,True,2
2017 - Black Muddy Bomb Black Muddy Bomb,black-muddy-bomb-black-muddy-bomb-2017,Black Muddy Bomb Black Muddy Bomb,,2017,black-muddy-bomb-black-muddy-bomb-2017.mp3,True,https://blackmuddybomb.bandcamp.com/album/black-muddy-bomb,album,True,2
2017 - Bonifrate - Lady Remédios EP,bonifrate-mundo-encoberto-2019,Lady Remédios EP,Bonifrate,2017,bonifrate-mundo-encoberto-2019.mp3,True,https://bonifrate.bandcamp.com,generic,True,2
2017 - bratislava-fogo-2017,bratislava-fogo-2017,fogo-2017,bratislava,2017,bratislava-fogo-2017.mp3,True,https://bratislavabr.bandcamp.com,generic,True,2
2017 - Bruno Real Cidade Dentro,bruno-real-cidade-dentro-2016,Bruno Real Cidade Dentro,,2017,bruno-real-cidade-dentro-2016.mp3,True,https://brunoreal.bandcamp.com,generic,True,2
2017 - Buraco Negro Devastacao,buraco-negro-devastacao-2016,Buraco Negro Devastacao,,2017,buraco-negro-devastacao-2016.mp3,True,https://meiavida.bandcamp.com/album/devasta-o,album,True,2
2017 - cadelas-magneticas-encruzilhada-2017,cadelas-magneticas-encruzilhada-2017,magneticas-encruzilhada-2017,cadelas,2017,cadelas-magneticas-encruzilhada-2017.mp3,True,https://cadelasmagneticas.bandcamp.com,generic,True,2
2017 - caffeine-boy-cold-light-self-hatred-2017,caffeine-boy-cold-light-self-hatred-2017,boy-cold-light-self-hatred-2017,caffeine,2017,caffeine-boy-cold-light-self-hatred-2017.mp3,True,https://caffeineboy.bandcamp.com,generic,True,2
2017 - carmo-demo-2017,carmo-demo-2017,demo-2017,carmo,2017,carmo-demo-2017.mp3,True,https://carmoemo.bandcamp.com/album/demo-2017,album,True,2
2017 - Carpanos - Everybody Thinks I'm Retarded EP,carpanos-everybody-thinks-im-retarded,Everybody Thinks I'm Retarded EP,Carpanos,2017,carpanos-everybody-thinks-im-retarded.mp3,True,https://carpanos.bandcamp.com/album/everybody-thinks-im-retarded-ep,album,True,2
2017 - Cassio Figueiredo,cassio-figueiredo-2017,Cassio Figueiredo,,2017,cassio-figueiredo-2017.mp3,True,https://nofitapes.bandcamp.com/album/-,album,True,2
2017 - Cassio Figueiredo Lembrando Aspectos,cassio-figueiredo-lembrando-aspectos,Cassio Figueiredo Lembrando Aspectos,,2017,cassio-figueiredo-lembrando-aspectos.mp3,True,https://bananarecords.bandcamp.com/album/lembrando-aspectos-mortos,album,True,2
2017 - Cavalo Zebra Crise,cavalo-zebra-crise-2017,Cavalo Zebra Crise,,2017,cavalo-zebra-crise-2017.mp3,True,https://cavalozebra.bandcamp.com/album/crise,album,True,2
2017 - Change Your Life - Change Your Life,change-your-life-change-your-life-2017,Change Your Life,Change Your Life,2017,change-your-life-change-your-life-2017.mp3,True,https://changeyourlife.bandcamp.com/album/change-your-life**](https://changeyourlife.bandcamp.com/album/change-your-life,album,True,2
2017 - cidadao-jose-poesia-abstrata-2017,cidadao-jose-poesia-abstrata-2017,jose-poesia-abstrata-2017,cidadao,2017,cidadao-jose-poesia-abstrata-2017.mp3,True,https://cidadaojo.bandcamp.com/album/poesia-abstrata-2,album,True,2
2017 - Cidade Esteril Cegos Pugilistas,cidade-esteril-cegos-pugilistas-2017,Cidade Esteril Cegos Pugilistas,,2017,cidade-esteril-cegos-pugilistas-2017.mp3,True,https://cidadeesteril.bandcamp.com/album/cegos-pugilistas,album,True,2
2017 - Clan Dos Mortos Cicatriz 2,clan-dos-mortos-cicatriz-2-2017,Clan Dos Mortos Cicatriz 2,,2017,clan-dos-mortos-cicatriz-2-2017.mp3,True,https://clandosmortoscicatriz.bandcamp.com](https://clandosmortoscicatriz.bandcamp.com,generic,True,2
2017 - clo-and-sounds-clo-and-sounds-ep-2017,clo-and-sounds-clo-and-sounds-ep-2017,and-sounds-clo-and-sounds-ep-2017,clo,2017,clo-and-sounds-clo-and-sounds-ep-2017.mp3,True,https://cloandthesounds.bandcamp.com](https://cloandthesounds.bandcamp.com,generic,True,2
2017 - Cmanau Operario,cmanau-operario-2017,Cmanau Operario,,2017,cmanau-operario-2017.mp3,True,https://cmanau.bandcamp.com/album/oper-rio,album,True,2
"2017 - Coletanea - XmaZzZ, Especial de Natal NapNap Records",coletanea-xmazzz-especial-de-natal,"XmaZzZ, Especial de Natal NapNap Records",Coletanea,2017,coletanea-xmazzz-especial-de-natal.mp3,True,https://napnaprecords.bandcamp.com/album/xmazzz-especial-de-natal-napnap-records**](https://napnaprecords.bandcamp.com/album/xmazzz-especial-de-natal-napnap-records,album,True,2
"2017 - Coletanea Pessoa Que Voa - Diário de Bordo, vol. 1",coletanea-pessoa-que-voa-diario-de,"Diário de Bordo, vol. 1",Coletanea Pessoa Que Voa,2017,coletanea-pessoa-que-voa-diario-de.mp3,True,https://pessoaquevoa.bandcamp.com,generic,True,2
2017 - Congo Congo - Congo Congo,congo-congo-congo-congo-2017,Congo Congo,Congo Congo,2017,congo-congo-congo-congo-2017.mp3,True,https://congocongo.bandcamp.com,generic,True,2
2017 - Cora - Não Vai Ter Cora,cora-nao-vai-ter-cora-2017,Não Vai Ter Cora,Cora,2017,cora-nao-vai-ter-cora-2017.mp3,True,https://pwrrecords.bandcamp.com/album/n-o-vai-ter-cora,album,True,2
2017 - cv-noir-2017,cv-noir-2017,noir-2017,cv,2017,cv-noir-2017.mp3,True,https://thiagomiazzo.bandcamp.com/album/noir,album,True,2
2017 - Dead Ice - Human(s),dead-ice-humans-2017,Human(s),Dead Ice,2017,dead-ice-humans-2017.mp3,True,https://gabriellana.bandcamp.com**](https://gabriellana.bandcamp.com,generic,True,2
2017 - Dead Parrot - Inner Battles,dead-parrot-inner-battles-2017,Inner Battles,Dead Parrot,2017,dead-parrot-inner-battles-2017.mp3,True,https://deadparrot.bandcamp.com/album/inner-battles,album,True,2
2017 - Depois Da Tempestade Multiverso,depois-da-tempestade-multiverso-2017,Depois Da Tempestade Multiverso,,2017,depois-da-tempestade-multiverso-2017.mp3,True,https://depoisdatempestade.bandcamp.com/album/multiverso,album,True,2
2017 - desdansá - A Impossibilidade da Dança,desdansa-impossibilidade-da-danca-2017,A Impossibilidade da Dança,desdansá,2017,desdansa-impossibilidade-da-danca-2017.mp3,True,https://desdansa.bandcamp.com/album/a-impossibilidade-da-dan-a,album,True,2
2017 - DESMONTA - M.TAKARA 3 + 1,m-takara-m-takara-31-2017,M.TAKARA 3 + 1,DESMONTA,2017,m-takara-m-takara-31-2017.mp3,True,https://desmonta.bandcamp.com/album/m-takara-3-1,album,True,2
2017 - Devilish Dear - These Sunny Days,devilish-dear-these-sunny-days-2017,These Sunny Days,Devilish Dear,2017,devilish-dear-these-sunny-days-2017.mp3,True,https://midsummermadness.bandcamp.com/album/these-sunny-days,album,True,2
2017 - Dharma Baby Something Nue Ep,dharma-baby-something-nue-ep-2016,Dharma Baby Something Nue Ep,,2017,dharma-baby-something-nue-ep-2016.mp3,True,https://dharmababy.bandcamp.com**](https://dharmababy.bandcamp.com,generic,True,2
2017 - Dias Thanus Munhoz - Réstia,porta-retrato-onda-perdida-2015,Réstia,Dias Thanus Munhoz,2017,porta-retrato-onda-perdida-2015.mp3,True,https://selomalware.bandcamp.com/releases,generic,True,2
2017 - dinside-project-diplostemone-2017,dinside-project-diplostemone-2017,project-diplostemone-2017,dinside,2017,dinside-project-diplostemone-2017.mp3,True,https://dinsideproject.bandcamp.com**](https://dinsideproject.bandcamp.com,generic,True,2
2017 - Diogo Dias - Crowded Bars And Deserted Streets (A Neighborhood),diogo-dias-crowded-bars-and-deserted,Crowded Bars And Deserted Streets (A Neighborhood),Diogo Dias,2017,diogo-dias-crowded-bars-and-deserted.mp3,True,https://diogo-dias.bandcamp.com/album/crowded-bars-and-deserted-streets-a-neighborhood,album,True,2
2017 - Distress Wonders Need More Space,distress-wonders-need-more-space-2017,Distress Wonders Need More Space,,2017,distress-wonders-need-more-space-2017.mp3,True,https://distresswonders.bandcamp.com/album/need-more-space-demos,album,True,2
2017 - Doberrot Nao Repara Bagunca,doberrot-nao-repara-bagunca-2017,Doberrot Nao Repara Bagunca,,2017,doberrot-nao-repara-bagunca-2017.mp3,True,https://oncadiscos.bandcamp.com/album/n-o-repara-a-bagun-a,album,True,2
2017 - dogma-3-mulambo-2017,dogma-3-mulambo-2017,3-mulambo-2017,dogma,2017,dogma-3-mulambo-2017.mp3,True,https://dogmasonoro.bandcamp.com,generic,True,2
2017 - drapeiseasy-ep-2017,drapeiseasy-ep-2017,ep-2017,drapeiseasy,2017,drapeiseasy-ep-2017.mp3,True,https://distopia.bandcamp.com/album/ep-2,album,True,2
2017 - duben-um-breve-resumo-do-futuro-2017,duben-um-breve-resumo-do-futuro-2017,um-breve-resumo-do-futuro-2017,duben,2017,duben-um-breve-resumo-do-futuro-2017.mp3,True,https://duben.bandcamp.com,generic,True,2
2017 - Dusouto De Volta Pra Babilonia,dusouto-de-volta-pra-babilonia-2014,Dusouto De Volta Pra Babilonia,,2017,dusouto-de-volta-pra-babilonia-2014.mp3,True,https://dusouto.bandcamp.com/album/de-volta-pra-babil-nia,album,True,2
2017 - Edgard Felipe Teori Brazil,edgard-felipe-teori-brazil-2017,Edgard Felipe Teori Brazil,,2017,edgard-felipe-teori-brazil-2017.mp3,True,https://brazzillamusic.bandcamp.com/album/teori-brazil**](https://brazzillamusic.bandcamp.com/album/teori-brazil,album,True,2
2017 - edu-chianca-ep-2017,edu-chianca-ep-2017,chianca-ep-2017,edu,2017,edu-chianca-ep-2017.mp3,True,https://educhianca.bandcamp.com,generic,True,2
2017 - Ehoro P2p3p4,ehoro-p2p3p4,Ehoro P2p3p4,,2017,ehoro-p2p3p4.mp3,True,https://desmancheoselo.bandcamp.com/album/p2p3p4,album,True,2
2017 - electric-light-pulp-im-not-here-ep-2017,electric-light-pulp-im-not-here-ep-2017,light-pulp-im-not-here-ep-2017,electric,2017,electric-light-pulp-im-not-here-ep-2017.mp3,True,https://electriclightpulp.bandcamp.com,generic,True,2
2017 - eletrique-zamba-vol-1-2017,eletrique-zamba-vol-1-2017,zamba-vol-1-2017,eletrique,2017,eletrique-zamba-vol-1-2017.mp3,True,https://bandaeletriquezamba.bandcamp.com,generic,True,2
2017 - eliminadorzinho-aniquiladorzinho-2017,eliminadorzinho-aniquiladorzinho-2017,aniquiladorzinho-2017,eliminadorzinho,2017,eliminadorzinho-aniquiladorzinho-2017.mp3,True,https://pessoaquevoa.bandcamp.com/album/aniquiladorzinho,album,True,2
2017 - Emerson Faria - Terminal,emerson-faria-terminal-2017,Terminal,Emerson Faria,2017,emerson-faria-terminal-2017.mp3,True,https://emersonfaria.bandcamp.com/album/terminal**](https://emersonfaria.bandcamp.com/album/terminal,album,True,2
2017 - Emerson Faria Terminal,emerson-faria-terminal-2017,Emerson Faria Terminal,,2017,emerson-faria-terminal-2017.mp3,True,https://emersonfaria.bandcamp.com/album/terminal**](https://emersonfaria.bandcamp.com/album/terminal,album,True,2
2017 - Epiles - Quarto EP,epiles-quarto-ep-2017,Quarto EP,Epiles,2017,epiles-quarto-ep-2017.mp3,True,https://epiles.bandcamp.com/album/quarto-ep**](https://epiles.bandcamp.com/album/quarto-ep,album,True,2
2017 - eric-diogenes-eric-diogenes-2017,eric-diogenes-eric-diogenes-2017,diogenes-eric-diogenes-2017,eric,2017,eric-diogenes-eric-diogenes-2017.mp3,True,https://ericdiogenes.bandcamp.com](https://ericdiogenes.bandcamp.com,generic,True,2
2017 - F Chovich Monte Verde,f-chovich-monte-verde-2017,F Chovich Monte Verde,,2017,f-chovich-monte-verde-2017.mp3,True,https://fchovich.bandcamp.com/album/monte-verde,album,True,2
2017 - Felipe Zenicola Phersu,felipe-zenicola-phersu-2017,Felipe Zenicola Phersu,,2017,felipe-zenicola-phersu-2017.mp3,True,https://seminalrecords.bandcamp.com/album/phersu**](https://seminalrecords.bandcamp.com/album/phersu,album,True,2
2017 - Fernando Maranho Hipercubo,fernando-maranho-hipercubo-2016,Fernando Maranho Hipercubo,,2017,fernando-maranho-hipercubo-2016.mp3,True,https://fernandomaranho.bandcamp.com/**](https://fernandomaranho.bandcamp.com,generic,True,2
2017 - fidell-fidell-ep-2017-2017,fidell-fidell-ep-2017-2017,fidell-ep-2017-2017,fidell,2017,fidell-fidell-ep-2017-2017.mp3,True,https://fidell.bandcamp.com,generic,True,2
2017 - figueiredo-palas-cotidianas-2017,figueiredo-palas-cotidianas-2017,palas-cotidianas-2017,figueiredo,2017,figueiredo-palas-cotidianas-2017.mp3,True,https://nofitapes.bandcamp.com](https://nofitapes.bandcamp.com,generic,True,2
2017 - fita-stick-crazy-2017,fita-stick-crazy-2017,stick-crazy-2017,fita,2017,fita-stick-crazy-2017.mp3,True,https://fita1.bandcamp.com,generic,True,2
2017 - Flaneur Frenesi,flaneur-frenesi-2017,Flaneur Frenesi,,2017,flaneur-frenesi-2017.mp3,True,https://bananarecords.bandcamp.com/album/frenesi,album,True,2
2017 - Foxxxy Mulder - Paranoia Musique Vol. 1,coletanea-paranoia-musique-paranoia,Paranoia Musique Vol. 1,Foxxxy Mulder,2017,coletanea-paranoia-musique-paranoia.mp3,True,https://paranoiamusique.bandcamp.com/album/paranoia-musique-vol-1,album,True,2
2017 - Frabin Nope,frabin-nope-2017,Frabin Nope,,2017,frabin-nope-2017.mp3,True,https://midsummermadness.bandcamp.com/album/nope,album,True,2
2017 - franco-mathson-lagarta-de-fogo-2017,franco-mathson-lagarta-de-fogo-2017,mathson-lagarta-de-fogo-2017,franco,2017,franco-mathson-lagarta-de-fogo-2017.mp3,True,https://francomathson.bandcamp.com,generic,True,2
2017 - front-row-colorless-2017,front-row-colorless-2017,row-colorless-2017,front,2017,front-row-colorless-2017.mp3,True,https://frontrow1.bandcamp.com,generic,True,2
2017 - gabriel-johnson-pos-paz-2017,gabriel-johnson-pos-paz-2017,johnson-pos-paz-2017,gabriel,2017,gabriel-johnson-pos-paz-2017.mp3,True,https://gabrieljohnsons.bandcamp.com/album/p-s-paz,album,True,2
2017 - gael-conhece-o-mar-casca-de-nos-2017,gael-conhece-o-mar-casca-de-nos-2017,conhece-o-mar-casca-de-nos-2017,gael,2017,gael-conhece-o-mar-casca-de-nos-2017.mp3,True,https://gaelconheceomar.bandcamp.com/**](https://gaelconheceomar.bandcamp.com,generic,True,2
2017 - gato-feio-gato-feio-2017,gato-feio-gato-feio-2017,feio-gato-feio-2017,gato,2017,gato-feio-gato-feio-2017.mp3,True,https://gatofeio.bandcamp.com](https://gatofeio.bandcamp.com,generic,True,2
2017 - ghost-from-trees-fireworks-on-sky-2017,ghost-from-trees-fireworks-on-sky-2017,from-trees-fireworks-on-sky-2017,ghost,2017,ghost-from-trees-fireworks-on-sky-2017.mp3,True,https://starsonabedroomwall.bandcamp.com/album/fireworks-on-the-sky,album,True,2
2017 - Giallos Blaxxxploitation,giallos-blaxxxploitation-2017,Giallos Blaxxxploitation,,2017,giallos-blaxxxploitation-2017.mp3,True,https://giallos.bandcamp.com](https://giallos.bandcamp.com,generic,True,2
2017 - god-pussy-degenerate-landscape-2017,god-pussy-degenerate-landscape-2017,pussy-degenerate-landscape-2017,god,2017,god-pussy-degenerate-landscape-2017.mp3,True,https://godpussy.bandcamp.com,generic,True,2
2017 - gr-fragil-2017,gr-fragil-2017,fragil-2017,gr,2017,gr-fragil-2017.mp3,True,https://gabrielrett.bandcamp.com/album/fr-gil,album,True,2
2017 - grupo-porco-procrastinator-2017,grupo-porco-procrastinator-2017,porco-procrastinator-2017,grupo,2017,grupo-porco-procrastinator-2017.mp3,True,https://grupoporco.bandcamp.com](https://grupoporco.bandcamp.com,generic,True,2
2017 - Guaribas Ep Guaribas,guaribas-ep-guaribas-2016,Guaribas Ep Guaribas,,2017,guaribas-ep-guaribas-2016.mp3,True,https://guaribas.bandcamp.com/album/ep-guaribas,album,True,2
2017 - Haicu Haicu,haicu-haicu-2016,Haicu Haicu,,2017,haicu-haicu-2016.mp3,True,https://haicu.bandcamp.com/album/haicu,album,True,2
2017 - Hellbenders Ao Vivo No Festival Dosol,hellbenders-ao-vivo-no-festival-dosol,Hellbenders Ao Vivo No Festival Dosol,,2017,hellbenders-ao-vivo-no-festival-dosol.mp3,True,https://dosol.bandcamp.com/album/hellbenders-ao-vivo-no-festival-dosol-assu-2016,album,True,2
2017 - Herzegovina 5am,herzegovina-5am-2017,Herzegovina 5am,,2017,herzegovina-5am-2017.mp3,True,https://herzegovinaofficial.bandcamp.com,generic,True,2
2017 - Holofonica - Os Ritos,os-ritos-holofonica-2016,Os Ritos,Holofonica,2017,os-ritos-holofonica-2016.mp3,True,https://alreves.bandcamp.com/album/os-ritos,album,True,2
2017 - home-slow-2017,home-slow-2017,slow-2017,home,2017,home-slow-2017.mp3,True,https://hhhome.bandcamp.com/**](https://hhhome.bandcamp.com,generic,True,2
2017 - ian-e-chankas-casual-meetings-2017,ian-e-chankas-casual-meetings-2017,e-chankas-casual-meetings-2017,ian,2017,ian-e-chankas-casual-meetings-2017.mp3,True,https://ianechankas.bandcamp.com,generic,True,2
"2017 - Ideias, etc - Estrelado",ideias-etc-estrelado-2017,Estrelado,"Ideias, etc",2017,ideias-etc-estrelado-2017.mp3,True,https://napnaprecords.bandcamp.com/album/estrelado,album,True,2
2017 - Impoluto - Lilium,impoluto-lilium-2017,Lilium,Impoluto,2017,impoluto-lilium-2017.mp3,True,https://impoluto.bandcamp.com,generic,True,2
2017 - In Venus Ruina,in-venus-ruina-2017,In Venus Ruina,,2017,in-venus-ruina-2017.mp3,True,https://invenus.bandcamp.com,generic,True,2
2017 - Infante - 1991 - demos & b-sides,infante-1991-demos-b-sides-2017,1991 - demos & b-sides,Infante,2017,infante-1991-demos-b-sides-2017.mp3,True,https://infante1.bandcamp.com/album/1991-demos-b-sides,album,True,2
2017 - Infante 1991 Demos B Sides,infante-1991-demos-b-sides-2017,Infante 1991 Demos B Sides,,2017,infante-1991-demos-b-sides-2017.mp3,True,https://infante1.bandcamp.com/album/1991-demos-b-sides,album,True,2
2017 - invisivel-distracoes-2017,invisivel-distracoes-2017,distracoes-2017,invisivel,2017,invisivel-distracoes-2017.mp3,True,https://invisivel.bandcamp.com/**](https://invisivel.bandcamp.com,generic,True,2
2017 - iogo-nevoa-corrente-2017,iogo-nevoa-corrente-2017,nevoa-corrente-2017,iogo,2017,iogo-nevoa-corrente-2017.mp3,True,https://iogo.bandcamp.com,generic,True,2
2017 - iorigun-emptyhousesfilledcities-2017,iorigun-emptyhousesfilledcities-2017,emptyhousesfilledcities-2017,iorigun,2017,iorigun-emptyhousesfilledcities-2017.mp3,True,https://iorigun.bandcamp.com,generic,True,2
2017 - joe-silhueta-ritos-do-leito-2017,joe-silhueta-ritos-do-leito-2017,silhueta-ritos-do-leito-2017,joe,2017,joe-silhueta-ritos-do-leito-2017.mp3,True,https://joesilhueta.bandcamp.com,generic,True,2
2017 - Jonatas Onofre Aparicion,jonatas-onofre-aparicion-2017,Jonatas Onofre Aparicion,,2017,jonatas-onofre-aparicion-2017.mp3,True,https://jonatasonofre.bandcamp.com,generic,True,2
2017 - Jonatas Onofre Qui Tolis Vulnere,jonatas-onofre-qui-tolis-vulnere-2017,Jonatas Onofre Qui Tolis Vulnere,,2017,jonatas-onofre-qui-tolis-vulnere-2017.mp3,True,https://jonatasonofre.bandcamp.com,generic,True,2
2017 - Jude Ainda Que De Ouro E Metais,jude-ainda-que-de-ouro-e-metais-2016,Jude Ainda Que De Ouro E Metais,,2017,jude-ainda-que-de-ouro-e-metais-2016.mp3,True,https://crookedtreerecords.bandcamp.com/album/ainda-que-de-ouro-e-metais,album,True,2
2017 - Juliana R - Tarefas Intermináveis,juliana-r-tarefas-interminaveis-2017,Tarefas Intermináveis,Juliana R,2017,juliana-r-tarefas-interminaveis-2017.mp3,True,https://aondaerrada.bandcamp.com/album/tarefas-intermin-veis,album,True,2
2017 - Kalouv - Moo Moo (Single),kalouv-medida-da-distancia-2021,Moo Moo (Single),Kalouv,2017,kalouv-medida-da-distancia-2021.mp3,True,,none,True,2
2017 - Karma Dharma Ilha De Ceu,karma-dharma-ilha-de-ceu-2017,Karma Dharma Ilha De Ceu,,2017,karma-dharma-ilha-de-ceu-2017.mp3,True,https://karmadharma.bandcamp.com/album/ilha-de-c-u,album,True,2
2017 - Kauê Garcia - Batalha,kaue-garcia-batalha-2017,Batalha,Kauê Garcia,2017,kaue-garcia-batalha-2017.mp3,True,https://selomalware.bandcamp.com/album/batalha,album,True,2
2017 - Legrand - Legrand,legrand-legrand-2017,Legrand,Legrand,2017,legrand-legrand-2017.mp3,True,https://legrandbanda.bandcamp.com/album/legrand,album,True,2
2017 - leonardo-vasquez-eyes-to-sky-2017,leonardo-vasquez-eyes-to-sky-2017,vasquez-eyes-to-sky-2017,leonardo,2017,leonardo-vasquez-eyes-to-sky-2017.mp3,True,https://leonardovasques.bandcamp.com**](https://leonardovasques.bandcamp.com,generic,True,2
2017 - lila-protocoll-minimal-2017,lila-protocoll-minimal-2017,protocoll-minimal-2017,lila,2017,lila-protocoll-minimal-2017.mp3,True,https://lilaprotocoll.bandcamp.com**](https://lilaprotocoll.bandcamp.com,generic,True,2
2017 - Liliya Devala Primavera Dos Licantropos,liliya-devala-primavera-dos-licantropos,Liliya Devala Primavera Dos Licantropos,,2017,liliya-devala-primavera-dos-licantropos.mp3,True,https://abjectionproductions.bandcamp.com/album/ap-007-primavera-dos-licantropos,album,True,2
2017 - Lima Campos - Nascimento Cidadão e Outras Canções,lima-campos-nascimento-cidadao-e-outras,Nascimento Cidadão e Outras Canções,Lima Campos,2017,lima-campos-nascimento-cidadao-e-outras.mp3,True,https://limacampos.bandcamp.com,generic,True,2
2017 - Lingering Last Drops Atavismo,lingering-last-drops-atavismo-2017,Lingering Last Drops Atavismo,,2017,lingering-last-drops-atavismo-2017.mp3,True,https://lingeringlastdrops.bandcamp.com,generic,True,2
2017 - linguini-cobranca-2017,linguini-cobranca-2017,cobranca-2017,linguini,2017,linguini-cobranca-2017.mp3,True,https://4arecords.bandcamp.com/album/cobran-a,album,True,2
2017 - liquidificador-da-morte-tempo-ep-2017,liquidificador-da-morte-tempo-ep-2017,da-morte-tempo-ep-2017,liquidificador,2017,liquidificador-da-morte-tempo-ep-2017.mp3,True,https://liquidificadordamorte.bandcamp.com,generic,True,2
2017 - Lixera - Ep1,lixera-ep1-2017,Ep1,Lixera,2017,lixera-ep1-2017.mp3,True,https://lixera.bandcamp.com/album/ep1,album,True,2
2017 - lobos-de-calla-as-vezes-eles-voltam-2017,lobos-de-calla-as-vezes-eles-voltam-2017,de-calla-as-vezes-eles-voltam-2017,lobos,2017,lobos-de-calla-as-vezes-eles-voltam-2017.mp3,True,https://lobosdecalla.bandcamp.com/**](https://lobosdecalla.bandcamp.com,generic,True,2
2017 - Loma Ventos Cruzados,loma-ventos-cruzados-2017,Loma Ventos Cruzados,,2017,loma-ventos-cruzados-2017.mp3,True,https://lomabanda.bandcamp.com/album/ventos-cruzados,album,True,2
2017 - Luan Bates - Distant Minutes [Single],luan-bates-distant-minutes-2017,Distant Minutes [Single],Luan Bates,2017,luan-bates-distant-minutes-2017.mp3,True,https://luanbates.bandcamp.com/album/distant-minutes-single,album,True,2
2017 - Lucas Panasonic,lucas-panasonic-2017,Lucas Panasonic,,2017,lucas-panasonic-2017.mp3,True,https://seminalrecords.bandcamp.com/album/panasonic,album,True,2
2017 - Lucindo Facebook,lucindo-facebook-2017,Lucindo Facebook,,2017,lucindo-facebook-2017.mp3,True,https://kimusorecords.bandcamp.com/album/facebook,album,True,2
2017 - Luisa Os Alquimistas Vekanandra,luisa-os-alquimistas-vekanandra-2017,Luisa Os Alquimistas Vekanandra,,2017,luisa-os-alquimistas-vekanandra-2017.mp3,True,https://luisaeosalquimistas.bandcamp.com/album/vekanandra,album,True,2
2017 - luiza-lian-oya-tempo-2017,luiza-lian-oya-tempo-2017,lian-oya-tempo-2017,luiza,2017,luiza-lian-oya-tempo-2017.mp3,True,https://lianluiza.bandcamp.com/album/oya-tempo,album,True,2
2017 - luli-deserto-2017,luli-deserto-2017,deserto-2017,luli,2017,luli-deserto-2017.mp3,True,https://luliarte.bandcamp.com](https://luliarte.bandcamp.com,generic,True,2
2017 - Luvbugs Dias Em Lo Fi,luvbugs-dias-em-lo-fi-2017,Luvbugs Dias Em Lo Fi,,2017,luvbugs-dias-em-lo-fi-2017.mp3,True,https://luvbugs.bandcamp.com/album/dias-em-lo-fi,album,True,2
2017 - m-o-o-n-s-live-songs-for-popload-2017,m-o-o-n-s-live-songs-for-popload-2017,o-o-n-s-live-songs-for-popload-2017,m,2017,m-o-o-n-s-live-songs-for-popload-2017.mp3,True,https://listentomoons.bandcamp.com](https://listentomoons.bandcamp.com,generic,True,2
2017 - m-takara-m-takara-31-2017,m-takara-m-takara-31-2017,takara-m-takara-31-2017,m,2017,m-takara-m-takara-31-2017.mp3,True,https://desmonta.bandcamp.com/album/m-takara-3-1,album,True,2
2017 - Macaco Mostarda Macaco Mostarda Ep,macaco-mostarda-macaco-mostarda-ep-2017,Macaco Mostarda Macaco Mostarda Ep,,2017,macaco-mostarda-macaco-mostarda-ep-2017.mp3,True,https://macacomostarda.bandcamp.com/album/macaco-mostarda-ep,album,True,2
2017 - Mad Monkees - Mad Monkees,mad-monkees-mad-monkees-2017,Mad Monkees,Mad Monkees,2017,mad-monkees-mad-monkees-2017.mp3,True,https://madmonkees.bandcamp.com/album/mad-monkees-2,album,True,2
2017 - Madame Rrose Selavy - Filhos Dourados do Soul,madame-rrose-selavy-filhos-dourados-do,Filhos Dourados do Soul,Madame Rrose Selavy,2017,madame-rrose-selavy-filhos-dourados-do.mp3,True,https://madamerroseselavy.bandcamp.com,generic,True,2
2017 - Mahou Major - São Paulo,mahou-major-sao-paulo-2017,São Paulo,Mahou Major,2017,mahou-major-sao-paulo-2017.mp3,True,https://mahoumajor.bandcamp.com/album/s-o-paulo,album,True,2
2017 - Marcela Lucatelli Gestus Kanto Glytkh,marcela-lucatelli-gestus-kanto-glytkh,Marcela Lucatelli Gestus Kanto Glytkh,,2017,marcela-lucatelli-gestus-kanto-glytkh.mp3,True,https://marcelalucatelli.bandcamp.com,generic,True,2
2017 - marchioretto-demos-1-2017,marchioretto-demos-1-2017,demos-1-2017,marchioretto,2017,marchioretto-demos-1-2017.mp3,True,https://marchiorettomortalbackflip.bandcamp.com,generic,True,2
2017 - Mariana Ponte - Goodbye Saturn,mariana-ponte-goodbye-saturn-2017,Goodbye Saturn,Mariana Ponte,2017,mariana-ponte-goodbye-saturn-2017.mp3,True,https://marianaponte.bandcamp.com/album/goodbye-saturn,album,True,2
2017 - Mario Alencar Great Diary Things,mario-alencar-great-diary-things-2017,Mario Alencar Great Diary Things,,2017,mario-alencar-great-diary-things-2017.mp3,True,https://crookedtreerecords.bandcamp.com/album/great-diary-things,album,True,2
2017 - Marsara Munchhausen Ep,marsara-munchhausen-ep-2017,Marsara Munchhausen Ep,,2017,marsara-munchhausen-ep-2017.mp3,True,https://marsara.bandcamp.com/album/m-nchhausen-ep,album,True,2
2017 - marte-roga-e-mudanca-vem-soturna-2017,marte-roga-e-mudanca-vem-soturna-2017,roga-e-mudanca-vem-soturna-2017,marte,2017,marte-roga-e-mudanca-vem-soturna-2017.mp3,True,https://marteroga.bandcamp.com,generic,True,2
2017 - matheus-santiago-votu-2017,matheus-santiago-votu-2017,santiago-votu-2017,matheus,2017,matheus-santiago-votu-2017.mp3,True,https://matheussantiago.bandcamp.com,generic,True,2
2017 - mau-sangue-mau-sangue-2017,mau-sangue-mau-sangue-2017,sangue-mau-sangue-2017,mau,2017,mau-sangue-mau-sangue-2017.mp3,True,https://mausangue.bandcamp.com,generic,True,2
2017 - melies-ephemeris-2017,melies-ephemeris-2017,ephemeris-2017,melies,2017,melies-ephemeris-2017.mp3,True,https://melies.bandcamp.com,generic,True,2
2017 - Meu Nome Nao E Portugas Sob Custodia Da,meu-nome-nao-e-portugas-sob-custodia-da,Meu Nome Nao E Portugas Sob Custodia Da,,2017,meu-nome-nao-e-portugas-sob-custodia-da.mp3,True,https://cavacarecords.bandcamp.com/album/sob-cust-dia-da-dist-ncia,album,True,2
2017 - Meu Nome Não É Portugas - Sob Custódia Da Distância,meu-nome-nao-e-portugas-sob-custodia-da,Sob Custódia Da Distância,Meu Nome Não É Portugas,2017,meu-nome-nao-e-portugas-sob-custodia-da.mp3,True,https://cavacarecords.bandcamp.com/album/sob-cust-dia-da-dist-ncia,album,True,2
2017 - miazzo-01-75-2017,miazzo-01-75-2017,01-75-2017,miazzo,2017,miazzo-01-75-2017.mp3,True,https://thiagomiazzo.bandcamp.com/album/01-75,album,True,2
2017 - miss-jane-traficada-e-foragida-2017,miss-jane-traficada-e-foragida-2017,jane-traficada-e-foragida-2017,miss,2017,miss-jane-traficada-e-foragida-2017.mp3,True,https://missjane.bandcamp.com/**](https://missjane.bandcamp.com,generic,True,2
2017 - monophonia-mnphn-2017,monophonia-mnphn-2017,mnphn-2017,monophonia,2017,monophonia-mnphn-2017.mp3,True,https://distopia.bandcamp.com/album/mnphn,album,True,2
2017 - Monstro Solar,monstro-solar-2017,Monstro Solar,,2017,monstro-solar-2017.mp3,True,https://tocamonstro.bandcamp.com/album/solar,album,True,2
2017 - Montezuma Rejected Songs For Rejected,montezuma-rejected-songs-for-rejected,Montezuma Rejected Songs For Rejected,,2017,montezuma-rejected-songs-for-rejected.mp3,True,https://eumontezuma.bandcamp.com](https://eumontezuma.bandcamp.com,generic,True,2
2017 - Mrar Eu Vivo Por Tudo Aquilo Que Nao,mrar-eu-vivo-por-tudo-aquilo-que-nao,Mrar Eu Vivo Por Tudo Aquilo Que Nao,,2017,mrar-eu-vivo-por-tudo-aquilo-que-nao.mp3,True,https://desmancheoselo.bandcamp.com/album/eu-vivo-por-tudo-aquilo-que-eu-n-o-posso-ser-2,album,True,2
2017 - mudhill-acoustic-toca-2017,mudhill-acoustic-toca-2017,acoustic-toca-2017,mudhill,2017,mudhill-acoustic-toca-2017.mp3,True,https://mudhill.bandcamp.com,generic,True,2
2017 - Muep Etmo,muep-etmo-2017,Muep Etmo,,2017,muep-etmo-2017.mp3,True,https://muepetmo.bandcamp.com/album/--6,album,True,2
2017 - Muep Etmo Circumstances Dilimite Ones,muep-etmo-circumstances-dilimite-ones,Muep Etmo Circumstances Dilimite Ones,,2017,muep-etmo-circumstances-dilimite-ones.mp3,True,https://muepetmo.bandcamp.com**](https://muepetmo.bandcamp.com,generic,True,2
2017 - Mulata sonata - O absurdo mora ao lado,mulata-sonata-o-absurdo-mora-ao-lado,O absurdo mora ao lado,Mulata sonata,2017,mulata-sonata-o-absurdo-mora-ao-lado.mp3,True,https://mulatasonata.bandcamp.com/album/o-absurdo-mora-ao-lado**](https://mulatasonata.bandcamp.com/album/o-absurdo-mora-ao-lado,album,True,2
2017 - namöa - 2017 - namöa - Namoa Diastole,namoa-diastole-2016,2017 - namöa - Namoa Diastole,namöa,2017,namoa-diastole-2016.mp3,True,https://namoa.bandcamp.com,generic,True,2
2017 - namöa - 2017 - namöa - Namoa Terceiras Historias,namoa-terceiras-historias-2016,2017 - namöa - Namoa Terceiras Historias,namöa,2017,namoa-terceiras-historias-2016.mp3,True,https://namoa.bandcamp.com,generic,True,2
2017 - Nao Nao Eu Nao Nao Eu,nao-nao-eu-nao-nao-eu-2017,Nao Nao Eu Nao Nao Eu,,2017,nao-nao-eu-nao-nao-eu-2017.mp3,True,https://pwrrecords.bandcamp.com/album/n-o-n-o-eu,album,True,2
2017 - Nomade Orquestra - EntreMundos,nomade-orquestra-entremundos-2017,EntreMundos,Nomade Orquestra,2017,nomade-orquestra-entremundos-2017.mp3,True,https://nomade-orquestra.bandcamp.com,generic,True,2
2017 - Nosso Querido Figueiredo Michel Temer,nosso-querido-figueiredo-michel-temer,Nosso Querido Figueiredo Michel Temer,,2017,nosso-querido-figueiredo-michel-temer.mp3,True,https://nossoquerido.bandcamp.com/album/michel-temer-versus-fantasma-do-alvorada**](https://nossoquerido.bandcamp.com/album/michel-temer-versus-fantasma-do-alvorada,album,True,2
2017 - NVS - Casa,nvs-casa-2107,Casa,NVS,2017,nvs-casa-2107.mp3,True,https://fiascorecordspb.bandcamp.com/album/casa,album,True,2
2017 - Nvs Casa,nvs-casa-2107,Nvs Casa,,2017,nvs-casa-2107.mp3,True,https://fiascorecordspb.bandcamp.com/album/casa,album,True,2
2017 - o astronauta - Velha Guitarra Dente Canino,o-astronauta-o-astronauta-demo-2017,Velha Guitarra Dente Canino,o astronauta,2017,o-astronauta-o-astronauta-demo-2017.mp3,True,https://oastronauta.bandcamp.com/album/o-astronauta-demo,album,True,2
2017 - O Mar Cobrindo o Sol - Nível de Volatilidade,o-mar-cobrindo-o-sol-nivel-de,Nível de Volatilidade,O Mar Cobrindo o Sol,2017,o-mar-cobrindo-o-sol-nivel-de.mp3,True,https://salitrerecords.bandcamp.com/album/n-vel-de-volatilidade,album,True,2
2017 - O Mar Cobrindo O Sol Nivel De,o-mar-cobrindo-o-sol-nivel-de,O Mar Cobrindo O Sol Nivel De,,2017,o-mar-cobrindo-o-sol-nivel-de.mp3,True,https://salitrerecords.bandcamp.com/album/n-vel-de-volatilidade,album,True,2
2017 - onar-incognito-2017,onar-incognito-2017,incognito-2017,onar,2017,onar-incognito-2017.mp3,True,https://occflw.bandcamp.com/album/inc-gnito,album,True,2
"2017 - ordinaria hit - junior (EP, 2017)",ordinaria-hit-junior-2017,"junior (EP, 2017)",ordinaria hit,2017,ordinaria-hit-junior-2017.mp3,True,https://ordinariahit.bandcamp.com/album/junior,album,True,2
2017 - Os Chás - Já Delírio,os-chas-ja-delirio-2017,Já Delírio,Os Chás,2017,os-chas-ja-delirio-2017.mp3,True,https://transfusaonoiserecords.bandcamp.com/album/j-del-rio,album,True,2
2017 - OZU - The Downbeat Sessions Vol.1 ( EP - 2017 ),ozu-downbeat-sessions-vol1-2017,The Downbeat Sessions Vol.1 ( EP - 2017 ),OZU,2017,ozu-downbeat-sessions-vol1-2017.mp3,True,https://monotunerecords.bandcamp.com/album/the-downbeat-sessions-vol-1,album,True,2
2017 - palamar - Horizontes Submersos (EP),palamar-horizontes-submersos-2017,Horizontes Submersos (EP),palamar,2017,palamar-horizontes-submersos-2017.mp3,True,https://palamar.bandcamp.com/album/horizontes-submersos-2,album,True,2
2017 - pallidum-strict-2017,pallidum-strict-2017,strict-2017,pallidum,2017,pallidum-strict-2017.mp3,True,https://thiagomiazzo.bandcamp.com/album/strict,album,True,2
2017 - paqueta-surfadelic-dreams-2017,paqueta-surfadelic-dreams-2017,surfadelic-dreams-2017,paqueta,2017,paqueta-surfadelic-dreams-2017.mp3,True,https://paqueta.bandcamp.com,generic,True,2
2017 - pedro-oliveira-roda-viva-ep-2017,pedro-oliveira-roda-viva-ep-2017,oliveira-roda-viva-ep-2017,pedro,2017,pedro-oliveira-roda-viva-ep-2017.mp3,True,https://aestheticaminus.bandcamp.com**](https://aestheticaminus.bandcamp.com,generic,True,2
2017 - Pequeno Albert - Vermelho E Claro Como O Dia,pequeno-albert-vermelho-e-claro-como-o,Vermelho E Claro Como O Dia,Pequeno Albert,2017,pequeno-albert-vermelho-e-claro-como-o.mp3,True,https://pequenoalbert.bandcamp.com,generic,True,2
2017 - Pequeno Céu - Praia Vermelha,pequeno-ceu-praia-vermelha-2017,Praia Vermelha,Pequeno Céu,2017,pequeno-ceu-praia-vermelha-2017.mp3,True,https://nacaraecoragem.bandcamp.com/album/transg-nico-volume-2,album,True,2
2017 - Ph E P H,ph-e-p-h-2017,Ph E P H,,2017,ph-e-p-h-2017.mp3,True,https://pheliperomero.bandcamp.com/album/e-p-h,album,True,2
2017 - philippe-meyohas-arte-do-retorno-2017,philippe-meyohas-arte-do-retorno-2017,meyohas-arte-do-retorno-2017,philippe,2017,philippe-meyohas-arte-do-retorno-2017.mp3,True,https://philippemeyohas.bandcamp.com,generic,True,2
2017 - plano-plano-ep-2017,plano-plano-ep-2017,plano-ep-2017,plano,2017,plano-plano-ep-2017.mp3,True,https://distopia.bandcamp.com/album/plano-ep,album,True,2
2017 - plipp-ephemeral-2017,plipp-ephemeral-2017,ephemeral-2017,plipp,2017,plipp-ephemeral-2017.mp3,True,https://plipp.bandcamp.com,generic,True,2
2017 - Pobre Tom - Existe Gente Feia,pobre-tom-ep-2015,Existe Gente Feia,Pobre Tom,2017,pobre-tom-ep-2015.mp3,True,https://opobretom.bandcamp.com](https://opobretom.bandcamp.com,generic,True,2
2017 - pobre-tom-existe-gente-feia-2017,pobre-tom-existe-gente-feia-2017,tom-existe-gente-feia-2017,pobre,2017,pobre-tom-existe-gente-feia-2017.mp3,True,https://opobretom.bandcamp.com,generic,True,2
2017 - Porreria Torture Garden,porreria-torture-garden-2017,Porreria Torture Garden,,2017,porreria-torture-garden-2017.mp3,True,https://porrerianoise.bandcamp.com/album/torture-garden-2,album,True,2
2017 - Preto Neon - Preto Neon 4102,preto-neon-preto-neon-4102-2017,Preto Neon 4102,Preto Neon,2017,preto-neon-preto-neon-4102-2017.mp3,True,https://suburbanaco.bandcamp.com/album/preto-neon-4102,album,True,2
2017 - Prozak Pro Pitchyreggaevibes,prozak-pro-pitchyreggaevibes-2017,Prozak Pro Pitchyreggaevibes,,2017,prozak-pro-pitchyreggaevibes-2017.mp3,True,https://prozakpro.bandcamp.com/album/pitchyreggaevibes,album,True,2
2017 - Quasar - Coruja,quasar-coruja-2017,Coruja,Quasar,2017,quasar-coruja-2017.mp3,True,https://bananarecords.bandcamp.com/album/coruja,album,True,2
2017 - Quieto Tropico,quieto-tropico-2016,Quieto Tropico,,2017,quieto-tropico-2016.mp3,True,http://aloeveraloops.bandcamp.com/album/tr-pico,album,True,2
2017 - quieto-neotokyo-2017,quieto-neotokyo-2017,neotokyo-2017,quieto,2017,quieto-neotokyo-2017.mp3,True,http://aloeveraloops.bandcamp.com/album/neotokyo,album,True,2
2017 - Rafael Elfe Perro Negro,rafael-elfe-perro-negro-2013,Rafael Elfe Perro Negro,,2017,rafael-elfe-perro-negro-2013.mp3,True,https://rafaelelfe.bandcamp.com/album/perro-negro,album,True,2
"2017 - Rawph - A melancolia vai nos separar, outra vez",rawph-melancolia-vai-nos-separar-outra,"A melancolia vai nos separar, outra vez",Rawph,2017,rawph-melancolia-vai-nos-separar-outra.mp3,True,https://rawph.bandcamp.com,generic,True,2
2017 - revolta-civil-o-novo-reich-ep-2017,revolta-civil-o-novo-reich-ep-2017,civil-o-novo-reich-ep-2017,revolta,2017,revolta-civil-o-novo-reich-ep-2017.mp3,True,https://revoltacivil.bandcamp.com,generic,True,2
2017 - rio-sem-nome-cancoes-nomades-2017,rio-sem-nome-cancoes-nomades-2017,sem-nome-cancoes-nomades-2017,rio,2017,rio-sem-nome-cancoes-nomades-2017.mp3,True,https://riosemnome.bandcamp.com,generic,True,2
2017 - Ronco - End Love Story [Full Album],Ronco - End Love Story [Full Album],End Love Story [Full Album],Ronco,2017,Ronco - End Love Story [Full Album].mp3,False,,none,True,2
2017 - rosa-idiota-circle-2017,rosa-idiota-circle-2017,idiota-circle-2017,rosa,2017,rosa-idiota-circle-2017.mp3,True,https://rosaidiota.bandcamp.com,generic,True,2
2017 - Salmao - Salmao Demos,salmao-salmao-demos-2017,Salmao Demos,Salmao,2017,salmao-salmao-demos-2017.mp3,True,https://kowarecords.bandcamp.com/album/salmao-demos,album,True,2
2017 - samara-noronha-recomecar-2017,samara-noronha-recomecar-2017,noronha-recomecar-2017,samara,2017,samara-noronha-recomecar-2017.mp3,True,https://samaranoronha.bandcamp.com,generic,True,2
2017 - Saskap Lambida De Cachorro,saskap-lambida-de-cachorro-2017,Saskap Lambida De Cachorro,,2017,saskap-lambida-de-cachorro-2017.mp3,True,https://bafoquente.bandcamp.com/album/lambida-de-cachorro,album,True,2
2017 - satvrnsatvrn-manie-dansante-2017,satvrnsatvrn-manie-dansante-2017,manie-dansante-2017,satvrnsatvrn,2017,satvrnsatvrn-manie-dansante-2017.mp3,True,https://satvrnsatvrn.bandcamp.com/album/manie-dansante,album,True,2
2017 - Sebage Beatnik,sebage-beatnik-2017,Sebage Beatnik,,2017,sebage-beatnik-2017.mp3,True,https://crookedtreerecords.bandcamp.com/album/beatnik,album,True,2
2017 - Sentidor - 2017 - Sentidor - Sentidor Terracorponuvem,sentidor-terracorponuvem-2017,2017 - Sentidor - Sentidor Terracorponuvem,Sentidor,2017,sentidor-terracorponuvem-2017.mp3,True,https://sentidor.bandcamp.com,generic,True,2
2017 - Sentidor - 2017 - Sentidor - sentidor-doismiletreze-2013,sentidor-doismiletreze-2013,2017 - Sentidor - sentidor-doismiletreze-2013,Sentidor,2017,sentidor-doismiletreze-2013.mp3,True,https://sentidor.bandcamp.com,generic,True,2
2017 - sentidor-terracorponuvem-2017,sentidor-terracorponuvem-2017,terracorponuvem-2017,sentidor,2017,sentidor-terracorponuvem-2017.mp3,True,https://sentidor.bandcamp.com,generic,True,2
2017 - Sereno - Adivinhar o Futuro das Estrelas,sereno-adivinhar-o-futuro-das-estrelas,Adivinhar o Futuro das Estrelas,Sereno,2017,sereno-adivinhar-o-futuro-das-estrelas.mp3,True,https://violetadiscos.bandcamp.com/album/adivinhar-o-futuro-das-estrelas**](https://violetadiscos.bandcamp.com/album/adivinhar-o-futuro-das-estrelas,album,True,2
2017 - Sila Crvs Aoa,sila-crvs-aoa-2017,Sila Crvs Aoa,,2017,sila-crvs-aoa-2017.mp3,True,https://silacrvs.bandcamp.com,generic,True,2
2017 - Sites De Fantasmas Quais Sao Os,sites-de-fantasmas-quais-sao-os,Sites De Fantasmas Quais Sao Os,,2017,sites-de-fantasmas-quais-sao-os.mp3,True,https://transtorninhorecords.bandcamp.com/album/quais-s-o-os-verdadeiros-monstros-da-meia-noite**](https://transtorninhorecords.bandcamp.com/album/quais-s-o-os-verdadeiros-monstros-da-meia-noite,album,True,2
2017 - SixKicks - You Should Sing In Portuguese Buy More Pedals And Play Lower,sixkicks-you-shoud-sing-in-portuguese,You Should Sing In Portuguese Buy More Pedals And Play Lower,SixKicks,2017,sixkicks-you-shoud-sing-in-portuguese.mp3,True,https://pwrrecords.bandcamp.com/album/you-shoud-sing-in-portuguese-buy-more-pedals-and-play-lower,album,True,2
2017 - Slsd Olhos Abertos Bocas Fechadas,slsd-olhos-abertos-bocas-fechadas-2017,Slsd Olhos Abertos Bocas Fechadas,,2017,slsd-olhos-abertos-bocas-fechadas-2017.mp3,True,https://umbadubarecords.bandcamp.com/album/olhos-abertos-bocas-fechadas,album,True,2
2017 - Soledad - Soledad,soledad-soledad-2017,Soledad,Soledad,2017,soledad-soledad-2017.mp3,True,https://soledadsoledad.bandcamp.com/album/soledad,album,True,2
2017 - Soundlights - Sons que vêm do Sítio,soundlights-sons-que-vem-do-sitio-2017,Sons que vêm do Sítio,Soundlights,2017,soundlights-sons-que-vem-do-sitio-2017.mp3,True,https://soundlights.bandcamp.com/album/sons-que-v-m-do-s-tio,album,True,2
2017 - SOX - Marabília,sox-marabilia-2017,Marabília,SOX,2017,sox-marabilia-2017.mp3,True,https://soxmusica.bandcamp.com/album/marab-lia,album,True,2
2017 - sox-marabilia-2017,sox-marabilia-2017,marabilia-2017,sox,2017,sox-marabilia-2017.mp3,True,https://soxmusica.bandcamp.com/album/marab-lia,album,True,2
2017 - SPIO (São Paulo Improvisers in Orchestra) - Conduction BR#5,spio-orquestra-conduction-br5-2017,Conduction BR#5,SPIO (São Paulo Improvisers in Orchestra),2017,spio-orquestra-conduction-br5-2017.mp3,True,https://selonetlabel.bandcamp.com/album/conduction-br-5,album,True,2
2017 - Spio Orquestra Conduction Br5,spio-orquestra-conduction-br5-2017,Spio Orquestra Conduction Br5,,2017,spio-orquestra-conduction-br5-2017.mp3,True,https://selonetlabel.bandcamp.com/album/conduction-br-5,album,True,2
2017 - stase-three-towers-2017,stase-three-towers-2017,three-towers-2017,stase,2017,stase-three-towers-2017.mp3,True,https://stase.bandcamp.com,generic,True,2
2017 - Stereomotive Truques Velhos Para,stereomotive-truques-velhos-para,Stereomotive Truques Velhos Para,,2017,stereomotive-truques-velhos-para.mp3,True,https://stereomotive.bandcamp.com,generic,True,2
2017 - Strr - Color Up,strr-color-up-2017_27,Color Up,Strr,2017,strr-color-up-2017_27.mp3,True,https://strroficial.bandcamp.com,generic,True,2
2017 - Stvz Pequenas Tragedias Ep,stvz-pequenas-tragedias-ep-2017,Stvz Pequenas Tragedias Ep,,2017,stvz-pequenas-tragedias-ep-2017.mp3,True,https://chupamanga.bandcamp.com/album/pequenas-trag-dias,album,True,2
2017 - sudario-vale-do-acu-2017,sudario-vale-do-acu-2017,vale-do-acu-2017,sudario,2017,sudario-vale-do-acu-2017.mp3,True,https://sudario.bandcamp.com,generic,True,2
2017 - supervibe-autoctone-2017,supervibe-autoctone-2017,autoctone-2017,supervibe,2017,supervibe-autoctone-2017.mp3,True,https://supervibe.bandcamp.com,generic,True,2
2017 - Sweet Desastre Sweet Desastre,sweet-desastre-sweet-desastre-2017,Sweet Desastre Sweet Desastre,,2017,sweet-desastre-sweet-desastre-2017.mp3,True,https://sweetdesastre.bandcamp.com,generic,True,2
2017 - talude-fragmento-2017,talude-fragmento-2017,fragmento-2017,talude,2017,talude-fragmento-2017.mp3,True,https://talude.bandcamp.com,generic,True,2
2017 - tartaruga-cubica-undois-2017,tartaruga-cubica-undois-2017,cubica-undois-2017,tartaruga,2017,tartaruga-cubica-undois-2017.mp3,True,https://tartaruga.bandcamp.com,generic,True,2
2017 - Testemolde - Pausa,Testemolde - 02 - Helena,Pausa,Testemolde,2017,Testemolde - 02 - Helena.mp3,False,,none,True,2
2017 - That Gum U Like Black Lodge,that-gum-u-like-black-lodge-2017,That Gum U Like Black Lodge,,2017,that-gum-u-like-black-lodge-2017.mp3,True,https://thatgumulike.bandcamp.com,generic,True,2
2017 - The Cigarettes Dream Baby Dream 40 Days,the-cigarettes-dream-baby-dream-40-days,The Cigarettes Dream Baby Dream 40 Days,,2017,the-cigarettes-dream-baby-dream-40-days.mp3,True,https://midsummermadness.bandcamp.com/album/dream-baby-dream-40-days,album,True,2
2017 - The Cigarettes Lights,the-cigarettes-lights-2017,The Cigarettes Lights,,2017,the-cigarettes-lights-2017.mp3,True,https://pugrecords.bandcamp.com/album/the-lights-ep,album,True,2
2017 - The Cigarettes Saturno Wins,the-cigarettes-saturno-wins-2017,The Cigarettes Saturno Wins,,2017,the-cigarettes-saturno-wins-2017.mp3,True,https://pugrecords.bandcamp.com/album/saturno-wins,album,True,2
2017 - The Ex Files - Hide Your Feelings,the-ex-files-hide-your-feelings-2017,Hide Your Feelings,The Ex Files,2017,the-ex-files-hide-your-feelings-2017.mp3,True,https://theexfiles.bandcamp.com/album/hide-your-feelings,album,True,2
2017 - The Experience Nebula Room - Ouroborous,the-experience-nebula-room-ouroborous,Ouroborous,The Experience Nebula Room,2017,the-experience-nebula-room-ouroborous.mp3,True,https://theexperiencenebularoom.bandcamp.com,generic,True,2
2017 - The Eye Patches - I'm Just A-Passing Through,the-eye-patches-im-just-passing-through,I'm Just A-Passing Through,The Eye Patches,2017,the-eye-patches-im-just-passing-through.mp3,True,https://theeyepatches.bandcamp.com,generic,True,2
2017 - The Scuba Divers Scuba Divers,the-scuba-divers-scuba-divers-2017,The Scuba Divers Scuba Divers,,2017,the-scuba-divers-scuba-divers-2017.mp3,True,https://lixorecords.bandcamp.com/album/the-scuba-divers,album,True,2
2017 - The Vacation Project - Cosmos,the-vacation-project-cosmos-2017,Cosmos,The Vacation Project,2017,the-vacation-project-cosmos-2017.mp3,True,https://thevacationproject.bandcamp.com/album/cosmos**](https://thevacationproject.bandcamp.com/album/cosmos,album,True,2
2017 - the-concept-unknown-pop-2017,the-concept-unknown-pop-2017,concept-unknown-pop-2017,the,2017,the-concept-unknown-pop-2017.mp3,True,https://theconceptofficial.bandcamp.com**](https://theconceptofficial.bandcamp.com,generic,True,2
2017 - thesaddestdude - nós somos a falha,thesaddestdude-nos-somos-falha-2017,nós somos a falha,thesaddestdude,2017,thesaddestdude-nos-somos-falha-2017.mp3,True,https://thesaddestdude.bandcamp.com/album/n-s-somos-a-falha,album,True,2
2017 - tonanti-4-2017,tonanti-4-2017,4-2017,tonanti,2017,tonanti-4-2017.mp3,True,https://tonanti.bandcamp.com**](https://tonanti.bandcamp.com,generic,True,2
2017 - transporte-passivo-ii-2017,transporte-passivo-ii-2017,passivo-ii-2017,transporte,2017,transporte-passivo-ii-2017.mp3,True,https://transportepassivo.bandcamp.com,generic,True,2
2017 - TRAVE - 3,trave-3-2017,3,TRAVE,2017,trave-3-2017.mp3,True,https://travex.bandcamp.com/album/3,album,True,2
2017 - Travesseiro Azul - Canções de Beira de Cama,travesseiro-azul-cancoes-de-beira-de,Canções de Beira de Cama,Travesseiro Azul,2017,travesseiro-azul-cancoes-de-beira-de.mp3,True,https://travesseiroazul.bandcamp.com,generic,True,2
2017 - TRNSPR - Não foi assim aleatório,trnspr-nao-foi-assim-tao-aleatorio-2016,Não foi assim aleatório,TRNSPR,2017,trnspr-nao-foi-assim-tao-aleatorio-2016.mp3,True,https://semprerock.bandcamp.com/album/n-o-foi-assim-aleat-rio,album,True,2
2017 - Trompa - trompa se apresenta #6: trompa vaga pela noite e é consumida pelo fogo (ao vivo minor house),trompa-trompa-se-apresenta-6-trompa,trompa se apresenta #6: trompa vaga pela noite e é consumida pelo fogo (ao vivo minor house),Trompa,2017,trompa-trompa-se-apresenta-6-trompa.mp3,True,https://trompa.bandcamp.com](https://trompa.bandcamp.com,generic,True,2
2017 - Unbelievable Things - Wasted Time EP,unbelievable-things-wasted-time-2017,Wasted Time EP,Unbelievable Things,2017,unbelievable-things-wasted-time-2017.mp3,True,https://napnaprecords.bandcamp.com/album/wasted-time-ep**](https://napnaprecords.bandcamp.com/album/wasted-time-ep,album,True,2
2017 - uruly-wtf-is-that-porra-2017,uruly-wtf-is-that-porra-2017,wtf-is-that-porra-2017,uruly,2017,uruly-wtf-is-that-porra-2017.mp3,True,https://losvelters.bandcamp.com](https://losvelters.bandcamp.com,generic,True,2
2017 - Va Hystereofonica Vol 2,va-hystereofonica-vol-2-2017,Va Hystereofonica Vol 2,,2017,va-hystereofonica-vol-2-2017.mp3,True,https://tropicaltwistarecords.bandcamp.com/album/v-a-hystereof-nica-vol-2-ttr033,album,True,2
2017 - vacilant-vacilant-2017,vacilant-vacilant-2017,vacilant-2017,vacilant,2017,vacilant-vacilant-2017.mp3,True,https://vacilant.bandcamp.com](https://vacilant.bandcamp.com,generic,True,2
2017 - varandas-dismissive-tape-2017,varandas-dismissive-tape-2017,dismissive-tape-2017,varandas,2017,varandas-dismissive-tape-2017.mp3,True,https://varandas.bandcamp.com/album/dismissive-tape,album,True,2
2017 - vdiasz-forgiveness-rock-2017,vdiasz-forgiveness-rock-2017,forgiveness-rock-2017,vdiasz,2017,vdiasz-forgiveness-rock-2017.mp3,True,https://crookedtreerecords.bandcamp.com/album/forgiveness-rock,album,True,2
2017 - Ventilador De Teto Desejo Sufoco,ventilador-de-teto-desejo-sufoco-2017,Ventilador De Teto Desejo Sufoco,,2017,ventilador-de-teto-desejo-sufoco-2017.mp3,True,https://valenterecords.bandcamp.com/album/desejo-sufoco**](https://valenterecords.bandcamp.com/album/desejo-sufoco,album,True,2
2017 - Victim D,victim-d-2017,Victim D,,2017,victim-d-2017.mp3,True,https://seminalrecords.bandcamp.com/album/d,album,True,2
2017 - vinicius-mendes-mercurio-2017,vinicius-mendes-mercurio-2017,mendes-mercurio-2017,vinicius,2017,vinicius-mendes-mercurio-2017.mp3,True,https://viniciusmendes.bandcamp.com/album/merc-rio,album,True,2
2017 - vistas-marasmo-2017,vistas-marasmo-2017,marasmo-2017,vistas,2017,vistas-marasmo-2017.mp3,True,https://vistasbr.bandcamp.com,generic,True,2
2017 - Vitor Colares - Fotografia de Rachadura,vitor-colares-fotografia-de-rachadura,Fotografia de Rachadura,Vitor Colares,2017,vitor-colares-fotografia-de-rachadura.mp3,True,https://vitorcolares.bandcamp.com/album/fotografia-de-rachadura,album,True,2
2017 - Vivar - Vivar,vivar-not-same-2020,Vivar,Vivar,2017,vivar-not-same-2020.mp3,True,,none,True,2
2017 - Walter Willy Walter Willy Album Branco,walter-willy-walter-willy-album-branco,Walter Willy Walter Willy Album Branco,,2017,walter-willy-walter-willy-album-branco.mp3,True,https://walterwilly.bandcamp.com/album/walter-willy-album-branco,album,True,2
2017 - walter-reys-crente-2017,walter-reys-crente-2017,reys-crente-2017,walter,2017,walter-reys-crente-2017.mp3,True,https://walterereys.bandcamp.com,generic,True,2
2017 - Ximbra - A Maldição Desta Cidade Cairá Sobre Nós,ximbra-maldicao-desta-cidade-caira,A Maldição Desta Cidade Cairá Sobre Nós,Ximbra,2017,ximbra-maldicao-desta-cidade-caira.mp3,True,https://ximbra.bandcamp.com,generic,True,2
2017 - Ydris Mortem Funereal Hymns Of Hopeless,ydris-mortem-funereal-hymns-of-hopeless,Ydris Mortem Funereal Hymns Of Hopeless,,2017,ydris-mortem-funereal-hymns-of-hopeless.mp3,True,https://ydrismortem.bandcamp.com/album/funereal-hymns-of-hopeless-eve-in-a-tenebrae-land-where-there-will-not-be-suvivors-even-in-sacred-places,album,True,2
2017 - ze-bigode-fluxo-2017,ze-bigode-fluxo-2017,bigode-fluxo-2017,ze,2017,ze-bigode-fluxo-2017.mp3,True,https://zebigode.bandcamp.com](https://zebigode.bandcamp.com,generic,True,2
2017 - Zumpiattes Margens,zumpiattes-margens-2017,Zumpiattes Margens,,2017,zumpiattes-margens-2017.mp3,True,https://valenterecords.bandcamp.com/album/margens**](https://valenterecords.bandcamp.com/album/margens,album,True,2
2016 - 2faces - Objet Petit a,2faces-noema-2014,Objet Petit a,2faces,2016,2faces-noema-2014.mp3,True,https://2faces.bandcamp.com,generic,True,2
2016 - a-ferramenta-sementes-2016,a-ferramenta-sementes-2016,ferramenta-sementes-2016,a,2016,a-ferramenta-sementes-2016.mp3,True,https://ferramenta.bandcamp.com,generic,True,2
2016 - Abobada Celeste - registros de uma madrugada de agosto,abobada-celeste-registros-de-uma,registros de uma madrugada de agosto,Abobada Celeste,2016,abobada-celeste-registros-de-uma.mp3,True,https://abobadaceleste.bandcamp.com,generic,True,2
2016 - ACruz Sesper - ACruz Sesper - Not Count For Spit (2016),acruz-sesper-trio-days-go-by-like,ACruz Sesper - Not Count For Spit (2016),ACruz Sesper,2016,acruz-sesper-trio-days-go-by-like.mp3,True,https://acruzsesper.bandcamp.com,generic,True,2
2016 - Adamante Exercicios Sobre Mundanidade,adamante-exercicios-sobre-mundanidade,Adamante Exercicios Sobre Mundanidade,,2016,adamante-exercicios-sobre-mundanidade.mp3,True,http://adamante.bandcamp.com/album/exerc-cios-sobre-mundanidade,album,True,2
2016 - agnes-hvizdalek-casa-das-caldeiras-2016,agnes-hvizdalek-casa-das-caldeiras-2016,hvizdalek-casa-das-caldeiras-2016,agnes,2016,agnes-hvizdalek-casa-das-caldeiras-2016.mp3,True,https://alreves.bandcamp.com/**](https://alreves.bandcamp.com,generic,True,2
2016 - alcantara-marinho-2016,alcantara-marinho-2016,marinho-2016,alcantara,2016,alcantara-marinho-2016.mp3,True,https://bigornadiscos.bandcamp.com**](https://bigornadiscos.bandcamp.com,generic,True,2
2016 - alderia-banho-2016,alderia-banho-2016,banho-2016,alderia,2016,alderia-banho-2016.mp3,True,https://alderiaoficial.bandcamp.com,generic,True,2
2016 - amigo-imaginario-vida-que-falta-2016,amigo-imaginario-vida-que-falta-2016,imaginario-vida-que-falta-2016,amigo,2016,amigo-imaginario-vida-que-falta-2016.mp3,True,https://amigo-imaginario.bandcamp.com,generic,True,2
2016 - Antiporcos - EP Enquanto houver injustiça estaremos no front,antiporcos-enquanto-houver-injustica,EP Enquanto houver injustiça estaremos no front,Antiporcos,2016,antiporcos-enquanto-houver-injustica.mp3,True,https://antiporcos.bandcamp.com/album/ep-enquanto-houver-injusti-a-estaremos-no-front,album,True,2
2016 - arubu-avua-nervuracontramao-2016,arubu-avua-nervuracontramao-2016,avua-nervuracontramao-2016,arubu,2016,arubu-avua-nervuracontramao-2016.mp3,True,https://arubuavua.bandcamp.com,generic,True,2
2016 - aurata-verano-2016,aurata-verano-2016,verano-2016,aurata,2016,aurata-verano-2016.mp3,True,https://aurata.bandcamp.com/**](https://aurata.bandcamp.com,generic,True,2
2016 - azul-celeste-sopro-2016,azul-celeste-sopro-2016,celeste-sopro-2016,azul,2016,azul-celeste-sopro-2016.mp3,True,https://azulceleste.bandcamp.com,generic,True,2
2016 - Bad Rec Project - Every Union Should Be A Lovely Union,bad-rec-project-every-union-should-be,Every Union Should Be A Lovely Union,Bad Rec Project,2016,bad-rec-project-every-union-should-be.mp3,True,https://badrecproject.bandcamp.com/**](https://badrecproject.bandcamp.com,generic,True,2
2016 - Bad$ista - Bad$ista EP,badita-badita-ep-2016,Bad$ista EP,Bad$ista,2016,badita-badita-ep-2016.mp3,True,https://funknacaixa.bandcamp.com/album/bad-ista-ep,album,True,2
2016 - ballet-clandestino-destruir-ep-2016,ballet-clandestino-destruir-ep-2016,clandestino-destruir-ep-2016,ballet,2016,ballet-clandestino-destruir-ep-2016.mp3,True,https://balletclandestino.bandcamp.com,generic,True,2
2016 - Barbarosa Heritage,barbarosa-heritage-2016,Barbarosa Heritage,,2016,barbarosa-heritage-2016.mp3,True,http://barbarosa-music.bandcamp.com/album/heritage,album,True,2
2016 - baztian-wrong-side-of-shore-2016,baztian-wrong-side-of-shore-2016,wrong-side-of-shore-2016,baztian,2016,baztian-wrong-side-of-shore-2016.mp3,True,https://baztian.bandcamp.com,generic,True,2
2016 - bbarrenha-miopia-2016,bbarrenha-miopia-2016,miopia-2016,bbarrenha,2016,bbarrenha-miopia-2016.mp3,True,https://bbarrenha.bandcamp.com,generic,True,2
2016 - blear-blear-2016,blear-blear-2016,blear-2016,blear,2016,blear-blear-2016.mp3,True,https://blear.bandcamp.com,generic,True,2
2016 - Bolhazul Aurora,bolhazul-aurora-2016,Bolhazul Aurora,,2016,bolhazul-aurora-2016.mp3,True,http://bolhazul.bandcamp.com/album/aurora,album,True,2
2016 - Borealis Post Solis,borealis-post-solis-2016,Borealis Post Solis,,2016,borealis-post-solis-2016.mp3,True,https://borealis1.bandcamp.com/album/post-solis,album,True,2
2016 - Botas Batidas - .não adentre a meia noite apenas com ternura,botas-batidas-nao-adentre-meia-noite,.não adentre a meia noite apenas com ternura,Botas Batidas,2016,botas-batidas-nao-adentre-meia-noite.mp3,True,https://botasbatidas.bandcamp.com,generic,True,2
2016 - caio-neiva-coisas-de-casa-2016,caio-neiva-coisas-de-casa-2016,neiva-coisas-de-casa-2016,caio,2016,caio-neiva-coisas-de-casa-2016.mp3,True,https://caioneiva.bandcamp.com,generic,True,2
2016 - caos-nas-ruas-setembro-2016,caos-nas-ruas-setembro-2016,nas-ruas-setembro-2016,caos,2016,caos-nas-ruas-setembro-2016.mp3,True,https://caosnasruas.bandcamp.com,generic,True,2
2016 - cassio-figueiredo-presenca-2016,cassio-figueiredo-presenca-2016,figueiredo-presenca-2016,cassio,2016,cassio-figueiredo-presenca-2016.mp3,True,https://cassiofigueiredo.bandcamp.com,generic,True,2
2016 - Catavento - CHA,catavento-cha-2016,CHA,Catavento,2016,catavento-cha-2016.mp3,True,http://catavento.bandcamp.com/album/cha,album,True,2
2016 - caue-bravim-filhudaputa-2016,caue-bravim-filhudaputa-2016,bravim-filhudaputa-2016,caue,2016,caue-bravim-filhudaputa-2016.mp3,True,https://cauebravim.bandcamp.com,generic,True,2
2016 - ce-nu-2016,ce-nu-2016,nu-2016,ce,2016,ce-nu-2016.mp3,True,https://camaleonica-eter.bandcamp.com](https://camaleonica-eter.bandcamp.com,generic,True,2
2016 - Ceiba Specios - A Distância Destas Mortes,ceiba-speciosa-distancia-destas-mortes,A Distância Destas Mortes,Ceiba Specios,2016,ceiba-speciosa-distancia-destas-mortes.mp3,True,https://ceibaspeciosa.bandcamp.com,generic,True,2
2016 - Cesrv - Crystalz [BWR024],cesrv-crystalz-2016,Crystalz [BWR024],Cesrv,2016,cesrv-crystalz-2016.mp3,True,https://beatwiserecordings.bandcamp.com/album/crystalz-bwr024**](https://beatwiserecordings.bandcamp.com/album/crystalz-bwr024,album,True,2
2016 - Chant Of Goddess Demo,chant-of-goddess-demo-2016,Chant Of Goddess Demo,,2016,chant-of-goddess-demo-2016.mp3,True,https://chantofthegoddess.bandcamp.com,generic,True,2
2016 - chinese-cookie-poets-area-sismica-2016,chinese-cookie-poets-area-sismica-2016,cookie-poets-area-sismica-2016,chinese,2016,chinese-cookie-poets-area-sismica-2016.mp3,True,https://chinesecookiepoets.bandcamp.com,generic,True,2
2016 - chinfrapala-paz-pela-noia-vol-1-2016,chinfrapala-paz-pela-noia-vol-1-2016,paz-pela-noia-vol-1-2016,chinfrapala,2016,chinfrapala-paz-pela-noia-vol-1-2016.mp3,True,https://chinfrapala.bandcamp.com,generic,True,2
2016 - Churrus Transcontinental,churrus-transcontinental-2015,Churrus Transcontinental,,2016,churrus-transcontinental-2015.mp3,True,http://midsummermadness.bandcamp.com/album/transcontinental,album,True,2
2016 - Cianeto HC - Decair,Cianeto HC - Decair - 04 Decair,Decair,Cianeto HC,2016,Cianeto HC - Decair - 04 Decair.mp3,False,,none,True,2
2016 - circvlo-entrelapso-ep-2016,circvlo-entrelapso-ep-2016,entrelapso-ep-2016,circvlo,2016,circvlo-entrelapso-ep-2016.mp3,True,https://circvlo.bandcamp.com,generic,True,2
2016 - Cmanau Cmanau,cmanau-cmanau-2016,Cmanau Cmanau,,2016,cmanau-cmanau-2016.mp3,True,http://cmanau.bandcamp.com/album/cmanau,album,True,2
2016 - Concreto Morto Medo Da Astrologia,concreto-morto-medo-da-astrologia-2016,Concreto Morto Medo Da Astrologia,,2016,concreto-morto-medo-da-astrologia-2016.mp3,True,https://bichanorecords.bandcamp.com/album/medo-da-astrologia,album,True,2
2016 - Concreto Morto Viver So,concreto-morto-viver-so-2014,Concreto Morto Viver So,,2016,concreto-morto-viver-so-2014.mp3,True,https://concretomorto.bandcamp.com](https://concretomorto.bandcamp.com,generic,True,2
2016 - confeitaria-enero-2016,confeitaria-enero-2016,enero-2016,confeitaria,2016,confeitaria-enero-2016.mp3,True,https://confeitaria.bandcamp.com,generic,True,2
2016 - constantina-mexido-2016,constantina-mexido-2016,mexido-2016,constantina,2016,constantina-mexido-2016.mp3,True,http://constantinamusic.bandcamp.com/album/mexido,album,True,2
2016 - Cosmonauta Fantasma - Ansiedade-Tragédia em 1ª pessoa,cosmonauta-fantasma-ansiedadetragedia,Ansiedade-Tragédia em 1ª pessoa,Cosmonauta Fantasma,2016,cosmonauta-fantasma-ansiedadetragedia.mp3,True,,none,True,2
2016 - coxido-love-and-hate-stories-2016,coxido-love-and-hate-stories-2016,love-and-hate-stories-2016,coxido,2016,coxido-love-and-hate-stories-2016.mp3,True,https://coxido.bandcamp.com,generic,True,2
2016 - cristo-bomba-billy-2016,cristo-bomba-billy-2016,bomba-billy-2016,cristo,2016,cristo-bomba-billy-2016.mp3,True,https://cristobomba.bandcamp.com,generic,True,2
2016 - Cubus Caridade Sadismo,cubus-caridade-sadismo-2016,Cubus Caridade Sadismo,,2016,cubus-caridade-sadismo-2016.mp3,True,https://cubusonline.bandcamp.com/album/caridade-sadismo,album,True,2
2016 - Cubus Suma Morra Nao Volte Jamais,cubus-suma-morra-nao-volte-jamais-2016,Cubus Suma Morra Nao Volte Jamais,,2016,cubus-suma-morra-nao-volte-jamais-2016.mp3,True,https://cubusonline.bandcamp.com/album/suma-morra-n-o-volte-jamais,album,True,2
2016 - Cãos - Cãos,caos-caos-2016,Cãos,Cãos,2016,caos-caos-2016.mp3,True,https://ca-os.bandcamp.com,generic,True,2
2016 - D_M_G - Ao Vivo na Nós CoWorking Recife,D_M_G - Ao Vivo - Uivo #02,Ao Vivo na Nós CoWorking Recife,D_M_G,2016,D_M_G - Ao Vivo - Uivo #02.mp3,False,,none,True,2
2016 - Days Of Hate Mao Que Alimenta O Odio,days-of-hate-mao-que-alimenta-o-odio,Days Of Hate Mao Que Alimenta O Odio,,2016,days-of-hate-mao-que-alimenta-o-odio.mp3,True,http://placentarecordings.bandcamp.com/album/days-of-hate-a-mao-que-alimenta-o-odio-placenta-recordings-348-2016,album,True,2
2016 - Dead Human Voce Nao Pode Ver,dead-human-voce-nao-pode-ver-2016,Dead Human Voce Nao Pode Ver,,2016,dead-human-voce-nao-pode-ver-2016.mp3,True,https://pedemacacodiscos.bandcamp.com/album/voc-n-o-pode-ver,album,True,2
2016 - dead-parrot-dead-parrot-ep-2016,dead-parrot-dead-parrot-ep-2016,parrot-dead-parrot-ep-2016,dead,2016,dead-parrot-dead-parrot-ep-2016.mp3,True,https://deadparrot.bandcamp.com,generic,True,2
2016 - DEAFKIDS - Configuração do Lamento,deaf-kids-configuracao-do-lamento-2016,Configuração do Lamento,DEAFKIDS,2016,deaf-kids-configuracao-do-lamento-2016.mp3,True,https://deafkidspunx.bandcamp.com/album/configura-o-do-lamento,album,True,2
2016 - Depressa Moco Musica Para Comerciais,depressa-moco-musica-para-comerciais,Depressa Moco Musica Para Comerciais,,2016,depressa-moco-musica-para-comerciais.mp3,True,https://crookedtreerecords.bandcamp.com/album/m-sica-para-comerciais-curtas-metragens-outras-coisas,album,True,2
2016 - Dizzy Dinosaur - Maratona Etílica,dizzy-dinosaur-eu-quero-mesmo-e-falar,Maratona Etílica,Dizzy Dinosaur,2016,dizzy-dinosaur-eu-quero-mesmo-e-falar.mp3,True,https://dizzydinosaur.bandcamp.com,generic,True,2
2016 - Dom Pescoço - Temperar,02 Temperar,Temperar,Dom Pescoço,2016,02 Temperar.mp3,False,,none,True,2
2016 - dronedeus-dronedeus-2016,dronedeus-dronedeus-2016,dronedeus-2016,dronedeus,2016,dronedeus-dronedeus-2016.mp3,True,https://dronedeus.bandcamp.com,generic,True,2
2016 - duben-musica-fora-de-moda-2016,duben-musica-fora-de-moda-2016,musica-fora-de-moda-2016,duben,2016,duben-musica-fora-de-moda-2016.mp3,True,https://duben.bandcamp.com,generic,True,2
2016 - Dudu Foxx - Um Sample de Cada Dia,Dudu Foxx - Um Sample de Cada Dia (2016),Um Sample de Cada Dia,Dudu Foxx,2016,Dudu Foxx - Um Sample de Cada Dia (2016).mp3,False,,none,True,2
2016 - Dunas Descortinar Dos Seres,dunas-descortinar-dos-seres-2016,Dunas Descortinar Dos Seres,,2016,dunas-descortinar-dos-seres-2016.mp3,True,https://dunasbr.bandcamp.com,generic,True,2
2016 - Edifício Garagem - Carteiro,edificio-garagem-carteiro-2016,Carteiro,Edifício Garagem,2016,edificio-garagem-carteiro-2016.mp3,True,https://edificiogaragem.bandcamp.com,generic,True,2
"2016 - Electric Lo-Fi Seresta - XmaZzZ, Especial de Natal NapNap Records",coletanea-xmazzz-especial-de-natal,"Fi Seresta - XmaZzZ, Especial de Natal NapNap Records",Electric Lo,2016,coletanea-xmazzz-especial-de-natal.mp3,True,https://napnaprecords.bandcamp.com/album/xmazzz-especial-de-natal-napnap-records**](https://napnaprecords.bandcamp.com/album/xmazzz-especial-de-natal-napnap-records,album,True,2
2016 - electric-light-pulp-short-anwser-ep-2016,electric-light-pulp-short-anwser-ep-2016,light-pulp-short-anwser-ep-2016,electric,2016,electric-light-pulp-short-anwser-ep-2016.mp3,True,https://electriclightpulp.bandcamp.com,generic,True,2
2016 - Ema Stoned - Live from Aurora,ema-stoned-live-from-aurora-2016,Live from Aurora,Ema Stoned,2016,ema-stoned-live-from-aurora-2016.mp3,True,http://emastoned.bandcamp.com/album/live-from-aurora,album,True,2
2016 - eric-iozzi-voyage-2016,eric-iozzi-voyage-2016,iozzi-voyage-2016,eric,2016,eric-iozzi-voyage-2016.mp3,True,https://ericiozzi.bandcamp.com,generic,True,2
2016 - Erotic Travelers Erotic Travelers,erotic-travelers-erotic-travelers-2016,Erotic Travelers Erotic Travelers,,2016,erotic-travelers-erotic-travelers-2016.mp3,True,https://erotictravelers.bandcamp.com,generic,True,2
2016 - Errorama Todas As Coisas Que Eu Acho,errorama-todas-as-coisas-que-eu-acho,Errorama Todas As Coisas Que Eu Acho,,2016,errorama-todas-as-coisas-que-eu-acho.mp3,True,https://napnaprecords.bandcamp.com/album/todas-as-coisas-que-eu-acho-que-sei,album,True,2
2016 - Ethereal - Lotus,ethereal-continual-scarlet-2016,Lotus,Ethereal,2016,ethereal-continual-scarlet-2016.mp3,True,https://etherealmcz.bandcamp.com**](https://etherealmcz.bandcamp.com,generic,True,2
2016 - fabio-de-carvalho-sonho-de-cachorro-2016,fabio-de-carvalho-sonho-de-cachorro-2016,de-carvalho-sonho-de-cachorro-2016,fabio,2016,fabio-de-carvalho-sonho-de-cachorro-2016.mp3,True,https://fabiodecarvalho.bandcamp.com/**](https://fabiodecarvalho.bandcamp.com,generic,True,2
2016 - faded-waterfall-baby-blue-ep-2016,faded-waterfall-baby-blue-ep-2016,waterfall-baby-blue-ep-2016,faded,2016,faded-waterfall-baby-blue-ep-2016.mp3,True,https://fadedwaterfall.bandcamp.com,generic,True,2
2016 - Farol Cego Do Desespero Eu Fiz,farol-cego-do-desespero-eu-fiz,Farol Cego Do Desespero Eu Fiz,,2016,farol-cego-do-desespero-eu-fiz.mp3,True,https://farolcego.bandcamp.com,generic,True,2
2016 - Felipe Neiva - mEu EP ou À Vida e Seu Potencial Sarcástico Infinito,felipe-neiva-meu-ep-ou-vida-e-seu,mEu EP ou À Vida e Seu Potencial Sarcástico Infinito,Felipe Neiva,2016,felipe-neiva-meu-ep-ou-vida-e-seu.mp3,True,http://lixorecords.bandcamp.com/album/meu-ep-ou-vida-e-seu-potencial-sarc-stico-infinito,album,True,2
2016 - Felipe Neiva Meu Ep Ou Vida E Seu,felipe-neiva-meu-ep-ou-vida-e-seu,Felipe Neiva Meu Ep Ou Vida E Seu,,2016,felipe-neiva-meu-ep-ou-vida-e-seu.mp3,True,http://lixorecords.bandcamp.com/album/meu-ep-ou-vida-e-seu-potencial-sarc-stico-infinito,album,True,2
2016 - felipe-locks-psycho-depression-2016,felipe-locks-psycho-depression-2016,locks-psycho-depression-2016,felipe,2016,felipe-locks-psycho-depression-2016.mp3,True,https://felipelocks.bandcamp.com,generic,True,2
2016 - felipe-vaz-registro-do-ocio-2016,felipe-vaz-registro-do-ocio-2016,vaz-registro-do-ocio-2016,felipe,2016,felipe-vaz-registro-do-ocio-2016.mp3,True,https://felipevazsj.bandcamp.com](https://felipevazsj.bandcamp.com,generic,True,2
2016 - Fernanda Branco Polse - Bicho Branco Polse,fernanda-branco-polse-bicho-branco,Bicho Branco Polse,Fernanda Branco Polse,2016,fernanda-branco-polse-bicho-branco.mp3,True,https://bichobrancopolse.bandcamp.com,generic,True,2
2016 - floreosso-queimada-derretida-2016,floreosso-queimada-derretida-2016,queimada-derretida-2016,floreosso,2016,floreosso-queimada-derretida-2016.mp3,True,https://floreosso.bandcamp.com,generic,True,2
2016 - Gaax Senhor Da Ciencia,gaax-senhor-da-ciencia-2016,Gaax Senhor Da Ciencia,,2016,gaax-senhor-da-ciencia-2016.mp3,True,https://transfusaonoiserecords.bandcamp.com/album/senhor-da-ci-ncia,album,True,2
2016 - Gabriel Gaspar - Roy,gabriel-gaspar-lacos-2016,Roy,Gabriel Gaspar,2016,gabriel-gaspar-lacos-2016.mp3,True,https://eusouogaspar.bandcamp.com**](https://eusouogaspar.bandcamp.com,generic,True,2
2016 - gabriel-gaspar-roy-2016,gabriel-gaspar-roy-2016,gaspar-roy-2016,gabriel,2016,gabriel-gaspar-roy-2016.mp3,True,https://eusouogaspar.bandcamp.com,generic,True,2
2016 - Garfo Espamos,garfo-espamos-2016,Garfo Espamos,,2016,garfo-espamos-2016.mp3,True,https://garfo.bandcamp.com,generic,True,2
2016 - garfo-we-could-end-world-together-2016,garfo-we-could-end-world-together-2016,we-could-end-world-together-2016,garfo,2016,garfo-we-could-end-world-together-2016.mp3,True,https://garfo.bandcamp.com,generic,True,2
2016 - gio-quinas-2016,gio-quinas-2016,quinas-2016,gio,2016,gio-quinas-2016.mp3,True,https://giomusicbrazil.bandcamp.com,generic,True,2
2016 - God Pussy - Desaparecidos,god-pussy-desaparecidos-2016,Desaparecidos,God Pussy,2016,god-pussy-desaparecidos-2016.mp3,True,http://selomalware.bandcamp.com/album/desaparecidos,album,True,2
2016 - goldenloki-muda-2016,goldenloki-muda-2016,muda-2016,goldenloki,2016,goldenloki-muda-2016.mp3,True,https://goldenloki.bandcamp.com**](https://goldenloki.bandcamp.com,generic,True,2
2016 - gomalakka-la-em-cima-2016,gomalakka-la-em-cima-2016,la-em-cima-2016,gomalakka,2016,gomalakka-la-em-cima-2016.mp3,True,https://gomalakka.bandcamp.com**](https://gomalakka.bandcamp.com,generic,True,2
2016 - graxa-cancoes-de-protesto-2016,graxa-cancoes-de-protesto-2016,cancoes-de-protesto-2016,graxa,2016,graxa-cancoes-de-protesto-2016.mp3,True,https://graxa.bandcamp.com,generic,True,2
2016 - grena-azul-2016,grena-azul-2016,azul-2016,grena,2016,grena-azul-2016.mp3,True,https://bandagrena.bandcamp.com](https://bandagrena.bandcamp.com,generic,True,2
2016 - grito-swamp-thing-ep-2016,grito-swamp-thing-ep-2016,swamp-thing-ep-2016,grito,2016,grito-swamp-thing-ep-2016.mp3,True,https://gritoficial.bandcamp.com,generic,True,2
2016 - Gruta Rito,gruta-rito-2016,Gruta Rito,,2016,gruta-rito-2016.mp3,True,http://brava.bandcamp.com/album/rito,album,True,2
2016 - Guilherme Darisbo Uira Dos Reis Thelmo,guilherme-darisbo-uira-dos-reis-thelmo,Guilherme Darisbo Uira Dos Reis Thelmo,,2016,guilherme-darisbo-uira-dos-reis-thelmo.mp3,True,http://thelmocristovam.bandcamp.com/album/da-educa-o-pela-pedra,album,True,2
2016 - Guizado - Guizadorbital,guizadorbital-guizadorbital-2016,Guizadorbital,Guizado,2016,guizadorbital-guizadorbital-2016.mp3,True,https://guizado.bandcamp.com,generic,True,2
2016 - Guizadorbital Guizadorbital,guizadorbital-guizadorbital-2016,Guizadorbital Guizadorbital,,2016,guizadorbital-guizadorbital-2016.mp3,True,https://guizado.bandcamp.com,generic,True,2
2016 - hanging-freud-motherland-2016,hanging-freud-motherland-2016,freud-motherland-2016,hanging,2016,hanging-freud-motherland-2016.mp3,True,,none,True,2
2016 - hateyourmusic - chá de morango e melão,hateyourmusic-cha-de-morango-e-melao,chá de morango e melão,hateyourmusic,2016,hateyourmusic-cha-de-morango-e-melao.mp3,True,https://fiascorecordspb.bandcamp.com/album/ch-de-morango-e-mel-o,album,True,2
2016 - Her Os Azuis Que Escorrem Dos Predios,her-os-azuis-que-escorrem-dos-predios,Her Os Azuis Que Escorrem Dos Predios,,2016,her-os-azuis-que-escorrem-dos-predios.mp3,True,https://herprojeto.bandcamp.com,generic,True,2
2016 - Hotel Dolores - Hotel Dolores - EP,hotel-dolores-hotel-dolores-ep-2016,Hotel Dolores - EP,Hotel Dolores,2016,hotel-dolores-hotel-dolores-ep-2016.mp3,True,https://hoteldolores.bandcamp.com,generic,True,2
2016 - Hronir Massacre De Golfinhos Em Taiji,hronir-massacre-de-golfinhos-em-taiji,Hronir Massacre De Golfinhos Em Taiji,,2016,hronir-massacre-de-golfinhos-em-taiji.mp3,True,https://estranhasocupacoes.bandcamp.com/album/massacre-de-golfinhos-em-taiji,album,True,2
2016 - hugo-dos-santos-hugo-dos-santos-2016,hugo-dos-santos-hugo-dos-santos-2016,dos-santos-hugo-dos-santos-2016,hugo,2016,hugo-dos-santos-hugo-dos-santos-2016.mp3,True,https://hugodossantos.bandcamp.com,generic,True,2
2016 - inputoutput-2016-2017,inputoutput-2016-2017,2016-2017,inputoutput,2016,inputoutput-2016-2017.mp3,True,https://inputoutput.bandcamp.com,generic,True,2
2016 - Isaac Magalhaes O - O mundo tem a cor dos seus olhos,isaac-magalhaes-o-mundo-tem-cor-dos,O mundo tem a cor dos seus olhos,Isaac Magalhaes O,2016,isaac-magalhaes-o-mundo-tem-cor-dos.mp3,True,https://isaacmagalhaes.bandcamp.com,generic,True,2
2016 - Jagsax Nas Ruas Do Deserto Da Selva E,jagsax-nas-ruas-do-deserto-da-selva-e,Jagsax Nas Ruas Do Deserto Da Selva E,,2016,jagsax-nas-ruas-do-deserto-da-selva-e.mp3,True,https://bananarecords.bandcamp.com/album/nas-ruas-do-deserto-da-selva-e-do-sert-o**](https://bananarecords.bandcamp.com/album/nas-ruas-do-deserto-da-selva-e-do-sert-o,album,True,2
2016 - jan-felipe-fuga-2016,jan-felipe-fuga-2016,felipe-fuga-2016,jan,2016,jan-felipe-fuga-2016.mp3,True,https://janfelipe.bandcamp.com**](https://janfelipe.bandcamp.com,generic,True,2
2016 - Joao Cassiano - Nomade Riddim Volume 08,joao-cassiano-nomade-riddim-volume-08,Nomade Riddim Volume 08,Joao Cassiano,2016,joao-cassiano-nomade-riddim-volume-08.mp3,True,https://nomaderiddim.bandcamp.com,generic,True,2
2016 - joao-2016,joao-2016,2016,joao,2016,joao-2016.mp3,True,https://umjoao.bandcamp.com,generic,True,2
2016 - joao-mais-uma-historia-de-amor-2016,joao-mais-uma-historia-de-amor-2016,mais-uma-historia-de-amor-2016,joao,2016,joao-mais-uma-historia-de-amor-2016.mp3,True,https://umjoao.bandcamp.com,generic,True,2
2016 - joao-rosa-faulha-2016,joao-rosa-faulha-2016,rosa-faulha-2016,joao,2016,joao-rosa-faulha-2016.mp3,True,https://joaorosa.bandcamp.com,generic,True,2
2016 - jonatas-onofre-ermo-2016,jonatas-onofre-ermo-2016,onofre-ermo-2016,jonatas,2016,jonatas-onofre-ermo-2016.mp3,True,https://jonatasonofre.bandcamp.com,generic,True,2
2016 - jonatas-onofre-tzu-2016,jonatas-onofre-tzu-2016,onofre-tzu-2016,jonatas,2016,jonatas-onofre-tzu-2016.mp3,True,https://jonatasonofre.bandcamp.com,generic,True,2
2016 - Jonathan Tadeu Queda Livre,jonathan-tadeu-queda-livre-2016,Jonathan Tadeu Queda Livre,,2016,jonathan-tadeu-queda-livre-2016.mp3,True,https://jonathantadeu.bandcamp.com,generic,True,2
2016 - Jp Cardoso Submarine Dreams,jp-cardoso-submarine-dreams-2016,Jp Cardoso Submarine Dreams,,2016,jp-cardoso-submarine-dreams-2016.mp3,True,https://jpcardoso.bandcamp.com**](https://jpcardoso.bandcamp.com,generic,True,2
2016 - Jujs - mini coletânea de demos da jujs,jujs-mini-coletanea-de-demos-da-jujs,mini coletânea de demos da jujs,Jujs,2016,jujs-mini-coletanea-de-demos-da-jujs.mp3,True,https://jujs.bandcamp.com**](https://jujs.bandcamp.com,generic,True,2
2016 - Kalouv - Planar Sobre o Invisível,Kalouv - Peixe Voador,Planar Sobre o Invisível,Kalouv,2016,Kalouv - Peixe Voador.mp3,False,,none,True,2
2016 - kiitos-obrigado-2016,kiitos-obrigado-2016,obrigado-2016,kiitos,2016,kiitos-obrigado-2016.mp3,True,https://kiitos.bandcamp.com,generic,True,2
2016 - killing-surfers-you-never-cared-2016,killing-surfers-you-never-cared-2016,surfers-you-never-cared-2016,killing,2016,killing-surfers-you-never-cared-2016.mp3,True,https://killingsurfers.bandcamp.com,generic,True,2
2016 - Kinah Hamilton - eu não consegui e to feliz,kinah-hamilton-eu-nao-consegui-e-to,eu não consegui e to feliz,Kinah Hamilton,2016,kinah-hamilton-eu-nao-consegui-e-to.mp3,True,https://propositorecs.bandcamp.com/album/eu-n-o-consegui-e-to-feliz,album,True,2
2016 - kovtun-o-homem-e-morte-2016,kovtun-o-homem-e-morte-2016,o-homem-e-morte-2016,kovtun,2016,kovtun-o-homem-e-morte-2016.mp3,True,https://kovtun.bandcamp.com,generic,True,2
2016 - Krokodil - PRINCÍPIOS DO AUTOCONHECIMENTO OBSTRUÍDO,krokodil-principios-do-autoconhecimento,PRINCÍPIOS DO AUTOCONHECIMENTO OBSTRUÍDO,Krokodil,2016,krokodil-principios-do-autoconhecimento.mp3,True,https://krokodilbr.bandcamp.com,generic,True,2
2016 - Laia Gaiatta Vaia Ep,laia-gaiatta-vaia-ep-2016,Laia Gaiatta Vaia Ep,,2016,laia-gaiatta-vaia-ep-2016.mp3,True,https://laiagaiatta.bandcamp.com/album/vaia-ep,album,True,2
2016 - Lanca - Roda,lanca-roda-2016,Roda,Lanca,2016,lanca-roda-2016.mp3,True,https://selonetlabel.bandcamp.com/album/lanca-roda**](https://selonetlabel.bandcamp.com/album/lanca-roda,album,True,2
2016 - lanca-roda-2016,lanca-roda-2016,roda-2016,lanca,2016,lanca-roda-2016.mp3,True,https://selonetlabel.bandcamp.com/album/lanca-roda**](https://selonetlabel.bandcamp.com/album/lanca-roda,album,True,2
2016 - literal-farewell-record-2016,literal-farewell-record-2016,farewell-record-2016,literal,2016,literal-farewell-record-2016.mp3,True,https://literaltrio.bandcamp.com,generic,True,2
2016 - Llovni Doce Vida Demos Remixes,llovni-doce-vida-demos-remixes-2016,Llovni Doce Vida Demos Remixes,,2016,llovni-doce-vida-demos-remixes-2016.mp3,True,https://llovni.bandcamp.com/album/doce-vida-demos-remixes,album,True,2
2016 - loladeli-caravan-2016,loladeli-caravan-2016,caravan-2016,loladeli,2016,loladeli-caravan-2016.mp3,True,https://loladeli.bandcamp.com,generic,True,2
2016 - los-volks-luna-2016,los-volks-luna-2016,volks-luna-2016,los,2016,los-volks-luna-2016.mp3,True,https://losvolks.bandcamp.com**](https://losvolks.bandcamp.com,generic,True,2
2016 - los-volks-suburbanos-em-crise-2016,los-volks-suburbanos-em-crise-2016,volks-suburbanos-em-crise-2016,los,2016,los-volks-suburbanos-em-crise-2016.mp3,True,https://losvolks.bandcamp.com,generic,True,2
2016 - losodiva-por-entre-abismos-2016,losodiva-por-entre-abismos-2016,por-entre-abismos-2016,losodiva,2016,losodiva-por-entre-abismos-2016.mp3,True,https://losodiva.bandcamp.com,generic,True,2
2016 - luan-bates-listen-up-mates-ep-2016,luan-bates-listen-up-mates-ep-2016,bates-listen-up-mates-ep-2016,luan,2016,luan-bates-listen-up-mates-ep-2016.mp3,True,https://luanbates.bandcamp.com/**](https://luanbates.bandcamp.com,generic,True,2
2016 - lucas-peixoto-tres-e-meia-da-tarde-2016,lucas-peixoto-tres-e-meia-da-tarde-2016,peixoto-tres-e-meia-da-tarde-2016,lucas,2016,lucas-peixoto-tres-e-meia-da-tarde-2016.mp3,True,https://lucaspeixoto.bandcamp.com,generic,True,2
2016 - Luisa E Os Alquimistas Cobra Coral,luisa-e-os-alquimistas-cobra-coral-2016,Luisa E Os Alquimistas Cobra Coral,,2016,luisa-e-os-alquimistas-cobra-coral-2016.mp3,True,https://luisaeosalquimistas.bandcamp.com,generic,True,2
2016 - Lê Almeida - Mantra Happening,le-almeida-mantra-happening-2016,Mantra Happening,Lê Almeida,2016,le-almeida-mantra-happening-2016.mp3,True,http://lealmeida.bandcamp.com/album/mantra-happening,album,True,2
2016 - m-o-o-n-s-songs-of-wood-fire-2016,m-o-o-n-s-songs-of-wood-fire-2016,o-o-n-s-songs-of-wood-fire-2016,m,2016,m-o-o-n-s-songs-of-wood-fire-2016.mp3,True,https://listentomoons.bandcamp.com/**](https://listentomoons.bandcamp.com,generic,True,2
2016 - mario-alencar-addicted-lovers-2016,mario-alencar-addicted-lovers-2016,alencar-addicted-lovers-2016,mario,2016,mario-alencar-addicted-lovers-2016.mp3,True,https://polidorodiscos.bandcamp.com/album/addicted-lovers-2,album,True,2
2016 - Maré - Queria respirar fumaça (EP),mare-queria-respirar-fumaca-ep-2016,Queria respirar fumaça (EP),Maré,2016,mare-queria-respirar-fumaca-ep-2016.mp3,True,https://saudaderecords.bandcamp.com/album/queria-respirar-fuma-a-ep,album,True,2
2016 - Max Henrique Traco,max-henrique-traco-2014,Max Henrique Traco,,2016,max-henrique-traco-2014.mp3,True,https://maxhenrique.bandcamp.com,generic,True,2
2016 - melies-goodnight-sleep-well-2016,melies-goodnight-sleep-well-2016,goodnight-sleep-well-2016,melies,2016,melies-goodnight-sleep-well-2016.mp3,True,https://melies.bandcamp.com](https://melies.bandcamp.com,generic,True,2
2016 - Melinna Enquanto Nao Durmo O Dia E O,melinna-enquanto-nao-durmo-o-dia-e-o,Melinna Enquanto Nao Durmo O Dia E O,,2016,melinna-enquanto-nao-durmo-o-dia-e-o.mp3,True,https://transtorninhorecords.bandcamp.com/album/enquanto-nao-durmo-o-dia-o-mesmo,album,True,2
2016 - melinna-pedras-no-sutia-2016,melinna-pedras-no-sutia-2016,pedras-no-sutia-2016,melinna,2016,melinna-pedras-no-sutia-2016.mp3,True,https://melinna.bandcamp.com,generic,True,2
2016 - Memorial - Angústias Trazidas Para Casa,memorial-angustias-trazidas-para-casa,Angústias Trazidas Para Casa,Memorial,2016,memorial-angustias-trazidas-para-casa.mp3,True,https://memorialcwb.bandcamp.com,generic,True,2
2016 - Mente Podre - Minha Existência Foi Destruída,mente-podre-minha-existencia-foi,Minha Existência Foi Destruída,Mente Podre,2016,mente-podre-minha-existencia-foi.mp3,True,https://mentepodrepowerviolence.bandcamp.com,generic,True,2
2016 - Mesa De Centro - História de uma vida (até aqui),mesa-de-centro-historia-de-uma-vida-ate,História de uma vida (até aqui),Mesa De Centro,2016,mesa-de-centro-historia-de-uma-vida-ate.mp3,True,https://mesadecentro.bandcamp.com,generic,True,2
2016 - Microndas Melantropico,microndas-melantropico-2016,Microndas Melantropico,,2016,microndas-melantropico-2016.mp3,True,http://transfusaonoiserecords.bandcamp.com/album/melantr-pico,album,True,2
2016 - mirantes-ligamento-2016,mirantes-ligamento-2016,ligamento-2016,mirantes,2016,mirantes-ligamento-2016.mp3,True,https://mirantes3.bandcamp.com/**](https://mirantes3.bandcamp.com,generic,True,2
2016 - modulabo records - Superinstrumental Vol. I,superinstrumental-superinstrumental,Superinstrumental Vol. I,modulabo records,2016,superinstrumental-superinstrumental.mp3,True,https://modulaborecords.bandcamp.com/album/superinstrumental-vol-1**](https://modulaborecords.bandcamp.com/album/superinstrumental-vol-1,album,True,2
2016 - Modulares Modulares Ep,modulares-modulares-ep-2016,Modulares Modulares Ep,,2016,modulares-modulares-ep-2016.mp3,True,http://modulares.bandcamp.com/album/modulares-ep,album,True,2
2016 - molodoys-tropicaos-2016,molodoys-tropicaos-2016,tropicaos-2016,molodoys,2016,molodoys-tropicaos-2016.mp3,True,https://molodoys.bandcamp.com](https://molodoys.bandcamp.com,generic,True,2
2016 - Monomotores Monomotores,monomotores-monomotores-2016,Monomotores Monomotores,,2016,monomotores-monomotores-2016.mp3,True,https://monomotores.bandcamp.com,generic,True,2
2016 - monophonia-monophonia-2016,monophonia-monophonia-2016,monophonia-2016,monophonia,2016,monophonia-monophonia-2016.mp3,True,https://distopia.bandcamp.com/album/monophonia**](https://distopia.bandcamp.com/album/monophonia,album,True,2
2016 - montecura-montecura-ep-2016,montecura-montecura-ep-2016,montecura-ep-2016,montecura,2016,montecura-montecura-ep-2016.mp3,True,https://montecura.bandcamp.com/**](https://montecura.bandcamp.com,generic,True,2
2016 - morena morena - Como uma Bússola Orbitando um Espaço Vazio,morena-morena-como-uma-bussola,Como uma Bússola Orbitando um Espaço Vazio,morena morena,2016,morena-morena-como-uma-bussola.mp3,True,http://seloacasa.bandcamp.com/album/como-uma-b-ssola-orbitando-um-espa-o-vazio,album,True,2
2016 - Muepetmo - You Can't Make Sense Out of It,muepetmo-you-cant-make-sense-out-of-it,You Can't Make Sense Out of It,Muepetmo,2016,muepetmo-you-cant-make-sense-out-of-it.mp3,True,https://muepetmo.bandcamp.com,generic,True,2
2016 - mundo-movedico-culpado-2016,mundo-movedico-culpado-2016,movedico-culpado-2016,mundo,2016,mundo-movedico-culpado-2016.mp3,True,https://mundomovedico.bandcamp.com,generic,True,2
2016 - Munoz Smokestack,munoz-smokestack-2016,Munoz Smokestack,,2016,munoz-smokestack-2016.mp3,True,https://munoz.bandcamp.com,generic,True,2
2016 - N O P P U L S E N O P P U L S E,n-o-p-p-u-l-s-e-n-o-p-p-u-l-s-e-2016,N O P P U L S E N O P P U L S E,,2016,n-o-p-p-u-l-s-e-n-o-p-p-u-l-s-e-2016.mp3,True,http://noppulse.bandcamp.com/album/n-o-p-p-u-l-s-e,album,True,2
2016 - NADA045 - RAKTA - Intenção 7,rakta-intencao-7-2016,RAKTA - Intenção 7,NADA045,2016,rakta-intencao-7-2016.mp3,True,http://nadanadadiscos.bandcamp.com/album/rakta-inten-o-7,album,True,2
2016 - Naked Drivers - Hot like a fever!,naked-drivers-hot-like-fever-2016,Hot like a fever!,Naked Drivers,2016,naked-drivers-hot-like-fever-2016.mp3,True,https://nakeddrivers.bandcamp.com,generic,True,2
2016 - NALESCA MANTEGA - s t,nalesca-mantega-nalesca-mantega-2016,s t,NALESCA MANTEGA,2016,nalesca-mantega-nalesca-mantega-2016.mp3,True,http://mnth.bandcamp.com/album/nalesca-mantega,album,True,2
2016 - Navesharris Immaculate Sinners Sleep,navesharris-immaculate-sinners-sleep,Navesharris Immaculate Sinners Sleep,,2016,navesharris-immaculate-sinners-sleep.mp3,True,https://navesharris.bandcamp.com,generic,True,2
2016 - Necro - Viajor (Single),necronomicon-queen-of-death-2012,Viajor (Single),Necro,2016,necronomicon-queen-of-death-2012.mp3,True,https://necronomicon.bandcamp.com,generic,True,2
2016 - nosso-querido-figueiredo-dragoes-ep-2016,nosso-querido-figueiredo-dragoes-ep-2016,querido-figueiredo-dragoes-ep-2016,nosso,2016,nosso-querido-figueiredo-dragoes-ep-2016.mp3,True,https://nossoquerido.bandcamp.com,generic,True,2
2016 - nvblado-agua-rosa-2016,nvblado-agua-rosa-2016,agua-rosa-2016,nvblado,2016,nvblado-agua-rosa-2016.mp3,True,https://nvblado.bandcamp.com,generic,True,2
2016 - O Mar Cobrindo O Sol Nao O Suficiente,o-mar-cobrindo-o-sol-nao-o-suficiente,O Mar Cobrindo O Sol Nao O Suficiente,,2016,o-mar-cobrindo-o-sol-nao-o-suficiente.mp3,True,https://salitrerecords.bandcamp.com/album/n-o-o-suficiente**](https://salitrerecords.bandcamp.com/album/n-o-o-suficiente,album,True,2
2016 - Obasquiat and Dancing Deadlips in Free Sonic Explorations - The Mindness,obasquiat-and-dancing-deadlips-in-free,The Mindness,Obasquiat and Dancing Deadlips in Free Sonic Explorations,2016,obasquiat-and-dancing-deadlips-in-free.mp3,True,https://obasquiat-dancing-deadlips.bandcamp.com/album/the-mindness,album,True,2
2016 - Obasquiat Future Is Black Past And,obasquiat-future-is-black-past-and,Obasquiat Future Is Black Past And,,2016,obasquiat-future-is-black-past-and.mp3,True,https://obasquiatofficial.bandcamp.com,generic,True,2
2016 - oldscratch-padroes-de-conserva-2016,oldscratch-padroes-de-conserva-2016,padroes-de-conserva-2016,oldscratch,2016,oldscratch-padroes-de-conserva-2016.mp3,True,https://oldscratchband.bandcamp.com,generic,True,2
2016 - Omar Ermo,omar-ermo-2016,Omar Ermo,,2016,omar-ermo-2016.mp3,True,https://lixorecords.bandcamp.com/album/ermo**](https://lixorecords.bandcamp.com/album/ermo,album,True,2
2016 - Omsa - Orelhas de Macaco em Solução Aquosa,omsa-orelhas-de-macaco-em-solucao,Orelhas de Macaco em Solução Aquosa,Omsa,2016,omsa-orelhas-de-macaco-em-solucao.mp3,True,https://omsa.bandcamp.com](https://omsa.bandcamp.com,generic,True,2
2016 - orchestra-binaria-ep02-2016,orchestra-binaria-ep02-2016,binaria-ep02-2016,orchestra,2016,orchestra-binaria-ep02-2016.mp3,True,https://orchestrabinaria.bandcamp.com**](https://orchestrabinaria.bandcamp.com,generic,True,2
2016 - os-camelos-ampulheta-2016,os-camelos-ampulheta-2016,camelos-ampulheta-2016,os,2016,os-camelos-ampulheta-2016.mp3,True,https://oscamelosduo.bandcamp.com,generic,True,2
2016 - os-torto-trombeta-2016,os-torto-trombeta-2016,torto-trombeta-2016,os,2016,os-torto-trombeta-2016.mp3,True,https://ostorto.bandcamp.com,generic,True,2
2016 - ourang-medan-lords-of-eternal-seas-2016,ourang-medan-lords-of-eternal-seas-2016,medan-lords-of-eternal-seas-2016,ourang,2016,ourang-medan-lords-of-eternal-seas-2016.mp3,True,https://ourangmedan.bandcamp.com](https://ourangmedan.bandcamp.com,generic,True,2
2016 - Pantomime Jazz - [1997-2006 YEARS]... Fingers,pantomime-jazz-fingers-2016,[1997-2006 YEARS]... Fingers,Pantomime Jazz,2016,pantomime-jazz-fingers-2016.mp3,True,https://pantomimejazz.bandcamp.com/album/fingers,album,True,2
2016 - paola-rodrigues-wifi-2016,paola-rodrigues-wifi-2016,rodrigues-wifi-2016,paola,2016,paola-rodrigues-wifi-2016.mp3,True,https://paolarodrigues.bandcamp.com/**](https://paolarodrigues.bandcamp.com,generic,True,2
2016 - papisa-papisa-2016,papisa-papisa-2016,papisa-2016,papisa,2016,papisa-papisa-2016.mp3,True,,none,True,2
2016 - Pedras Arranjos Do Que Sobrou Depois Do,pedras-arranjos-do-que-sobrou-depois-do,Pedras Arranjos Do Que Sobrou Depois Do,,2016,pedras-arranjos-do-que-sobrou-depois-do.mp3,True,https://pedras.bandcamp.com,generic,True,2
2016 - Pelos Paraiso Perdido Nos Bolsos,pelos-paraiso-perdido-nos-bolsos-2016,Pelos Paraiso Perdido Nos Bolsos,,2016,pelos-paraiso-perdido-nos-bolsos-2016.mp3,True,https://pelos.bandcamp.com,generic,True,2
2016 - Peter Power - Awake Into Life,peter-power-friends-awake-into-life-2016,Awake Into Life,Peter Power,2016,peter-power-friends-awake-into-life-2016.mp3,True,http://ufordia.bandcamp.com/album/awake-into-life,album,True,2
2016 - Phantom Pain,cadu-tenorio-rimming-compilation,Phantom Pain,,2016,cadu-tenorio-rimming-compilation.mp3,True,https://cadutenorio.bandcamp.com,generic,True,2
"2016 - Plastico Tangerina - Myselfie (ou ""A sociedade do espelho"")",plastico-tangerina-myselfie-ou,"Myselfie (ou ""A sociedade do espelho"")",Plastico Tangerina,2016,plastico-tangerina-myselfie-ou.mp3,True,https://plasticotangerina.bandcamp.com,generic,True,2
2016 - pollux-castor-efemeride-2016,pollux-castor-efemeride-2016,castor-efemeride-2016,pollux,2016,pollux-castor-efemeride-2016.mp3,True,https://polluxecastor.bandcamp.com,generic,True,2
2016 - Pormenores Coisas Nao Ditas,pormenores-coisas-nao-ditas-2016,Pormenores Coisas Nao Ditas,,2016,pormenores-coisas-nao-ditas-2016.mp3,True,http://crookedtreerecords.bandcamp.com/album/coisas-n-o-ditas**](http://crookedtreerecords.bandcamp.com/album/coisas-n-o-ditas,album,True,2
2016 - Porreria - Depression And Others Demons,porreria-depression-and-others-demons,Depression And Others Demons,Porreria,2016,porreria-depression-and-others-demons.mp3,True,https://gabirurecords.bandcamp.com/album/depression-and-others-demons**](https://gabirurecords.bandcamp.com/album/depression-and-others-demons,album,True,2
2016 - Pratagy Pictures,pratagy-pictures-2016,Pratagy Pictures,,2016,pratagy-pictures-2016.mp3,True,http://pratagy.bandcamp.com/album/pictures,album,True,2
2016 - preto-organismo-2016,preto-organismo-2016,organismo-2016,preto,2016,preto-organismo-2016.mp3,True,https://preto.bandcamp.com,generic,True,2
2016 - Puta B​.​O​.​C​.​A. Santa,reverendo-t-os-discipulos-descrentes,Puta B​.​O​.​C​.​A. Santa,,2016,reverendo-t-os-discipulos-descrentes.mp3,True,https://reverendot.bandcamp.com,generic,True,2
2016 - Quarup - Quarup,quarup-quarup-2016,Quarup,Quarup,2016,quarup-quarup-2016.mp3,True,https://quarup.bandcamp.com/album/quarup,album,True,2
2016 - Quarup Quarup,quarup-quarup-2016,Quarup Quarup,,2016,quarup-quarup-2016.mp3,True,https://quarup.bandcamp.com/album/quarup,album,True,2
2016 - raca-saboroso-2016,raca-saboroso-2016,saboroso-2016,raca,2016,raca-saboroso-2016.mp3,True,https://bandaraca.bandcamp.com,generic,True,2
2016 - Rakta - III,01 Raiz Forte,III,Rakta,2016,01 Raiz Forte.mp3,False,,none,True,2
2016 - Raphael Dias - Chá das 3,raphael-dias-cha-das-3-2016,Chá das 3,Raphael Dias,2016,raphael-dias-cha-das-3-2016.mp3,True,https://selinhorecords.bandcamp.com/album/ch-das-3**](https://selinhorecords.bandcamp.com/album/ch-das-3,album,True,2
2016 - Raça - Saboroso,raca-saude-2019,Saboroso,Raça,2016,raca-saude-2019.mp3,True,https://bandaraca.bandcamp.com,generic,True,2
2016 - Reiketsu - Reiketsu - Ao Vivo - Pé de Macaco,Reiketsu - Bootleg P‚ de Macaco,Reiketsu - Ao Vivo - Pé de Macaco,Reiketsu,2016,Reiketsu - Bootleg P‚ de Macaco.mp3,False,,none,True,2
2016 - reiner-filho-da-nuvem-2016,reiner-filho-da-nuvem-2016,filho-da-nuvem-2016,reiner,2016,reiner-filho-da-nuvem-2016.mp3,True,https://reinermusica.bandcamp.com,generic,True,2
2016 - Remisterio Hey John,remisterio-hey-john-2016,Remisterio Hey John,,2016,remisterio-hey-john-2016.mp3,True,https://remisterioofficial.bandcamp.com,generic,True,2
2016 - republica-popular-lis-2016,republica-popular-lis-2016,popular-lis-2016,republica,2016,republica-popular-lis-2016.mp3,True,,none,True,2
2016 - rg-noise-city-existir-desistir-2016,rg-noise-city-existir-desistir-2016,noise-city-existir-desistir-2016,rg,2016,rg-noise-city-existir-desistir-2016.mp3,True,https://rgnoisecity.bandcamp.com,generic,True,2
2016 - rio-sem-nome-rio-sem-nome-2016,rio-sem-nome-rio-sem-nome-2016,sem-nome-rio-sem-nome-2016,rio,2016,rio-sem-nome-rio-sem-nome-2016.mp3,True,https://riosemnome.bandcamp.com**](https://riosemnome.bandcamp.com,generic,True,2
2016 - rios-voadores-rios-voadores-2016,rios-voadores-rios-voadores-2016,voadores-rios-voadores-2016,rios,2016,rios-voadores-rios-voadores-2016.mp3,True,https://riosvoadores.bandcamp.com,generic,True,2
2016 - ruspo-dourados-2016,ruspo-dourados-2016,dourados-2016,ruspo,2016,ruspo-dourados-2016.mp3,True,https://ruspo.bandcamp.com/**](https://ruspo.bandcamp.com,generic,True,2
2016 - sacripantas-e-rotundos-desalento-2016,sacripantas-e-rotundos-desalento-2016,e-rotundos-desalento-2016,sacripantas,2016,sacripantas-e-rotundos-desalento-2016.mp3,True,https://sacripantaserotundos.bandcamp.com,generic,True,2
2016 - Santos Suor,santos-suor-2016,Santos Suor,,2016,santos-suor-2016.mp3,True,http://lixorecords.bandcamp.com/album/suor**](http://lixorecords.bandcamp.com/album/suor,album,True,2
2016 - Sci Fi Sci Fi,sci-fi-sci-fi-2016,Sci Fi Sci Fi,,2016,sci-fi-sci-fi-2016.mp3,True,https://midsummermadness.bandcamp.com/album/sci-fi**](https://midsummermadness.bandcamp.com/album/sci-fi,album,True,2
2016 - See More Glass Project - Esperando por Ela,see-more-glass-project-esperando-por,Esperando por Ela,See More Glass Project,2016,see-more-glass-project-esperando-por.mp3,True,https://seemoreglassproject.bandcamp.com,generic,True,2
2016 - Semente de Maçã - Semente de Maçã EP,semente-de-maca-semente-de-maca-ep-2016,Semente de Maçã EP,Semente de Maçã,2016,semente-de-maca-semente-de-maca-ep-2016.mp3,True,https://sementedemaca.bandcamp.com/album/semente-de-ma-ep,album,True,2
2016 - sertao-sangrento-vidas-secas-ep-2016,sertao-sangrento-vidas-secas-ep-2016,sangrento-vidas-secas-ep-2016,sertao,2016,sertao-sangrento-vidas-secas-ep-2016.mp3,True,https://sertaosangrento.bandcamp.com,generic,True,2
2016 - seu-ninguem-arrojo-ep-2016,seu-ninguem-arrojo-ep-2016,ninguem-arrojo-ep-2016,seu,2016,seu-ninguem-arrojo-ep-2016.mp3,True,https://seuninguem.bandcamp.com](https://seuninguem.bandcamp.com,generic,True,2
2016 - sistilho - vigília EP,sistilho-vigilia-ep-2017,vigília EP,sistilho,2016,sistilho-vigilia-ep-2017.mp3,True,https://sistilho.bandcamp.com/album/vig-lia-ep,album,True,2
2016 - sketchquiet-all-is-empty-and-silent-2016,sketchquiet-all-is-empty-and-silent-2016,all-is-empty-and-silent-2016,sketchquiet,2016,sketchquiet-all-is-empty-and-silent-2016.mp3,True,https://sketchquiet.bandcamp.com**](https://sketchquiet.bandcamp.com,generic,True,2
2016 - sketchquiet-denso-iii-2016,sketchquiet-denso-iii-2016,denso-iii-2016,sketchquiet,2016,sketchquiet-denso-iii-2016.mp3,True,https://sketchquiet.bandcamp.com,generic,True,2
2016 - soulza-sortilegio-2016,soulza-sortilegio-2016,sortilegio-2016,soulza,2016,soulza-sortilegio-2016.mp3,True,,none,True,2
2016 - Stone Breeze Stone Breeze,stone-breeze-stone-breeze-2016,Stone Breeze Stone Breeze,,2016,stone-breeze-stone-breeze-2016.mp3,True,https://stonebreeze.bandcamp.com,generic,True,2
2016 - Stupid Planet Behind Sun - I GOT NO PLANS,stupid-planet-behind-sun-i-got-no-plans,I GOT NO PLANS,Stupid Planet Behind Sun,2016,stupid-planet-behind-sun-i-got-no-plans.mp3,True,,none,True,2
2016 - SUPERBAD - Que Fase,superbad-superbad-2015,Que Fase,SUPERBAD,2016,superbad-superbad-2015.mp3,True,https://superbadhardcore.bandcamp.com,generic,True,2
2016 - teach-me-tiger-two-sides-2016,teach-me-tiger-two-sides-2016,me-tiger-two-sides-2016,teach,2016,teach-me-tiger-two-sides-2016.mp3,True,https://teachmetiger.bandcamp.com**](https://teachmetiger.bandcamp.com,generic,True,2
2016 - Tendre - Guia Prático Contra o Bloqueio Criativo,tendre-guia-pratico-contra-o-bloqueio,Guia Prático Contra o Bloqueio Criativo,Tendre,2016,tendre-guia-pratico-contra-o-bloqueio.mp3,True,https://tendremusic.bandcamp.com,generic,True,2
2016 - The Alchemists - Split c Parte Cinza,the-alchemists-sunny-days-2012,Split c Parte Cinza,The Alchemists,2016,the-alchemists-sunny-days-2012.mp3,True,https://thealchemists.bandcamp.com,generic,True,2
2016 - The Cigarettes All Is Well,the-cigarettes-all-is-well-2005,The Cigarettes All Is Well,,2016,the-cigarettes-all-is-well-2005.mp3,True,http://impossiblecrush.bandcamp.com/album/all-is-well,album,True,2
2016 - the-fray-paral-noid-universe-2016,the-fray-paral-noid-universe-2016,fray-paral-noid-universe-2016,the,2016,the-fray-paral-noid-universe-2016.mp3,True,https://the-f-ray.bandcamp.com,generic,True,2
2016 - Theuzitz Peso Das Coisas,theuzitz-peso-das-coisas-2016,Theuzitz Peso Das Coisas,,2016,theuzitz-peso-das-coisas-2016.mp3,True,https://bananarecords.bandcamp.com/album/peso-das-coisas**](https://bananarecords.bandcamp.com/album/peso-das-coisas,album,True,2
2016 - tokyo-savannah-straight-to-heavy-2016,tokyo-savannah-straight-to-heavy-2016,savannah-straight-to-heavy-2016,tokyo,2016,tokyo-savannah-straight-to-heavy-2016.mp3,True,https://tokyosavannah.bandcamp.com,generic,True,2
2016 - tomodachi-ghost-world-2016,tomodachi-ghost-world-2016,ghost-world-2016,tomodachi,2016,tomodachi-ghost-world-2016.mp3,True,https://tmdch.bandcamp.com,generic,True,2
2016 - Torres De Mello Quem Sabe,torres-de-mello-quem-sabe-2016,Torres De Mello Quem Sabe,,2016,torres-de-mello-quem-sabe-2016.mp3,True,https://torresdemello.bandcamp.com/**](https://torresdemello.bandcamp.com,generic,True,2
2016 - Trompa - Trompa Se Apresenta: Trompístas Vão Ao Banco,trompa-trompa-se-apresenta-trompistas,Trompa Se Apresenta: Trompístas Vão Ao Banco,Trompa,2016,trompa-trompa-se-apresenta-trompistas.mp3,True,https://trompa.bandcamp.com,generic,True,2
2016 - Tropical Doom - Mangue,tropical-doom-tropical-doom-2015,Mangue,Tropical Doom,2016,tropical-doom-tropical-doom-2015.mp3,True,https://tropicaldoom.bandcamp.com/album/tropical-doom,album,True,2
2016 - umno-o-cais-2016,umno-o-cais-2016,o-cais-2016,umno,2016,umno-o-cais-2016.mp3,True,https://umno.bandcamp.com**](https://umno.bandcamp.com,generic,True,2
2016 - varios-artistas-split-mono-2016,varios-artistas-split-mono-2016,artistas-split-mono-2016,varios,2016,varios-artistas-split-mono-2016.mp3,True,https://splitmono.bandcamp.com,generic,True,2
2016 - vctrh - Lábios Verdes ( o coração bate ),vctrh-sobretudo-nao-se-mate-2018,Lábios Verdes ( o coração bate ),vctrh,2016,vctrh-sobretudo-nao-se-mate-2018.mp3,True,https://vctrh.bandcamp.com](https://vctrh.bandcamp.com,generic,True,2
2016 - Veenstra - Map of the Limbo,veenstra-map-of-limbo-2016,Map of the Limbo,Veenstra,2016,veenstra-map-of-limbo-2016.mp3,True,https://veenstra.bandcamp.com/album/map-of-the-limbo,album,True,2
2016 - Verjaut Geographic Misanthropy,verjaut-geographic-misanthropy-2016,Verjaut Geographic Misanthropy,,2016,verjaut-geographic-misanthropy-2016.mp3,True,https://seminalrecords.bandcamp.com/album/geographic-misanthropy,album,True,2
2016 - vermes-do-limbo-ep-vrmsxx-2016,vermes-do-limbo-ep-vrmsxx-2016,do-limbo-ep-vrmsxx-2016,vermes,2016,vermes-do-limbo-ep-vrmsxx-2016.mp3,True,https://vermesdolimbo.bandcamp.com](https://vermesdolimbo.bandcamp.com,generic,True,2
2016 - vinicius-mendes-home-is-2016,vinicius-mendes-home-is-2016,mendes-home-is-2016,vinicius,2016,vinicius-mendes-home-is-2016.mp3,True,https://viniciusmendes.bandcamp.com,generic,True,2
2016 - Violent Illusion Feio,violent-illusion-feio-2016,Violent Illusion Feio,,2016,violent-illusion-feio-2016.mp3,True,http://pedemacacodiscos.bandcamp.com/album/feio,album,True,2
2016 - vocenanuvem-vocenanuvem-2016,vocenanuvem-vocenanuvem-2016,vocenanuvem-2016,vocenanuvem,2016,vocenanuvem-vocenanuvem-2016.mp3,True,https://vocenanuvem.bandcamp.com**](https://vocenanuvem.bandcamp.com,generic,True,2
2016 - Vulcana V - Seja Voce - Vulcana V,vulcana-v-seja-voce-2017,Seja Voce - Vulcana V,Vulcana V,2016,vulcana-v-seja-voce-2017.mp3,True,https://vulcanav.bandcamp.com/album/seja-voce-vulcana-v,album,True,2
2016 - vulgar-debil-entre-chuva-e-lama-2016,vulgar-debil-entre-chuva-e-lama-2016,debil-entre-chuva-e-lama-2016,vulgar,2016,vulgar-debil-entre-chuva-e-lama-2016.mp3,True,https://vulgardebil.bandcamp.com,generic,True,2
2016 - Vários - Percurso Instalativo Sonoro (compilação I),eric-barbosa-percurso-instalativo,Percurso Instalativo Sonoro (compilação I),Vários,2016,eric-barbosa-percurso-instalativo.mp3,True,https://suburbanaco.bandcamp.com/album/percurso-instalativo-sonoro-compila-o-i,album,True,2
2016 - Whypatterns Ao Vivo Ccta,whypatterns-ao-vivo-ccta-2015,Whypatterns Ao Vivo Ccta,,2016,whypatterns-ao-vivo-ccta-2015.mp3,True,https://whypatterns.bandcamp.com,generic,True,2
2016 - Yantra - Drones e Excursões de Guitarras Rumo ao Desconhecido,yantra-drones-e-excursoes-de-guitarras,Drones e Excursões de Guitarras Rumo ao Desconhecido,Yantra,2016,yantra-drones-e-excursoes-de-guitarras.mp3,True,https://yantrayantra.bandcamp.com,generic,True,2
2016 - Young Lungs Lost Woods,young-lungs-lost-woods-2016,Young Lungs Lost Woods,,2016,young-lungs-lost-woods-2016.mp3,True,https://weareyounglungs.bandcamp.com,generic,True,2
2016 - ze-bigode-ze-bigode-ep-2016,ze-bigode-ze-bigode-ep-2016,bigode-ze-bigode-ep-2016,ze,2016,ze-bigode-ze-bigode-ep-2016.mp3,True,https://zebigode.bandcamp.com,generic,True,2
2016 - zeitgeist-z-e-i-t-g-e-i-s-t-2016,zeitgeist-z-e-i-t-g-e-i-s-t-2016,z-e-i-t-g-e-i-s-t-2016,zeitgeist,2016,zeitgeist-z-e-i-t-g-e-i-s-t-2016.mp3,True,https://zeit-geist.bandcamp.com,generic,True,2
2016 - Zona Nobre do Fundo do Poço - Experimentos Existencialistas Vol. 1,01 Casamento,Experimentos Existencialistas Vol. 1,Zona Nobre do Fundo do Poço,2016,01 Casamento.mp3,False,,none,True,2
2016 - Zonbizarro Zonzus,zonbizarro-zonzus-2016,Zonbizarro Zonzus,,2016,zonbizarro-zonzus-2016.mp3,True,http://zonbizarro.bandcamp.com/album/zonzuz-2016,album,True,2
2016 - ÀBrasa - Verde,abrasa-verde-2016,Verde,ÀBrasa,2016,abrasa-verde-2016.mp3,True,https://abrasa.bandcamp.com](https://abrasa.bandcamp.com,generic,True,2
2015 - a-cidade-atras-da-neblina-ato-i-2015,a-cidade-atras-da-neblina-ato-i-2015,cidade-atras-da-neblina-ato-i-2015,a,2015,a-cidade-atras-da-neblina-ato-i-2015.mp3,True,https://acidadeatrasdaneblina.bandcamp.com](https://acidadeatrasdaneblina.bandcamp.com,generic,True,2
2015 - a-tros-remaining-2015,a-tros-remaining-2015,tros-remaining-2015,a,2015,a-tros-remaining-2015.mp3,True,https://a-tros.bandcamp.com,generic,True,2
2015 - abdala-outdated-method-of-nothing-2015,abdala-outdated-method-of-nothing-2015,outdated-method-of-nothing-2015,abdala,2015,abdala-outdated-method-of-nothing-2015.mp3,True,https://abdalagalatic.bandcamp.com,generic,True,2
2015 - Abstrações de Você,deus-adao-eva-o-diabo-eu-e-o-fruity,Abstrações de Você,,2015,deus-adao-eva-o-diabo-eu-e-o-fruity.mp3,True,https://lzus.bandcamp.com,generic,True,2
2015 - acho-melhor-nao-iii-2015,acho-melhor-nao-iii-2015,melhor-nao-iii-2015,acho,2015,acho-melhor-nao-iii-2015.mp3,True,https://achomelhornao.bandcamp.com,generic,True,2
2015 - afoite-do-cinza-ao-concreto-2015,afoite-do-cinza-ao-concreto-2015,do-cinza-ao-concreto-2015,afoite,2015,afoite-do-cinza-ao-concreto-2015.mp3,True,https://afoite.bandcamp.com](https://afoite.bandcamp.com,generic,True,2
2015 - Afro Hooligans Preludio Ep,afro-hooligans-preludio-ep-2015,Afro Hooligans Preludio Ep,,2015,afro-hooligans-preludio-ep-2015.mp3,True,http://fluxxx.bandcamp.com/album/f-11-afro-hooligans-prel-dio-ep**](http://fluxxx.bandcamp.com/album/f-11-afro-hooligans-prel-dio-ep,album,True,2
2015 - agnosi-untitled-2015,agnosi-untitled-2015,untitled-2015,agnosi,2015,agnosi-untitled-2015.mp3,True,https://agnosimusic.bandcamp.com,generic,True,2
2015 - akag-baixada-2015,akag-baixada-2015,baixada-2015,akag,2015,akag-baixada-2015.mp3,True,https://akag.bandcamp.com,generic,True,2
2015 - Aldan - Pode Ser que Daqui a Algum Tempo Eu Tenha 30,aldan-pode-ser-que-daqui-algum-tempo-eu,Pode Ser que Daqui a Algum Tempo Eu Tenha 30,Aldan,2015,aldan-pode-ser-que-daqui-algum-tempo-eu.mp3,True,https://aldan.bandcamp.com,generic,True,2
2015 - Amandinho Rugby Japones,amandinho-rugby-japones,Amandinho Rugby Japones,,2015,amandinho-rugby-japones.mp3,True,https://transtorninhorecords.bandcamp.com/album/rugby-japon-s**](https://transtorninhorecords.bandcamp.com/album/rugby-japon-s,album,True,2
2015 - amsteradio-pedantepalinopsia-2015,amsteradio-pedantepalinopsia-2015,pedantepalinopsia-2015,amsteradio,2015,amsteradio-pedantepalinopsia-2015.mp3,True,https://amsteradio.bandcamp.com](https://amsteradio.bandcamp.com,generic,True,2
2015 - analog-idiocracy-2015,analog-idiocracy-2015,idiocracy-2015,analog,2015,analog-idiocracy-2015.mp3,True,https://analoghc.bandcamp.com/**](https://analoghc.bandcamp.com,generic,True,2
2015 - antonio-projeto-trois-flores-ep-2015,antonio-projeto-trois-flores-ep-2015,projeto-trois-flores-ep-2015,antonio,2015,antonio-projeto-trois-flores-ep-2015.mp3,True,https://ant-o-nio.bandcamp.com,generic,True,2
2015 - Anônimos Alhures - A Maquinaria começou a rodar,anonimos-alhures-maquinaria-comecou,A Maquinaria começou a rodar,Anônimos Alhures,2015,anonimos-alhures-maquinaria-comecou.mp3,True,https://anonimosalhures.bandcamp.com,generic,True,2
2015 - arabesco-caracol-2015,arabesco-caracol-2015,caracol-2015,arabesco,2015,arabesco-caracol-2015.mp3,True,https://arabesco.bandcamp.com,generic,True,2
2015 - Armandinho Coisas Novas Sao Assim,armandinho-coisas-novas-sao-assim-2015,Armandinho Coisas Novas Sao Assim,,2015,armandinho-coisas-novas-sao-assim-2015.mp3,True,https://transtorninhorecords.bandcamp.com/album/coisas-novas-s-o-assim,album,True,2
2015 - Aurata Espuma,aurata-espuma-2015,Aurata Espuma,,2015,aurata-espuma-2015.mp3,True,http://aurata.bandcamp.com/album/espuma,album,True,2
2015 - austin-beneath-faith-2015,austin-beneath-faith-2015,beneath-faith-2015,austin,2015,austin-beneath-faith-2015.mp3,True,https://austinofficial.bandcamp.com,generic,True,2
2015 - baladeur-baladeur-2015,baladeur-baladeur-2015,baladeur-2015,baladeur,2015,baladeur-baladeur-2015.mp3,True,https://baladeur-br.bandcamp.com**](https://baladeur-br.bandcamp.com,generic,True,2
2015 - Banda Gentileza Nem Vamos Tocar Nesse,banda-gentileza-nem-vamos-tocar-nesse,Banda Gentileza Nem Vamos Tocar Nesse,,2015,banda-gentileza-nem-vamos-tocar-nesse.mp3,True,https://bandagentileza.bandcamp.com,generic,True,2
2015 - Bardo Bardo Ep,bardo-bardo-ep-2015,Bardo Bardo Ep,,2015,bardo-bardo-ep-2015.mp3,True,https://oficialbardo.bandcamp.com](https://oficialbardo.bandcamp.com,generic,True,2
2015 - Bella Cantar Sobre Os Ossos,bella-cantar-sobre-os-ossos-2015,Bella Cantar Sobre Os Ossos,,2015,bella-cantar-sobre-os-ossos-2015.mp3,True,http://seminalrecords.bandcamp.com/album/cantar-sobre-os-ossos**](http://seminalrecords.bandcamp.com/album/cantar-sobre-os-ossos,album,True,2
2015 - Bernardo Pacheco Cássio Salles Felipe Zenícola Yuri Bruscky Thelmon Cristovam - Ao Vivo no IRAQ,N.A.D.A de Ruido - Ao Vivo no IRAQ (2015),Ao Vivo no IRAQ,Bernardo Pacheco Cássio Salles Felipe Zenícola Yuri Bruscky Thelmon Cristovam,2015,N.A.D.A de Ruido - Ao Vivo no IRAQ (2015).mp3,False,,none,True,2
2015 - billy-ponzio-space-jazz-2015,billy-ponzio-space-jazz-2015,ponzio-space-jazz-2015,billy,2015,billy-ponzio-space-jazz-2015.mp3,True,https://billyponzio.bandcamp.com,generic,True,2
2015 - Black Witch Aware,black-witch-aware-2015,Black Witch Aware,,2015,black-witch-aware-2015.mp3,True,https://blackwitchbr.bandcamp.com](https://blackwitchbr.bandcamp.com,generic,True,2
2015 - borealis-borealis-2015,borealis-borealis-2015,borealis-2015,borealis,2015,borealis-borealis-2015.mp3,True,https://borealis1.bandcamp.com,generic,True,2
2015 - Bratislava - Um Pouco Mais de Silêncio,bratislava-um-pouco-mais-de-silencio,Um Pouco Mais de Silêncio,Bratislava,2015,bratislava-um-pouco-mais-de-silencio.mp3,True,https://bratislavabr.bandcamp.com,generic,True,2
2015 - brutamonte-modesto-2015,brutamonte-modesto-2015,modesto-2015,brutamonte,2015,brutamonte-modesto-2015.mp3,True,https://brutamonte.bandcamp.com/**](https://brutamonte.bandcamp.com,generic,True,2
2015 - bufalo-belico-tarantismo-2015,bufalo-belico-tarantismo-2015,belico-tarantismo-2015,bufalo,2015,bufalo-belico-tarantismo-2015.mp3,True,https://bufalobelico.bandcamp.com/**](https://bufalobelico.bandcamp.com,generic,True,2
2015 - BZ - É MuiTo Doido (EP),01 BZ - Intro,É MuiTo Doido (EP),BZ,2015,01 BZ - Intro.mp3,False,,none,True,2
2015 - Cabaret Rock Demo,cabaret-rock-demo-2015,Cabaret Rock Demo,,2015,cabaret-rock-demo-2015.mp3,True,https://cabaretrock.bandcamp.com,generic,True,2
2015 - cale-131-2015,cale-131-2015,131-2015,cale,2015,cale-131-2015.mp3,True,https://caleh.bandcamp.com,generic,True,2
2015 - calvin-cafe-2015,calvin-cafe-2015,cafe-2015,calvin,2015,calvin-cafe-2015.mp3,True,,none,True,2
2015 - calvin-voichicoski-opaco-2015,calvin-voichicoski-opaco-2015,voichicoski-opaco-2015,calvin,2015,calvin-voichicoski-opaco-2015.mp3,True,https://calvinvoichicoski.bandcamp.com,generic,True,2
2015 - capona-adults-are-young-who-failed-2015,capona-adults-are-young-who-failed-2015,adults-are-young-who-failed-2015,capona,2015,capona-adults-are-young-who-failed-2015.mp3,True,https://capona.bandcamp.com](https://capona.bandcamp.com,generic,True,2
2015 - carne-de-grife-mamiferos-ep-2015,carne-de-grife-mamiferos-ep-2015,de-grife-mamiferos-ep-2015,carne,2015,carne-de-grife-mamiferos-ep-2015.mp3,True,https://carnedegrife.bandcamp.com,generic,True,2
2015 - cassio-figueiredo-diario-2015,cassio-figueiredo-diario-2015,figueiredo-diario-2015,cassio,2015,cassio-figueiredo-diario-2015.mp3,True,https://cassiofigueiredo.bandcamp.com](https://cassiofigueiredo.bandcamp.com,generic,True,2
2015 - Ccccchaves Beautiful Sunrise,ccccchaves-beautiful-sunrise-2015,Ccccchaves Beautiful Sunrise,,2015,ccccchaves-beautiful-sunrise-2015.mp3,True,https://somosnas.bandcamp.com/album/beautiful-sunrise-nas015,album,True,2
2015 - Cellardoor Changing Tides Ep,cellardoor-changing-tides-ep-2015,Cellardoor Changing Tides Ep,,2015,cellardoor-changing-tides-ep-2015.mp3,True,http://cellardoorbr.bandcamp.com/album/changing-tides-ep,album,True,2
2015 - Ceticencias Deus Sabe,ceticencias-deus-sabe-2015,Ceticencias Deus Sabe,,2015,ceticencias-deus-sabe-2015.mp3,True,http://dominalabel.bandcamp.com/album/dom003-deus-sabe**](http://dominalabel.bandcamp.com/album/dom003-deus-sabe,album,True,2
2015 - Ceus De Abril Ultimo Adeus,ceus-de-abril-ultimo-adeus-2015,Ceus De Abril Ultimo Adeus,,2015,ceus-de-abril-ultimo-adeus-2015.mp3,True,https://theblogthatcelebratesitself.bandcamp.com/album/ceus-de-abril-ultimo-adeus**](https://theblogthatcelebratesitself.bandcamp.com/album/ceus-de-abril-ultimo-adeus,album,True,2
2015 - cha-do-mato-cha-do-mato-ep-2015,cha-do-mato-cha-do-mato-ep-2015,do-mato-cha-do-mato-ep-2015,cha,2015,cha-do-mato-cha-do-mato-ep-2015.mp3,True,https://chadomato.bandcamp.com/**](https://chadomato.bandcamp.com,generic,True,2
2015 - chancho-baladinha-dancante-ep-2015,chancho-baladinha-dancante-ep-2015,baladinha-dancante-ep-2015,chancho,2015,chancho-baladinha-dancante-ep-2015.mp3,True,https://chanchopv.bandcamp.com,generic,True,2
2015 - chapa-mamba-banda-forra-2015,chapa-mamba-banda-forra-2015,mamba-banda-forra-2015,chapa,2015,chapa-mamba-banda-forra-2015.mp3,True,https://chapamamba.bandcamp.com](https://chapamamba.bandcamp.com,generic,True,2
2015 - Cidadao Instigado Fortaleza,cidadao-instigado-fortaleza-2015,Cidadao Instigado Fortaleza,,2015,cidadao-instigado-fortaleza-2015.mp3,True,https://cidadaoinstigado.bandcamp.com,generic,True,2
2015 - cidadao-plebeu-vida-vai-ensinar-2015,cidadao-plebeu-vida-vai-ensinar-2015,plebeu-vida-vai-ensinar-2015,cidadao,2015,cidadao-plebeu-vida-vai-ensinar-2015.mp3,True,https://cidadaoplebeu.bandcamp.com**](https://cidadaoplebeu.bandcamp.com,generic,True,2
2015 - cigana-torre-2015,cigana-torre-2015,torre-2015,cigana,2015,cigana-torre-2015.mp3,True,https://cigana.bandcamp.com](https://cigana.bandcamp.com,generic,True,2
2015 - circus-boy-anubis-mtey-2015,circus-boy-anubis-mtey-2015,boy-anubis-mtey-2015,circus,2015,circus-boy-anubis-mtey-2015.mp3,True,https://bandacircusboy.bandcamp.com](https://bandacircusboy.bandcamp.com,generic,True,2
2015 - Coletanea - Hy Brazil Vol 7 Fresh Electronic Music From Brazil 2015,coletanea-hy-brazil-vol-7-fresh,Hy Brazil Vol 7 Fresh Electronic Music From Brazil 2015,Coletanea,2015,coletanea-hy-brazil-vol-7-fresh.mp3,True,http://chicodub.bandcamp.com/album/hy-brazil-vol-7-fresh-electronic-music-from-brazil-2015,album,True,2
2015 - coliseum-i-hate-them-all-2015,coliseum-i-hate-them-all-2015,i-hate-them-all-2015,coliseum,2015,coliseum-i-hate-them-all-2015.mp3,True,http://kukluxklanrecords.bandcamp.com/album/i-hate-them-all-mini-album,album,True,2
2015 - Cybass Time Left,cybass-time-left-2015,Cybass Time Left,,2015,cybass-time-left-2015.mp3,True,http://beatwiserecordings.bandcamp.com/album/time-left-bwr019,album,True,2
2015 - D Selvagi Bandamono Ep,d-selvagi-bandamono-ep-2015,D Selvagi Bandamono Ep,,2015,d-selvagi-bandamono-ep-2015.mp3,True,https://dselvagi.bandcamp.com,generic,True,2
2015 - DAMA DA NOITE DISCOS - MERCENÁRIAS - DEMO 1983-7,as-mercenarias-demo-1983,MERCENÁRIAS - DEMO 1983-7,DAMA DA NOITE DISCOS,2015,as-mercenarias-demo-1983.mp3,True,http://damadanoitediscos.bandcamp.com/album/mercen-rias-demo-1983-7,album,True,2
2015 - Danger City - Everything is a Menace In Danger City,danger-city-everything-is-menace-in,Everything is a Menace In Danger City,Danger City,2015,danger-city-everything-is-menace-in.mp3,True,http://dangercityofficial.bandcamp.com/album/everything-is-a-menace-in-danger-city,album,True,2
2015 - Dead in DUMP - DID+DDK,dead-in-dump-nomed-2013,DID+DDK,Dead in DUMP,2015,dead-in-dump-nomed-2013.mp3,True,https://deadindump.bandcamp.com,generic,True,2
2015 - Dead Limbs Lighthouse,dead-limbs-lighthouse-2015,Dead Limbs Lighthouse,,2015,dead-limbs-lighthouse-2015.mp3,True,http://bichanorecords.bandcamp.com/album/lighthouse,album,True,2
2015 - deb-and-mentals-feel-mantra-ep-2015,deb-and-mentals-feel-mantra-ep-2015,and-mentals-feel-mantra-ep-2015,deb,2015,deb-and-mentals-feel-mantra-ep-2015.mp3,True,https://debandthementals.bandcamp.com,generic,True,2
2015 - Dengue O Mal Do Homem Pelas Maos Do,dengue-o-mal-do-homem-pelas-maos-do,Dengue O Mal Do Homem Pelas Maos Do,,2015,dengue-o-mal-do-homem-pelas-maos-do.mp3,True,http://bigornadiscos.bandcamp.com/album/o-mal-do-homem-pelas-m-os-do-homem**](http://bigornadiscos.bandcamp.com/album/o-mal-do-homem-pelas-m-os-do-homem,album,True,2
2015 - Desatino - Entreguerras,desatino-entreguerras-2015,Entreguerras,Desatino,2015,desatino-entreguerras-2015.mp3,True,http://refilrecords.bandcamp.com/album/entreguerras,album,True,2
2015 - deus-sex-machina-aquela-presenca-2015,deus-sex-machina-aquela-presenca-2015,sex-machina-aquela-presenca-2015,deus,2015,deus-sex-machina-aquela-presenca-2015.mp3,True,https://dsxm.bandcamp.com**](https://dsxm.bandcamp.com,generic,True,2
2015 - dianamita-aos-meus-inimigos-ep-2015,dianamita-aos-meus-inimigos-ep-2015,aos-meus-inimigos-ep-2015,dianamita,2015,dianamita-aos-meus-inimigos-ep-2015.mp3,True,https://diamanita.bandcamp.com,generic,True,2
2015 - domingo blanco - [há metafísica bastante na realidade],domingo-blanco-ha-metafisica-bastante,[há metafísica bastante na realidade],domingo blanco,2015,domingo-blanco-ha-metafisica-bastante.mp3,True,https://domingoblanco.bandcamp.com/**](https://domingoblanco.bandcamp.com,generic,True,2
2015 - dotoilage-racehouse-ep-2015,dotoilage-racehouse-ep-2015,racehouse-ep-2015,dotoilage,2015,dotoilage-racehouse-ep-2015.mp3,True,https://dotoilage.bandcamp.com](https://dotoilage.bandcamp.com,generic,True,2
2015 - Double Six Strings - Edifício JK (EP),double-six-strings-edificio-jk-2015,Edifício JK (EP),Double Six Strings,2015,double-six-strings-edificio-jk-2015.mp3,True,http://polidorodiscos.bandcamp.com/album/double-six-strings-edif-cio-jk,album,True,2
2015 - dr-drumah-beyhond-style-vol-2-2015,dr-drumah-beyhond-style-vol-2-2015,drumah-beyhond-style-vol-2-2015,dr,2015,dr-drumah-beyhond-style-vol-2-2015.mp3,True,https://drdrumah.bandcamp.com,generic,True,2
2015 - drownedandoverwhelmed-hidden-places-2015,drownedandoverwhelmed-hidden-places-2015,hidden-places-2015,drownedandoverwhelmed,2015,drownedandoverwhelmed-hidden-places-2015.mp3,True,http://bichanorecords.bandcamp.com/album/hidden-places,album,True,2
2015 - dunas-quarenta-e-cinco-minutos-2015,dunas-quarenta-e-cinco-minutos-2015,quarenta-e-cinco-minutos-2015,dunas,2015,dunas-quarenta-e-cinco-minutos-2015.mp3,True,https://dunasbr.bandcamp.com,generic,True,2
2015 - Dutra Dutra Ep,dutra-dutra-ep-2015,Dutra Dutra Ep,,2015,dutra-dutra-ep-2015.mp3,True,https://dutra.bandcamp.com](https://dutra.bandcamp.com,generic,True,2
2015 - Elefante Voador Elefante Voador,elefante-voador-elefante-voador-2015,Elefante Voador Elefante Voador,,2015,elefante-voador-elefante-voador-2015.mp3,True,http://elefantevoador.bandcamp.com/album/elefante-voador-2,album,True,2
2015 - emerald-hill-dreams-to-come-2015,emerald-hill-dreams-to-come-2015,hill-dreams-to-come-2015,emerald,2015,emerald-hill-dreams-to-come-2015.mp3,True,https://emeraldhillmusic.bandcamp.com,generic,True,2
2015 - endless-agony-ep-2015,endless-agony-ep-2015,agony-ep-2015,endless,2015,endless-agony-ep-2015.mp3,True,https://endlessagonybmt.bandcamp.com/**](https://endlessagonybmt.bandcamp.com,generic,True,2
2015 - Escalier Quando Os Ombros Nao Suportam,escalier-quando-os-ombros-nao-suportam,Escalier Quando Os Ombros Nao Suportam,,2015,escalier-quando-os-ombros-nao-suportam.mp3,True,https://banda-escalier.bandcamp.com](https://banda-escalier.bandcamp.com,generic,True,2
2015 - Eter Fogo,eter-fogo-2015,Eter Fogo,,2015,eter-fogo-2015.mp3,True,http://etersongs.bandcamp.com/album/fogo,album,True,2
2015 - eterno-eterno-2015,eterno-eterno-2015,eterno-2015,eterno,2015,eterno-eterno-2015.mp3,True,https://eternoeternoeterno.bandcamp.com**](https://eternoeternoeterno.bandcamp.com,generic,True,2
2015 - Fabio Cardelli Palavra Dos Olhos,fabio-cardelli-palavra-dos-olhos-2015,Fabio Cardelli Palavra Dos Olhos,,2015,fabio-cardelli-palavra-dos-olhos-2015.mp3,True,https://monotunerecords.bandcamp.com/album/a-palavra-dos-olhos-lbum-2015**](https://monotunerecords.bandcamp.com/album/a-palavra-dos-olhos-lbum-2015,album,True,2
2015 - Felipe Neiva Chegou Fim De Festa,felipe-neiva-chegou-fim-de-festa-2015,Felipe Neiva Chegou Fim De Festa,,2015,felipe-neiva-chegou-fim-de-festa-2015.mp3,True,https://felipeneiva.bandcamp.com,generic,True,2
2015 - Floating Kid Left,floating-kid-left-2015,Floating Kid Left,,2015,floating-kid-left-2015.mp3,True,https://floatingkid.bandcamp.com/**](https://floatingkid.bandcamp.com,generic,True,2
2015 - Floema Ishtar,floema-ishtar-2015,Floema Ishtar,,2015,floema-ishtar-2015.mp3,True,https://stepinrecordings.bandcamp.com/album/ishtar**](https://stepinrecordings.bandcamp.com/album/ishtar,album,True,2
2015 - Folest Folest Ii,folest-folest-ii-2015,Folest Folest Ii,,2015,folest-folest-ii-2015.mp3,True,https://folest.bandcamp.com](https://folest.bandcamp.com,generic,True,2
2015 - folium-of-descartes-fuse-2015,folium-of-descartes-fuse-2015,of-descartes-fuse-2015,folium,2015,folium-of-descartes-fuse-2015.mp3,True,https://foliumofdescartes.bandcamp.com,generic,True,2
2015 - Formafluida Fim Da Infancia Pt 1,formafluida-fim-da-infancia-pt-1-2015,Formafluida Fim Da Infancia Pt 1,,2015,formafluida-fim-da-infancia-pt-1-2015.mp3,True,https://fluxxx.bandcamp.com/album/f-014-ff-fim-da-inf-ncia-pt-1,album,True,2
2015 - Frabin Real,frabin-real-2015,Frabin Real,,2015,frabin-real-2015.mp3,True,http://frabin.bandcamp.com/album/real,album,True,2
2015 - fromhelven-wonderwar-2015,fromhelven-wonderwar-2015,wonderwar-2015,fromhelven,2015,fromhelven-wonderwar-2015.mp3,True,http://fromhelven.bandcamp.com/album/wonderwar,album,True,2
2015 - Garotos Sarados do Orkut - EP,04- Quero cheirar o cangote de Ellen Roche,EP,Garotos Sarados do Orkut,2015,04- Quero cheirar o cangote de Ellen Roche.mp3,False,,none,True,2
2015 - giallos-anjos-negros-ep-2015,giallos-anjos-negros-ep-2015,anjos-negros-ep-2015,giallos,2015,giallos-anjos-negros-ep-2015.mp3,True,https://zumbidor.bandcamp.com/album/anjos-negros-zbr003,album,True,2
2015 - Gordura Trans Repertorio Infindavel De,gordura-trans-repertorio-infindavel-de,Gordura Trans Repertorio Infindavel De,,2015,gordura-trans-repertorio-infindavel-de.mp3,True,https://bichanorecords.bandcamp.com/album/repert-rio-infind-vel-de-dolorosas-piadas,album,True,2
2015 - gudicarmas - Dharma,gudicarmas-ep-2012,Dharma,gudicarmas,2015,gudicarmas-ep-2012.mp3,True,https://gudicarmas.bandcamp.com,generic,True,2
2015 - gudicarmas-dharma-2015,gudicarmas-dharma-2015,dharma-2015,gudicarmas,2015,gudicarmas-dharma-2015.mp3,True,https://gudicarmas.bandcamp.com,generic,True,2
2015 - guilherme-granado-homeless-loops-2015,guilherme-granado-homeless-loops-2015,granado-homeless-loops-2015,guilherme,2015,guilherme-granado-homeless-loops-2015.mp3,True,https://propositorecs.bandcamp.com/album/homeless-loops,album,True,2
2015 - Gulag Demo,gulag-demo-2012,Gulag Demo,,2015,gulag-demo-2012.mp3,True,https://gulag.bandcamp.com**](https://gulag.bandcamp.com,generic,True,2
2015 - Hierofante Purpura Boas Bestas Ep,hierofante-purpura-boas-bestas-ep-2015,Hierofante Purpura Boas Bestas Ep,,2015,hierofante-purpura-boas-bestas-ep-2015.mp3,True,https://hierofantepurpura.bandcamp.com,generic,True,2
2015 - Hugo Medeiros Henrique Vaz Marcelo,hugo-medeiros-henrique-vaz-marcelo,Hugo Medeiros Henrique Vaz Marcelo,,2015,hugo-medeiros-henrique-vaz-marcelo.mp3,True,http://seminalrecords.bandcamp.com/album/bestiarum**](http://seminalrecords.bandcamp.com/album/bestiarum,album,True,2
2015 - humbra-tratados-do-amor-proprio-2015,humbra-tratados-do-amor-proprio-2015,tratados-do-amor-proprio-2015,humbra,2015,humbra-tratados-do-amor-proprio-2015.mp3,True,https://bandahumbra.bandcamp.com,generic,True,2
2015 - in-atmosphere-grey-2015,in-atmosphere-grey-2015,atmosphere-grey-2015,in,2015,in-atmosphere-grey-2015.mp3,True,https://inatmosphere.bandcamp.com**](https://inatmosphere.bandcamp.com,generic,True,2
2015 - in-sone-uturo-2015,in-sone-uturo-2015,sone-uturo-2015,in,2015,in-sone-uturo-2015.mp3,True,http://quintavant.bandcamp.com/album/qtv-015-uturo,album,True,2
2015 - Inputoutput Eu Contenho Todos Os Meus,inputoutput-eu-contenho-todos-os-meus,Inputoutput Eu Contenho Todos Os Meus,,2015,inputoutput-eu-contenho-todos-os-meus.mp3,True,http://inputoutput.bandcamp.com/album/eu-contenho-todos-os-meus-anos-dentro-de-mim,album,True,2
2015 - insonia-demo-2015,insonia-demo-2015,demo-2015,insonia,2015,insonia-demo-2015.mp3,True,https://xinsoniax666.bandcamp.com](https://xinsoniax666.bandcamp.com,generic,True,2
2015 - isso-isso-ep-2015,isso-isso-ep-2015,isso-ep-2015,isso,2015,isso-isso-ep-2015.mp3,True,https://issorock.bandcamp.com](https://issorock.bandcamp.com,generic,True,2
2015 - Jj Wave Renan Pereyra - Ao Vivo no Quintal Livre,jj-wave-renan-pereyra-ao-vivo-no,Ao Vivo no Quintal Livre,Jj Wave Renan Pereyra,2015,jj-wave-renan-pereyra-ao-vivo-no.mp3,True,https://jjthewave.bandcamp.com,generic,True,2
2015 - jonathan-tadeu-casa-vazia-2015,jonathan-tadeu-casa-vazia-2015,tadeu-casa-vazia-2015,jonathan,2015,jonathan-tadeu-casa-vazia-2015.mp3,True,https://jonathantadeu.bandcamp.com,generic,True,2
2015 - Josephines Josephines,josephines-josephines-2015,Josephines Josephines,,2015,josephines-josephines-2015.mp3,True,http://josephines.bandcamp.com/album/josephines,album,True,2
2015 - juliano-gauche-juliano-gauche-2015,juliano-gauche-juliano-gauche-2015,gauche-juliano-gauche-2015,juliano,2015,juliano-gauche-juliano-gauche-2015.mp3,True,https://julianogauche.bandcamp.com,generic,True,2
2015 - karaoke-holanda-lopana-lynch-ep-2015,karaoke-holanda-lopana-lynch-ep-2015,holanda-lopana-lynch-ep-2015,karaoke,2015,karaoke-holanda-lopana-lynch-ep-2015.mp3,True,https://karaokeholanda.bandcamp.com,generic,True,2
2015 - kastelijns-raposa-2015,kastelijns-raposa-2015,raposa-2015,kastelijns,2015,kastelijns-raposa-2015.mp3,True,https://kastelijns.bandcamp.com,generic,True,2
2015 - king-void-ep-2015,king-void-ep-2015,void-ep-2015,king,2015,king-void-ep-2015.mp3,True,https://kingvoid.bandcamp.com,generic,True,2
2015 - krokodil-krokodil-2015,krokodil-krokodil-2015,krokodil-2015,krokodil,2015,krokodil-krokodil-2015.mp3,True,https://krokodilbr.bandcamp.com,generic,True,2
2015 - la-fernandes-about-dreams-ep-2015,la-fernandes-about-dreams-ep-2015,fernandes-about-dreams-ep-2015,la,2015,la-fernandes-about-dreams-ep-2015.mp3,True,https://lafernandes.bandcamp.com,generic,True,2
2015 - la-fernandes-navemae-ep-2015,la-fernandes-navemae-ep-2015,fernandes-navemae-ep-2015,la,2015,la-fernandes-navemae-ep-2015.mp3,True,https://lafernandes.bandcamp.com,generic,True,2
2015 - Les Adieux Cadaverico,les-adieux-cadaverico-2015,Les Adieux Cadaverico,,2015,les-adieux-cadaverico-2015.mp3,True,https://lesadieuxmusic.bandcamp.com](https://lesadieuxmusic.bandcamp.com,generic,True,2
2015 - Letters From - Live Letters From The Fuzz,letters-from-witch-ep-2013,Live Letters From The Fuzz,Letters From,2015,letters-from-witch-ep-2013.mp3,True,https://lettersfrom.bandcamp.com,generic,True,2
2015 - lillian-lessa-expresso-ep-2015,lillian-lessa-expresso-ep-2015,lessa-expresso-ep-2015,lillian,2015,lillian-lessa-expresso-ep-2015.mp3,True,https://lillianlessa.bandcamp.com,generic,True,2
2015 - lindberg-hotel-cotton-chains-2015,lindberg-hotel-cotton-chains-2015,hotel-cotton-chains-2015,lindberg,2015,lindberg-hotel-cotton-chains-2015.mp3,True,https://lindberghotel.bandcamp.com,generic,True,2
2015 - Lingering Last Drops - Walk; Don´t Run (live 23​-​08​-​2009),lingering-last-drops-walk-dont-run-live,Walk; Don´t Run (live 23​-​08​-​2009),Lingering Last Drops,2015,lingering-last-drops-walk-dont-run-live.mp3,True,https://lingeringlastdrops.bandcamp.com,generic,True,2
2015 - lo-fi-ultra-cosmic-blues-2015,lo-fi-ultra-cosmic-blues-2015,fi-ultra-cosmic-blues-2015,lo,2015,lo-fi-ultra-cosmic-blues-2015.mp3,True,https://lofipunkrock.bandcamp.com,generic,True,2
2015 - lo-fight-treta-2015,lo-fight-treta-2015,fight-treta-2015,lo,2015,lo-fight-treta-2015.mp3,True,https://lofightpunx.bandcamp.com/**](https://lofightpunx.bandcamp.com,generic,True,2
2015 - lou-dog-sublime-death-of-lou-dog-2015,lou-dog-sublime-death-of-lou-dog-2015,dog-sublime-death-of-lou-dog-2015,lou,2015,lou-dog-sublime-death-of-lou-dog-2015.mp3,True,https://iloveloudog.bandcamp.com,generic,True,2
2015 - luneta-magica-no-meu-peito-2015,luneta-magica-no-meu-peito-2015,magica-no-meu-peito-2015,luneta,2015,luneta-magica-no-meu-peito-2015.mp3,True,,none,True,2
2015 - Magic Crayon Waking Life Dreaming,magic-crayon-waking-life-dreaming-2015,Magic Crayon Waking Life Dreaming,,2015,magic-crayon-waking-life-dreaming-2015.mp3,True,https://transtorninhorecords.bandcamp.com/album/waking-life-dreaming,album,True,2
2015 - mairena-qiro-2015,mairena-qiro-2015,qiro-2015,mairena,2015,mairena-qiro-2015.mp3,True,https://mairenamusic.bandcamp.com](https://mairenamusic.bandcamp.com,generic,True,2
2015 - malafaia-all-over-you-2015,malafaia-all-over-you-2015,all-over-you-2015,malafaia,2015,malafaia-all-over-you-2015.mp3,True,https://malafaia.bandcamp.com,generic,True,2
2015 - Mamute Mamute Demo,mamute-mamute-demo-2014,Mamute Mamute Demo,,2015,mamute-mamute-demo-2014.mp3,True,http://mamutebanda.bandcamp.com/album/mamute-demo-2014,album,True,2
2015 - Microndas Segundo,microndas-segundo-2015,Microndas Segundo,,2015,microndas-segundo-2015.mp3,True,http://transfusaonoiserecords.bandcamp.com/album/segundo,album,True,2
2015 - mocho-diablo-monochrome-2015,mocho-diablo-monochrome-2015,diablo-monochrome-2015,mocho,2015,mocho-diablo-monochrome-2015.mp3,True,https://mochodiablo.bandcamp.com/**](https://mochodiablo.bandcamp.com,generic,True,2
2015 - Moliere Vida E Muito Curta Pro Cafe Da,moliere-vida-e-muito-curta-pro-cafe-da,Moliere Vida E Muito Curta Pro Cafe Da,,2015,moliere-vida-e-muito-curta-pro-cafe-da.mp3,True,https://moliere.bandcamp.com/album/a-vida-muito-curta-pro-caf-da-manh,album,True,2
2015 - Mos - Novas Desculpas Para Novos Interesses,mos-novas-desculpas-para-novos,Novas Desculpas Para Novos Interesses,Mos,2015,mos-novas-desculpas-para-novos.mp3,True,https://mosmusica.bandcamp.com**](https://mosmusica.bandcamp.com,generic,True,2
2015 - moses-moses-2015,moses-moses-2015,moses-2015,moses,2015,moses-moses-2015.mp3,True,,none,True,2
2015 - Motim - A Fertilidade da Resistencia,motim-fertilidade-da-resistencia-2015,A Fertilidade da Resistencia,Motim,2015,motim-fertilidade-da-resistencia-2015.mp3,True,http://hcsempatria.bandcamp.com/album/a-fertilidade-da-resistencia,album,True,2
2015 - motor-city-madness-dead-city-riot-2015,motor-city-madness-dead-city-riot-2015,city-madness-dead-city-riot-2015,motor,2015,motor-city-madness-dead-city-riot-2015.mp3,True,https://motorcitymadness.bandcamp.com,generic,True,2
2015 - Muhammad Ateu Rasta La Vista Ep,muhammad-ateu-rasta-la-vista-ep-2014,Muhammad Ateu Rasta La Vista Ep,,2015,muhammad-ateu-rasta-la-vista-ep-2014.mp3,True,https://muhammadateu.bandcamp.com,generic,True,2
2015 - Musicfuneral - vol.1,musicfuneral-musicfuneral-vol1-2015,vol.1,Musicfuneral,2015,musicfuneral-musicfuneral-vol1-2015.mp3,True,https://selomalware.bandcamp.com/album/malware002-vol-1,album,True,2
2015 - Nana - Berli(m)possível,01 - Ano Novo,Berli(m)possível,Nana,2015,01 - Ano Novo.mp3,False,,none,True,2
2015 - nargis-mazy-bloom-2015,nargis-mazy-bloom-2015,mazy-bloom-2015,nargis,2015,nargis-mazy-bloom-2015.mp3,True,https://nargis.bandcamp.com](https://nargis.bandcamp.com,generic,True,2
2015 - Noccwan - Way,noccwan-way-2015,Way,Noccwan,2015,noccwan-way-2015.mp3,True,http://suburbanaco.bandcamp.com/album/way**](http://suburbanaco.bandcamp.com/album/way,album,True,2
2015 - Nosso Querido Figueiredo - Introspective Summer,nosso-querido-figueiredo-introspective,Introspective Summer,Nosso Querido Figueiredo,2015,nosso-querido-figueiredo-introspective.mp3,True,https://nossoquerido.bandcamp.com,generic,True,2
2015 - Nosso Querido Figueiredo Nos Tambem Nao,nosso-querido-figueiredo-nos-tambem-nao,Nosso Querido Figueiredo Nos Tambem Nao,,2015,nosso-querido-figueiredo-nos-tambem-nao.mp3,True,https://nossoquerido.bandcamp.com,generic,True,2
2015 - notadeum-nenhum-valor-2015,notadeum-nenhum-valor-2015,nenhum-valor-2015,notadeum,2015,notadeum-nenhum-valor-2015.mp3,True,https://notadeum.bandcamp.com/**](https://notadeum.bandcamp.com,generic,True,2
2015 - Novampb Too Cool For Words,novampb-too-cool-for-words-2015,Novampb Too Cool For Words,,2015,novampb-too-cool-for-words-2015.mp3,True,https://transtorninhorecords.bandcamp.com/album/too-cool-for-words,album,True,2
2015 - nuvem-dia-chuvoso-violeta-2015,nuvem-dia-chuvoso-violeta-2015,dia-chuvoso-violeta-2015,nuvem,2015,nuvem-dia-chuvoso-violeta-2015.mp3,True,https://nuvem157.bandcamp.com,generic,True,2
2015 - nuvem-leopardo-revolver-mercurio-2015,nuvem-leopardo-revolver-mercurio-2015,leopardo-revolver-mercurio-2015,nuvem,2015,nuvem-leopardo-revolver-mercurio-2015.mp3,True,https://nuvemleopardo.bandcamp.com,generic,True,2
2015 - o-no-ep1-2015,o-no-ep1-2015,no-ep1-2015,o,2015,o-no-ep1-2015.mp3,True,https://onosp.bandcamp.com,generic,True,2
2015 - o-quinto-sobre-velhos-pensamentos-2015,o-quinto-sobre-velhos-pensamentos-2015,quinto-sobre-velhos-pensamentos-2015,o,2015,o-quinto-sobre-velhos-pensamentos-2015.mp3,True,https://oquinto.bandcamp.com,generic,True,2
2015 - obasquiat-perturssis-2015,obasquiat-perturssis-2015,perturssis-2015,obasquiat,2015,obasquiat-perturssis-2015.mp3,True,https://obasquiatofficial.bandcamp.com,generic,True,2
2015 - Ocean Breeze Tropical Club - Life is Better When You're High,ocean-breeze-tropical-club-life-is,Life is Better When You're High,Ocean Breeze Tropical Club,2015,ocean-breeze-tropical-club-life-is.mp3,True,https://oceanbreezetropicalclub.bandcamp.com,generic,True,2
2015 - odradek-homunculo-vol-3-2015,odradek-homunculo-vol-3-2015,homunculo-vol-3-2015,odradek,2015,odradek-homunculo-vol-3-2015.mp3,True,https://odradekbr.bandcamp.com**](https://odradekbr.bandcamp.com,generic,True,2
2015 - Orlando Scarpa Neto - Transporte Público,orlando-scarpa-neto-transporte-publico,Transporte Público,Orlando Scarpa Neto,2015,orlando-scarpa-neto-transporte-publico.mp3,True,https://orlandoscarpa.bandcamp.com,generic,True,2
2015 - os-capiau-brasil-2015,os-capiau-brasil-2015,capiau-brasil-2015,os,2015,os-capiau-brasil-2015.mp3,True,https://oscapiau.bandcamp.com,generic,True,2
2015 - ostra-brains-gelato-luv-ep-2015,ostra-brains-gelato-luv-ep-2015,brains-gelato-luv-ep-2015,ostra,2015,ostra-brains-gelato-luv-ep-2015.mp3,True,https://ostrabrains.bandcamp.com,generic,True,2
2015 - Outdeth Prediction,outdeth-prediction-2015,Outdeth Prediction,,2015,outdeth-prediction-2015.mp3,True,https://outdeth.bandcamp.com**](https://outdeth.bandcamp.com,generic,True,2
2015 - panorama-dreams-ep-2015,panorama-dreams-ep-2015,dreams-ep-2015,panorama,2015,panorama-dreams-ep-2015.mp3,True,https://panoramadreams.bandcamp.com,generic,True,2
2015 - pantomime-jazz-back-2015,pantomime-jazz-back-2015,jazz-back-2015,pantomime,2015,pantomime-jazz-back-2015.mp3,True,https://pantomimejazz.bandcamp.com](https://pantomimejazz.bandcamp.com,generic,True,2
2015 - Paulo Dantas Cidade Arquipelago,paulo-dantas-cidade-arquipelago-2015,Paulo Dantas Cidade Arquipelago,,2015,paulo-dantas-cidade-arquipelago-2015.mp3,True,https://seminalrecords.bandcamp.com/album/cidade-arquip-lago,album,True,2
2015 - Plumarino Orbital Geometry Of Exosolar,plumarino-orbital-geometry-of-exosolar,Plumarino Orbital Geometry Of Exosolar,,2015,plumarino-orbital-geometry-of-exosolar.mp3,True,http://midia84.bandcamp.com/album/orbital-geometry-of-exosolar-planetary-systems**](http://midia84.bandcamp.com/album/orbital-geometry-of-exosolar-planetary-systems,album,True,2
2015 - Plumarino Random Access Ep,plumarino-random-access-ep-2015,Plumarino Random Access Ep,,2015,plumarino-random-access-ep-2015.mp3,True,http://midia84.bandcamp.com/album/random-access-ep,album,True,2
2015 - Pork Suicidal 21615 Ep,pork-suicidal-21615-ep-2015,Pork Suicidal 21615 Ep,,2015,pork-suicidal-21615-ep-2015.mp3,True,https://porksuicidal.bandcamp.com**](https://porksuicidal.bandcamp.com,generic,True,2
2015 - Porreria Demanto - Split Porreria Demanto,porreria-demanto-split-porreria-demanto,Split Porreria Demanto,Porreria Demanto,2015,porreria-demanto-split-porreria-demanto.mp3,True,https://demanto.bandcamp.com,generic,True,2
2015 - postura-marta-2015,postura-marta-2015,marta-2015,postura,2015,postura-marta-2015.mp3,True,https://posturahardcore.bandcamp.com**](https://posturahardcore.bandcamp.com,generic,True,2
2015 - Projeto Secreto Macacos - Projeto Secreto Macacos,projeto-secreto-macacos-projeto-secreto,Projeto Secreto Macacos,Projeto Secreto Macacos,2015,projeto-secreto-macacos-projeto-secreto.mp3,True,https://projetosecretomacacos.bandcamp.com,generic,True,2
2015 - radiotape-enquanto-os-outros-dormem-2015,radiotape-enquanto-os-outros-dormem-2015,enquanto-os-outros-dormem-2015,radiotape,2015,radiotape-enquanto-os-outros-dormem-2015.mp3,True,https://radiotape.bandcamp.com/**](https://radiotape.bandcamp.com,generic,True,2
2015 - Rakta Rakta Em Transe,rakta-rakta-em-transe-2015,Rakta Rakta Em Transe,,2015,rakta-rakta-em-transe-2015.mp3,True,http://damadanoitediscos.bandcamp.com/album/rakta-em-transe-s-t-7**](http://damadanoitediscos.bandcamp.com/album/rakta-em-transe-s-t-7,album,True,2
2015 - refutare-o-mapa-2015,refutare-o-mapa-2015,o-mapa-2015,refutare,2015,refutare-o-mapa-2015.mp3,True,https://refutare.bandcamp.com**](https://refutare.bandcamp.com,generic,True,2
2015 - Repetentes 2008 Curriculum Tenebrae,repetentes-2008-curriculum-tenebrae-2015,Repetentes 2008 Curriculum Tenebrae,,2015,repetentes-2008-curriculum-tenebrae-2015.mp3,True,http://40porcentofodabarramaneirissimo.bandcamp.com/album/curriculum-tenebrae,album,True,2
2015 - repugnacao-demo-2015,repugnacao-demo-2015,demo-2015,repugnacao,2015,repugnacao-demo-2015.mp3,True,https://repugnacao.bandcamp.com**](https://repugnacao.bandcamp.com,generic,True,2
2015 - ricardo-dias-gomes-11-2015,ricardo-dias-gomes-11-2015,dias-gomes-11-2015,ricardo,2015,ricardo-dias-gomes-11-2015.mp3,True,https://ricardodiasgomes.bandcamp.com,generic,True,2
2015 - Rivotrio 2mg Quer Um Pouquinho,rivotrio-2mg-quer-um-pouquinho-2015,Rivotrio 2mg Quer Um Pouquinho,,2015,rivotrio-2mg-quer-um-pouquinho-2015.mp3,True,https://rivotrio2mg.bandcamp.com/album/quer-um-pouquinho,album,True,2
2015 - ronco-ep-2015,ronco-ep-2015,ep-2015,ronco,2015,ronco-ep-2015.mp3,True,https://brechdiscos.bandcamp.com/album/ep-6,album,True,2
2015 - rond-gaspar-barcos-de-papel-2015,rond-gaspar-barcos-de-papel-2015,gaspar-barcos-de-papel-2015,rond,2015,rond-gaspar-barcos-de-papel-2015.mp3,True,https://rondgaspar.bandcamp.com/**](https://rondgaspar.bandcamp.com,generic,True,2
2015 - RSD001 - Carlos Dias,carlos-dias-rolo-seco-2015,Carlos Dias,RSD001,2015,carlos-dias-rolo-seco-2015.mp3,True,https://roloseco.bandcamp.com/album/carlos-dias,album,True,2
2015 - Ruido De Maquina Curiosa Heranca,ruido-de-maquina-curiosa-heranca-2015,Ruido De Maquina Curiosa Heranca,,2015,ruido-de-maquina-curiosa-heranca-2015.mp3,True,https://ruidodemaquina.bandcamp.com,generic,True,2
2015 - Running Like Lions - Elephant Supersoul,running-like-lions-elephant-supersoul,Elephant Supersoul,Running Like Lions,2015,running-like-lions-elephant-supersoul.mp3,True,https://runninglikelions.bandcamp.com/**](https://runninglikelions.bandcamp.com,generic,True,2
2015 - Satvrn Satvrn Contato,satvrn-satvrn-contato-2015,Satvrn Satvrn Contato,,2015,satvrn-satvrn-contato-2015.mp3,True,http://midia84.bandcamp.com/album/contato,album,True,2
2015 - Senomar Onze,senomar-onze-2015,Senomar Onze,,2015,senomar-onze-2015.mp3,True,http://polidorodiscos.bandcamp.com/album/onze-2015**](http://polidorodiscos.bandcamp.com/album/onze-2015,album,True,2
2015 - sentidor-diluvio-2015,sentidor-diluvio-2015,diluvio-2015,sentidor,2015,sentidor-diluvio-2015.mp3,True,https://sentidor.bandcamp.com,generic,True,2
2015 - Simplicio Neto Os Nefelibatas Terror,simplicio-neto-os-nefelibatas-terror,Simplicio Neto Os Nefelibatas Terror,,2015,simplicio-neto-os-nefelibatas-terror.mp3,True,http://osnefelibatas.bandcamp.com/album/terror-vaudeville-ep-2-2015,album,True,2
2015 - siracusa-siracusa-2015,siracusa-siracusa-2015,siracusa-2015,siracusa,2015,siracusa-siracusa-2015.mp3,True,https://syracuseofficial.bandcamp.com**](https://syracuseofficial.bandcamp.com,generic,True,2
2015 - Sound Sapiens Macacos Interligados,sound-sapiens-macacos-interligados-2015,Sound Sapiens Macacos Interligados,,2015,sound-sapiens-macacos-interligados-2015.mp3,True,http://soundsapiens.bandcamp.com/album/macacos-interligados,album,True,2
2015 - stupid-planet-behind-sun-untitled-2015,stupid-planet-behind-sun-untitled-2015,planet-behind-sun-untitled-2015,stupid,2015,stupid-planet-behind-sun-untitled-2015.mp3,True,https://stupidplanetbehindthesun.bandcamp.com,generic,True,2
2015 - sulfurica-billi-lei-2015,sulfurica-billi-lei-2015,billi-lei-2015,sulfurica,2015,sulfurica-billi-lei-2015.mp3,True,https://sulfuricabilli.bandcamp.com/**](https://sulfuricabilli.bandcamp.com,generic,True,2
2015 - Sunn O Ao Vivo Em Londres,sunn-o-ao-vivo-em-londres-2012,Sunn O Ao Vivo Em Londres,,2015,sunn-o-ao-vivo-em-londres-2012.mp3,True,https://sunn.bandcamp.com,generic,True,2
2015 - superbad-superbad-2015,superbad-superbad-2015,superbad-2015,superbad,2015,superbad-superbad-2015.mp3,True,https://superbadhardcore.bandcamp.com,generic,True,2
2015 - Supercordas Terceira Terra,supercordas-terceira-terra-2015,Supercordas Terceira Terra,,2015,supercordas-terceira-terra-2015.mp3,True,https://balaclavarecords.bandcamp.com/**](https://balaclavarecords.bandcamp.com,generic,True,2
2015 - Talude - 2015 - Talude - Talude Fragmento,talude-fragmento-2017,2015 - Talude - Talude Fragmento,Talude,2015,talude-fragmento-2017.mp3,True,https://talude.bandcamp.com,generic,True,2
2015 - teenage-buzz-generation-dreams-2015,teenage-buzz-generation-dreams-2015,buzz-generation-dreams-2015,teenage,2015,teenage-buzz-generation-dreams-2015.mp3,True,https://teenagebuzz.bandcamp.com,generic,True,2
2015 - terno rei - Trem Leva Minhas Pernas,terno-rei-vigilia-2014,Trem Leva Minhas Pernas,terno rei,2015,terno-rei-vigilia-2014.mp3,True,https://ternorei.bandcamp.com,generic,True,2
2015 - The Cigarettes Waste Land,the-cigarettes-waste-land-2015,The Cigarettes Waste Land,,2015,the-cigarettes-waste-land-2015.mp3,True,https://midsummermadness.bandcamp.com/album/the-waste-land,album,True,2
2015 - The Flying Tea Company - A Ride to the Centre of the Meditative Unvierse,the-flying-tea-company-ride-to-centre,A Ride to the Centre of the Meditative Unvierse,The Flying Tea Company,2015,the-flying-tea-company-ride-to-centre.mp3,True,https://theflyingteacompany.bandcamp.com](https://theflyingteacompany.bandcamp.com,generic,True,2
2015 - the-fee-sol-voltou-2015,the-fee-sol-voltou-2015,fee-sol-voltou-2015,the,2015,the-fee-sol-voltou-2015.mp3,True,https://thefee.bandcamp.com,generic,True,2
2015 - thiago-miazzo-volume-2-2015,thiago-miazzo-volume-2-2015,miazzo-volume-2-2015,thiago,2015,thiago-miazzo-volume-2-2015.mp3,True,https://thiagomiazzo.bandcamp.com](https://thiagomiazzo.bandcamp.com,generic,True,2
2015 - tomodachi-nada-2015,tomodachi-nada-2015,nada-2015,tomodachi,2015,tomodachi-nada-2015.mp3,True,https://tmdch.bandcamp.com,generic,True,2
2015 - tomodachi-segundo-ep-2015,tomodachi-segundo-ep-2015,segundo-ep-2015,tomodachi,2015,tomodachi-segundo-ep-2015.mp3,True,https://tmdch.bandcamp.com,generic,True,2
2015 - Transparente Intenso Transparente,transparente-intenso-transparente,Transparente Intenso Transparente,,2015,transparente-intenso-transparente.mp3,True,https://transparenteintenso.bandcamp.com**](https://transparenteintenso.bandcamp.com,generic,True,2
2015 - Trompa de Falácia - Trompa de Falácia - EP 1,trompa-de-falacia-trompa-de-falacia-ep1,Trompa de Falácia - EP 1,Trompa de Falácia,2015,trompa-de-falacia-trompa-de-falacia-ep1.mp3,True,https://trompadefalcia.bandcamp.com/album/trompa-de-fal-cia-ep-1,album,True,2
2015 - Twelve Street Twelve Street,twelve-street-twelve-street-2013,Twelve Street Twelve Street,,2015,twelve-street-twelve-street-2013.mp3,True,https://twelvestreet.bandcamp.com,generic,True,2
2015 - v-de-ventura-pelo-olho-magico-2015,v-de-ventura-pelo-olho-magico-2015,de-ventura-pelo-olho-magico-2015,v,2015,v-de-ventura-pelo-olho-magico-2015.mp3,True,https://vdeventura.bandcamp.com**](https://vdeventura.bandcamp.com,generic,True,2
2015 - Valsa Binaria 10,valsa-binaria-10-2015,Valsa Binaria 10,,2015,valsa-binaria-10-2015.mp3,True,https://valsabinaria.bandcamp.com/album/10,album,True,2
2015 - vario-chroma-palimpsesto-2015,vario-chroma-palimpsesto-2015,chroma-palimpsesto-2015,vario,2015,vario-chroma-palimpsesto-2015.mp3,True,https://variochroma.bandcamp.com,generic,True,2
2015 - venore-reconstruir-2015,venore-reconstruir-2015,reconstruir-2015,venore,2015,venore-reconstruir-2015.mp3,True,https://venore.bandcamp.com,generic,True,2
2015 - verjault-brainflesh-2015,verjault-brainflesh-2015,brainflesh-2015,verjault,2015,verjault-brainflesh-2015.mp3,True,https://verjault.bandcamp.com,generic,True,2
2015 - Vespertinos Vespertinos,vespertinos-vespertinos-2015,Vespertinos Vespertinos,,2015,vespertinos-vespertinos-2015.mp3,True,http://vespertinos.bandcamp.com/album/vespertinos,album,True,2
2015 - Vruumm Vruumm,vruumm-vruumm-2015,Vruumm Vruumm,,2015,vruumm-vruumm-2015.mp3,True,https://monotunerecords.bandcamp.com/album/vruumm-lbum-2015**](https://monotunerecords.bandcamp.com/album/vruumm-lbum-2015,album,True,2
2015 - Wallace Costa Vanished,wallace-costa-vanished-2015,Wallace Costa Vanished,,2015,wallace-costa-vanished-2015.mp3,True,https://wallacecosta.bandcamp.com**](https://wallacecosta.bandcamp.com,generic,True,2
2015 - western-folks-western-folks-ep-2015,western-folks-western-folks-ep-2015,folks-western-folks-ep-2015,western,2015,western-folks-western-folks-ep-2015.mp3,True,https://westernfolks.bandcamp.com](https://westernfolks.bandcamp.com,generic,True,2
2015 - Winteryard Endless Winter,winteryard-endless-winter-2015,Winteryard Endless Winter,,2015,winteryard-endless-winter-2015.mp3,True,http://monotunerecords.bandcamp.com/album/endless-winter-ep-2015**](http://monotunerecords.bandcamp.com/album/endless-winter-ep-2015,album,True,2
2015 - xand-onirico-2015,xand-onirico-2015,onirico-2015,xand,2015,xand-onirico-2015.mp3,True,https://xandmusica.bandcamp.com](https://xandmusica.bandcamp.com,generic,True,2
2015 - Zababo Zebrinha - Carnificinas de Paixão,zababo-zebrinha-carnificinas-de-paixao,Carnificinas de Paixão,Zababo Zebrinha,2015,zababo-zebrinha-carnificinas-de-paixao.mp3,True,https://zababozebrinha.bandcamp.com,generic,True,2
2015 - Ze Vito Pode Ser,ze-vito-pode-ser-2015,Ze Vito Pode Ser,,2015,ze-vito-pode-ser-2015.mp3,True,https://zevito.bandcamp.com/album/pode-ser,album,True,2
2015 - Zeca Viana Estancia,zeca-viana-estancia-2015,Zeca Viana Estancia,,2015,zeca-viana-estancia-2015.mp3,True,https://zecaviana.bandcamp.com,generic,True,2
2015 - Zenicola Miazzo Spit,zenicola-miazzo-spit-2015,Zenicola Miazzo Spit,,2015,zenicola-miazzo-spit-2015.mp3,True,http://deladela.bandcamp.com/album/sp-it**](http://deladela.bandcamp.com/album/sp-it,album,True,2
2015 - zulu-subir-de-nivel-2015,zulu-subir-de-nivel-2015,subir-de-nivel-2015,zulu,2015,zulu-subir-de-nivel-2015.mp3,True,https://zuluimg.bandcamp.com,generic,True,2
2014 - 151515 Afraid Of Width,151515-afraid-of-width-2014,151515 Afraid Of Width,,2014,151515-afraid-of-width-2014.mp3,True,http://transtorninhorecords.bandcamp.com/album/afraid-of-width,album,True,2
2014 - A Fase Rosa Leveza,a-fase-rosa-leveza-2014,A Fase Rosa Leveza,,2014,a-fase-rosa-leveza-2014.mp3,True,https://afaserosa.bandcamp.com,generic,True,2
2014 - Acordes Seletos - Gororobacore EP,acordes-seletos-gororobacore-ep-2014,Gororobacore EP,Acordes Seletos,2014,acordes-seletos-gororobacore-ep-2014.mp3,True,https://acordesseletos.bandcamp.com,generic,True,2
2014 - adelino-breve-2014,adelino-breve-2014,breve-2014,adelino,2014,adelino-breve-2014.mp3,True,https://adelino.bandcamp.com,generic,True,2
2014 - adeus-pai-2014,adeus-pai-2014,pai-2014,adeus,2014,adeus-pai-2014.mp3,True,https://adeus.bandcamp.com,generic,True,2
2014 - albertinho-dos-reys-justamente-2014,albertinho-dos-reys-justamente-2014,dos-reys-justamente-2014,albertinho,2014,albertinho-dos-reys-justamente-2014.mp3,True,https://albertinhodosreys.bandcamp.com,generic,True,2
2014 - Alegorica Supersomos,alegorica-supersomos-2014,Alegorica Supersomos,,2014,alegorica-supersomos-2014.mp3,True,http://alegorica.bandcamp.com/album/supersomos,album,True,2
2014 - anti-corpos-contra-ataque-2014,anti-corpos-contra-ataque-2014,corpos-contra-ataque-2014,anti,2014,anti-corpos-contra-ataque-2014.mp3,True,https://anti-corpos.bandcamp.com,generic,True,2
2014 - Antiprisma Antiprisma Ep,antiprisma-antiprisma-ep-2014,Antiprisma Antiprisma Ep,,2014,antiprisma-antiprisma-ep-2014.mp3,True,http://monotunerecords.bandcamp.com/album/antiprisma-ep-2014,album,True,2
2014 - assopro-assopro-ep-2014,assopro-assopro-ep-2014,assopro-ep-2014,assopro,2014,assopro-assopro-ep-2014.mp3,True,https://assopro.bandcamp.com,generic,True,2
2014 - atire-em-meu-peito-tiempo-lejano-2014,atire-em-meu-peito-tiempo-lejano-2014,em-meu-peito-tiempo-lejano-2014,atire,2014,atire-em-meu-peito-tiempo-lejano-2014.mp3,True,https://atireemmeupeito.bandcamp.com,generic,True,2
2014 - Aurora - Aurora,aurora-aurora-2014_4,Aurora,Aurora,2014,aurora-aurora-2014_4.mp3,True,https://auroraaurora.bandcamp.com,generic,True,2
2014 - barulhista-grushenka-2014,barulhista-grushenka-2014,grushenka-2014,barulhista,2014,barulhista-grushenka-2014.mp3,True,https://barulhista.bandcamp.com,generic,True,2
2014 - bemônio congregação - congregação (live),bemonio-congregacao-2014,congregação (live),bemônio congregação,2014,bemonio-congregacao-2014.mp3,True,http://bemonio.bandcamp.com/album/congrega-o,album,True,2
2014 - bentvi-po-de-vidro-2014,bentvi-po-de-vidro-2014,po-de-vidro-2014,bentvi,2014,bentvi-po-de-vidro-2014.mp3,True,https://bentvi.bandcamp.com,generic,True,2
2014 - Biél - Macumba 2,biel-macumba-2-2014,Macumba 2,Biél,2014,biel-macumba-2-2014.mp3,True,http://gdbb.bandcamp.com/album/macumba-2,album,True,2
2014 - black-manhattan-ep-2014,black-manhattan-ep-2014,manhattan-ep-2014,black,2014,black-manhattan-ep-2014.mp3,True,https://blackmanhattan.bandcamp.com,generic,True,2
2014 - brinquedo-velho-bom-dia-mundo-2014,brinquedo-velho-bom-dia-mundo-2014,velho-bom-dia-mundo-2014,brinquedo,2014,brinquedo-velho-bom-dia-mundo-2014.mp3,True,https://brinquedovelho.bandcamp.com,generic,True,2
2014 - Bruno Fleming Cama Mole,bruno-fleming-cama-mole-2014,Bruno Fleming Cama Mole,,2014,bruno-fleming-cama-mole-2014.mp3,True,http://bruno-fleming.bandcamp.com/album/cama-mole,album,True,2
2014 - Bruno Real Alternative Guide Ep,bruno-real-alternative-guide-ep-2014,Bruno Real Alternative Guide Ep,,2014,bruno-real-alternative-guide-ep-2014.mp3,True,http://brunoreal.bandcamp.com/album/an-alternative-guide-ep,album,True,2
2014 - bufalo-belico-bufalo-belico-ep-2014,bufalo-belico-bufalo-belico-ep-2014,belico-bufalo-belico-ep-2014,bufalo,2014,bufalo-belico-bufalo-belico-ep-2014.mp3,True,https://bufalobelico.bandcamp.com,generic,True,2
2014 - buffalo-trio-buffalo-trio-ep-2014,buffalo-trio-buffalo-trio-ep-2014,trio-buffalo-trio-ep-2014,buffalo,2014,buffalo-trio-buffalo-trio-ep-2014.mp3,True,https://buffalotrio.bandcamp.com,generic,True,2
2014 - Bugio Bugio,bugio-bugio-2014,Bugio Bugio,,2014,bugio-bugio-2014.mp3,True,http://brava.bandcamp.com/album/bugio,album,True,2
2014 - buistra-demo-ensaio-2014,buistra-demo-ensaio-2014,demo-ensaio-2014,buistra,2014,buistra-demo-ensaio-2014.mp3,True,https://buistra.bandcamp.com,generic,True,2
2014 - Cadaver Em Transe Lp,cadaver-em-transe-lp-2014,Cadaver Em Transe Lp,,2014,cadaver-em-transe-lp-2014.mp3,True,https://cadaveremtranse.bandcamp.com,generic,True,2
2014 - cadu-tenorio-19871990-2014,cadu-tenorio-19871990-2014,tenorio-19871990-2014,cadu,2014,cadu-tenorio-19871990-2014.mp3,True,https://victimnoise.bandcamp.com,generic,True,2
2014 - Caffeine Blues - Entre o Céu e o Inferno,caffeine-blues-entre-o-ceu-e-o-inferno,Entre o Céu e o Inferno,Caffeine Blues,2014,caffeine-blues-entre-o-ceu-e-o-inferno.mp3,True,https://caffeineblues.bandcamp.com,generic,True,2
2014 - cais-virado-com-lirio-nos-olhos-2014,cais-virado-com-lirio-nos-olhos-2014,virado-com-lirio-nos-olhos-2014,cais,2014,cais-virado-com-lirio-nos-olhos-2014.mp3,True,https://caisvirado.bandcamp.com,generic,True,2
2014 - capella-death-is-privilege-2014,capella-death-is-privilege-2014,death-is-privilege-2014,capella,2014,capella-death-is-privilege-2014.mp3,True,http://allepac.bandcamp.com/album/death-is-a-privilege,album,True,2
2014 - Carro De Passeio Es Passo,carro-de-passeio-es-passo-2014,Carro De Passeio Es Passo,,2014,carro-de-passeio-es-passo-2014.mp3,True,http://carrodepasseio.bandcamp.com/album/es-passo,album,True,2
2014 - Castelan Recycle,castelan-recycle-2014,Castelan Recycle,,2014,castelan-recycle-2014.mp3,True,http://somosnas.bandcamp.com/album/recycle-nas010,album,True,2
2014 - catarro-split-with-feed-me-more-2014,catarro-split-with-feed-me-more-2014,split-with-feed-me-more-2014,catarro,2014,catarro-split-with-feed-me-more-2014.mp3,True,https://catarro.bandcamp.com,generic,True,2
2014 - catavento-lost-youth-against-rush-2014,catavento-lost-youth-against-rush-2014,lost-youth-against-rush-2014,catavento,2014,catavento-lost-youth-against-rush-2014.mp3,True,https://catavento.bandcamp.com,generic,True,2
2014 - Cattleys Gardener Cinza,cattleys-gardener-cinza-2014,Cattleys Gardener Cinza,,2014,cattleys-gardener-cinza-2014.mp3,True,http://cattleysgardener.bandcamp.com/album/cinza,album,True,2
2014 - chademolusco-obasquiat-jam-sessions-2014,chademolusco-obasquiat-jam-sessions-2014,obasquiat-jam-sessions-2014,chademolusco,2014,chademolusco-obasquiat-jam-sessions-2014.mp3,True,http://various18.bandcamp.com/album/split-jam-sessions-chademolusco-obasquiat,album,True,2
2014 - Chapa Mamba St,chapa-mamba-st-2014,Chapa Mamba St,,2014,chapa-mamba-st-2014.mp3,True,https://chapamamba.bandcamp.com,generic,True,2
2014 - chewie-when-sea-becomes-sky-2014,chewie-when-sea-becomes-sky-2014,when-sea-becomes-sky-2014,chewie,2014,chewie-when-sea-becomes-sky-2014.mp3,True,https://chewietheband.bandcamp.com,generic,True,2
2014 - chinese-cookie-poets-2014,chinese-cookie-poets-2014,cookie-poets-2014,chinese,2014,chinese-cookie-poets-2014.mp3,True,http://quintavant.bandcamp.com/album/qtv-006,album,True,2
2014 - chute-no-rim-peste-virtual-2014,chute-no-rim-peste-virtual-2014,no-rim-peste-virtual-2014,chute,2014,chute-no-rim-peste-virtual-2014.mp3,True,https://chutenorim.bandcamp.com](https://chutenorim.bandcamp.com,generic,True,2
2014 - Chuva Negra Meio Termo,chuva-negra-meio-termo-2014,Chuva Negra Meio Termo,,2014,chuva-negra-meio-termo-2014.mp3,True,http://togetherrecords.bandcamp.com/album/meio-termo,album,True,2
2014 - Clem Snide Ao Vivo No Mercury Lounge,clem-snide-ao-vivo-no-mercury-lounge,Clem Snide Ao Vivo No Mercury Lounge,,2014,clem-snide-ao-vivo-no-mercury-lounge.mp3,True,https://eefbarzelay-clemsnide.bandcamp.com,generic,True,2
2014 - Cloud Whale Sleeplessummer,cloud-whale-sleeplessummer-2014,Cloud Whale Sleeplessummer,,2014,cloud-whale-sleeplessummer-2014.mp3,True,https://cloudwhale.bandcamp.com,generic,True,2
2014 - cloudwhale - Sleeplessummer,cloud-whale-sleeplessummer-2014,Sleeplessummer,cloudwhale,2014,cloud-whale-sleeplessummer-2014.mp3,True,https://cloudwhale.bandcamp.com,generic,True,2
2014 - Cocaine Cobras - Cocaine Cobras EP III,cocaine-cobras-cocaine-cobras-ep-iii,Cocaine Cobras EP III,Cocaine Cobras,2014,cocaine-cobras-cocaine-cobras-ep-iii.mp3,True,https://thecocainecobras.bandcamp.com,generic,True,2
2014 - Coletanea - Hy Brazil Vol5: New Experimental Music From Brazil,coletanea-hy-brazil-vol-5-new,Hy Brazil Vol5: New Experimental Music From Brazil,Coletanea,2014,coletanea-hy-brazil-vol-5-new.mp3,True,http://chicodub.bandcamp.com/album/hy-brazil-vol-5-new-experimental-music-from-brazil-2014,album,True,2
2014 - Coletanea Diarios Emocionais Vl 2,coletanea-diarios-emocionais-vl-2-2014,Coletanea Diarios Emocionais Vl 2,,2014,coletanea-diarios-emocionais-vl-2-2014.mp3,True,http://bichanorecords.bandcamp.com/album/di-rios-emocionais-vol-2,album,True,2
2014 - Coletanea Fall From Stars,coletanea-fall-from-stars-2002,Coletanea Fall From Stars,,2014,coletanea-fall-from-stars-2002.mp3,True,http://nenealtro.bandcamp.com/album/fall-from-the-stars,album,True,2
2014 - Coletanea Gran Noise Family,coletanea-gran-noise-family-2014,Coletanea Gran Noise Family,,2014,coletanea-gran-noise-family-2014.mp3,True,http://transfusaonoiserecords.bandcamp.com/album/gran-noise-family**](http://transfusaonoiserecords.bandcamp.com/album/gran-noise-family,album,True,2
2014 - Comando Circulo Avesso - História Invisível,comando-circulo-avesso-historia,História Invisível,Comando Circulo Avesso,2014,comando-circulo-avesso-historia.mp3,True,http://meia-vida.bandcamp.com/album/hist-ria-invis-vel,album,True,2
2014 - constrict-demo-2014,constrict-demo-2014,demo-2014,constrict,2014,constrict-demo-2014.mp3,True,https://constrictband.bandcamp.com,generic,True,2
2014 - containers-free-of-me-2014,containers-free-of-me-2014,free-of-me-2014,containers,2014,containers-free-of-me-2014.mp3,True,https://containers1.bandcamp.com,generic,True,2
2014 - corpo-morto-demonstracoes-2014,corpo-morto-demonstracoes-2014,morto-demonstracoes-2014,corpo,2014,corpo-morto-demonstracoes-2014.mp3,True,http://kingdomofgoatrecords.bandcamp.com/album/corpo-morto-demonstra-es,album,True,2
2014 - D I G R M Demo,d-i-g-r-m-demo-2014,D I G R M Demo,,2014,d-i-g-r-m-demo-2014.mp3,True,http://dddiagrama.bandcamp.com/album/demo-2014,album,True,2
2014 - dark-haze-dark-haze-ep-2014,dark-haze-dark-haze-ep-2014,haze-dark-haze-ep-2014,dark,2014,dark-haze-dark-haze-ep-2014.mp3,True,https://darkhaze.bandcamp.com,generic,True,2
2014 - Deafkids Upper Hand,deafkids-upper-hand-2013,Deafkids Upper Hand,,2014,deafkids-upper-hand-2013.mp3,True,https://deafkidspunx.bandcamp.com**](https://deafkidspunx.bandcamp.com,generic,True,2
2014 - death-trip-arabian-caravan-2014,death-trip-arabian-caravan-2014,trip-arabian-caravan-2014,death,2014,death-trip-arabian-caravan-2014.mp3,True,https://thedeathtrip.bandcamp.com,generic,True,2
2014 - dedo-rainha-2014,dedo-rainha-2014,rainha-2014,dedo,2014,dedo-rainha-2014.mp3,True,http://quintavant.bandcamp.com/album/qtv-005-rainha,album,True,2
2014 - Defuntos Putridos - O Cadáver Está Vivo!,defuntos-putridos-o-cadaver-esta-vivo,O Cadáver Está Vivo!,Defuntos Putridos,2014,defuntos-putridos-o-cadaver-esta-vivo.mp3,True,https://putrefarecords.bandcamp.com,generic,True,2
2014 - Desalma - Espírito de Porco,02 C.U,Espírito de Porco,Desalma,2014,02 C.U.mp3,False,,none,True,2
2014 - Desalmado Estado Escravo,desalmado-estado-escravo-2014,Desalmado Estado Escravo,,2014,desalmado-estado-escravo-2014.mp3,True,http://desalmado.bandcamp.com/album/estado-escravo-2,album,True,2
2014 - deus-e-um-matematico-teorema-2014,deus-e-um-matematico-teorema-2014,e-um-matematico-teorema-2014,deus,2014,deus-e-um-matematico-teorema-2014.mp3,True,https://bichanorecords.bandcamp.com/album/teorema,album,True,2
2014 - devir-sem-encaixe-2014,devir-sem-encaixe-2014,sem-encaixe-2014,devir,2014,devir-sem-encaixe-2014.mp3,True,https://devir-scs.bandcamp.com,generic,True,2
2014 - Diaz Nuances Bizarras Sobre Condicoes,diaz-nuances-bizarras-sobre-condicoes,Diaz Nuances Bizarras Sobre Condicoes,,2014,diaz-nuances-bizarras-sobre-condicoes.mp3,True,https://polidorodiscos.bandcamp.com/album/diaz-nuances-bizarras-sobre-condi-es-dversas,album,True,2
2014 - dismembra-excerto-i-2014,dismembra-excerto-i-2014,excerto-i-2014,dismembra,2014,dismembra-excerto-i-2014.mp3,True,http://meia-vida.bandcamp.com/album/excerto-i**](http://meia-vida.bandcamp.com/album/excerto-i,album,True,2
2014 - Don Ramon - Fatso is Watchin' You: Bring the Past Back to LIVE!,don-ramon-fatso-is-watchin-you-bring,Fatso is Watchin' You: Bring the Past Back to LIVE!,Don Ramon,2014,don-ramon-fatso-is-watchin-you-bring.mp3,True,https://donramonfuckinrules.bandcamp.com**](https://donramonfuckinrules.bandcamp.com,generic,True,2
2014 - Doyoulike - Até Onde Meus Pés Aguentarem,doyoulike-ate-onde-meus-pes-aguentarem,Até Onde Meus Pés Aguentarem,Doyoulike,2014,doyoulike-ate-onde-meus-pes-aguentarem.mp3,True,https://doyoulikeoficial.bandcamp.com,generic,True,2
2014 - Droid On Metadistonia,droid-on-metadistonia-2014,Droid On Metadistonia,,2014,droid-on-metadistonia-2014.mp3,True,https://droidon.bandcamp.com,generic,True,2
2014 - dupladinamica1-sei-la-2014,dupladinamica1-sei-la-2014,sei-la-2014,dupladinamica1,2014,dupladinamica1-sei-la-2014.mp3,True,http://bichanorecords.bandcamp.com/album/sei-l,album,True,2
2014 - Elma - James Bronson Flores (2014),elma-elma-lp-2012,James Bronson Flores (2014),Elma,2014,elma-elma-lp-2012.mp3,True,https://elma.bandcamp.com,generic,True,2
2014 - Ema Stoned Gema,ema-stoned-gema-2013,Ema Stoned Gema,,2014,ema-stoned-gema-2013.mp3,True,http://emastoned.bandcamp.com/album/gema,album,True,2
2014 - esmectatons-farting-2014,esmectatons-farting-2014,farting-2014,esmectatons,2014,esmectatons-farting-2014.mp3,True,https://esmectatons.bandcamp.com/**](https://esmectatons.bandcamp.com,generic,True,2
2014 - estteio-estteio-2014,estteio-estteio-2014,estteio-2014,estteio,2014,estteio-estteio-2014.mp3,True,https://estteio.bandcamp.com](https://estteio.bandcamp.com,generic,True,2
2014 - everyone-goes-to-space-demo-2014,everyone-goes-to-space-demo-2014,goes-to-space-demo-2014,everyone,2014,everyone-goes-to-space-demo-2014.mp3,True,http://umbadubarecords.bandcamp.com/album/everyone-goes-to-space-demo,album,True,2
2014 - Evil Matchers Pre Release Ep,evil-matchers-pre-release-ep-2013,Evil Matchers Pre Release Ep,,2014,evil-matchers-pre-release-ep-2013.mp3,True,https://www.evilmatchers.bandcamp.com,generic,True,2
2014 - Farmacopeia Suicidio,farmacopeia-suicidio-2014,Farmacopeia Suicidio,,2014,farmacopeia-suicidio-2014.mp3,True,http://farmacopeia.bandcamp.com/album/suic-dio,album,True,2
2014 - Febre do Rato - Demo,febre-do-rato-demo-2014,Demo,Febre do Rato,2014,febre-do-rato-demo-2014.mp3,True,http://febredorato.bandcamp.com/album/demo,album,True,2
2014 - Ferroni - Oscilações,ferroni-oscilacoes-2014,Oscilações,Ferroni,2014,ferroni-oscilacoes-2014.mp3,True,https://ferroni.bandcamp.com,generic,True,2
2014 - formafluida-multitude-ep-2014,formafluida-multitude-ep-2014,multitude-ep-2014,formafluida,2014,formafluida-multitude-ep-2014.mp3,True,https://fluxxx.bandcamp.com,generic,True,2
2014 - FORMOL - FORMOL - Discurso e Resiliência,formol-discurso-e-resiliencia-2014,FORMOL - Discurso e Resiliência,FORMOL,2014,formol-discurso-e-resiliencia-2014.mp3,True,http://microndas.bandcamp.com/album/formol-discurso-e-resili-ncia,album,True,2
2014 - Frabin Selfish,frabin-selfish-2014,Frabin Selfish,,2014,frabin-selfish-2014.mp3,True,http://midsummermadness.bandcamp.com/album/selfish,album,True,2
2014 - frozen-institute-chamber-ep-2014,frozen-institute-chamber-ep-2014,institute-chamber-ep-2014,frozen,2014,frozen-institute-chamber-ep-2014.mp3,True,https://frozeninstitute.bandcamp.com,generic,True,2
2014 - fumaca-gasnierariosa-2014,fumaca-gasnierariosa-2014,gasnierariosa-2014,fumaca,2014,fumaca-gasnierariosa-2014.mp3,True,https://fumaa.bandcamp.com,generic,True,2
2014 - Fábrica - Dois,02 Vambora,Dois,Fábrica,2014,02 Vambora.mp3,False,,none,True,2
2014 - Gattopardo - Gattopardo LP,gattopardo-gattopardo-lp-2014,Gattopardo LP,Gattopardo,2014,gattopardo-gattopardo-lp-2014.mp3,True,http://gattopardo.bandcamp.com/album/gattopardo-lp,album,True,2
2014 - Giallos Giallos At Pompeii,giallos-giallos-at-pompeii-2014,Giallos Giallos At Pompeii,,2014,giallos-giallos-at-pompeii-2014.mp3,True,http://giallos.bandcamp.com/album/giallos-at-pompeii,album,True,2
2014 - God Pussy - Essa porra prá Dercy,god-pussy-essa-porra-pra-dercy-2014,Essa porra prá Dercy,God Pussy,2014,god-pussy-essa-porra-pra-dercy-2014.mp3,True,http://suburbanaco.bandcamp.com/album/essa-porra-pr-dercy,album,True,2
2014 - h-variatio-2014,h-variatio-2014,variatio-2014,h,2014,h-variatio-2014.mp3,True,http://meia-vida.bandcamp.com/album/variatio,album,True,2
2014 - Heitor Dantas Absoleto,heitor-dantas-absoleto-2013,Heitor Dantas Absoleto,,2014,heitor-dantas-absoleto-2013.mp3,True,http://heitordantas.bandcamp.com/album/absoleto,album,True,2
2014 - helga-helga-2014,helga-helga-2014,helga-2014,helga,2014,helga-helga-2014.mp3,True,https://helgaoficial.bandcamp.com,generic,True,2
2014 - horace-green-madeira-2014,horace-green-madeira-2014,green-madeira-2014,horace,2014,horace-green-madeira-2014.mp3,True,https://horacegreen.bandcamp.com,generic,True,2
2014 - I Am Nihil - B-Sides,i-am-nihil-manifestations-2012,B-Sides,I Am Nihil,2014,i-am-nihil-manifestations-2012.mp3,True,https://iamnihil.bandcamp.com/**](https://iamnihil.bandcamp.com,generic,True,2
2014 - I Saw Devil Demo,i-saw-devil-demo-2014,I Saw Devil Demo,,2014,i-saw-devil-demo-2014.mp3,True,http://istd.bandcamp.com/album/demo-2014,album,True,2
2014 - i-am-nihil-iii-rest-2014,i-am-nihil-iii-rest-2014,am-nihil-iii-rest-2014,i,2014,i-am-nihil-iii-rest-2014.mp3,True,https://iamnihil.bandcamp.com,generic,True,2
2014 - ideia-de-antes-ideia-de-antes-2014,ideia-de-antes-ideia-de-antes-2014,de-antes-ideia-de-antes-2014,ideia,2014,ideia-de-antes-ideia-de-antes-2014.mp3,True,https://ideiadeantes.bandcamp.com,generic,True,2
2014 - igapo-de-almas-2014,igapo-de-almas-2014,de-almas-2014,igapo,2014,igapo-de-almas-2014.mp3,True,https://igapdealmas.bandcamp.com,generic,True,2
2014 - Img1111 In Girus Imus Nocte Et,img1111-in-girus-imus-nocte-et,Img1111 In Girus Imus Nocte Et,,2014,img1111-in-girus-imus-nocte-et.mp3,True,https://img1111.bandcamp.com,generic,True,2
2014 - imperio-de-la-saudades-de-beber-2014,imperio-de-la-saudades-de-beber-2014,de-la-saudades-de-beber-2014,imperio,2014,imperio-de-la-saudades-de-beber-2014.mp3,True,https://imperiodala.bandcamp.com,generic,True,2
2014 - impuro-saint-seya-2014,impuro-saint-seya-2014,saint-seya-2014,impuro,2014,impuro-saint-seya-2014.mp3,True,https://impuro.bandcamp.com](https://impuro.bandcamp.com,generic,True,2
2014 - inverness-thank-youheart-coils-2014,inverness-thank-youheart-coils-2014,thank-youheart-coils-2014,inverness,2014,inverness-thank-youheart-coils-2014.mp3,True,https://inverness.bandcamp.com](https://inverness.bandcamp.com,generic,True,2
2014 - irmaos-panarotto-2violao-e-1balde-2014,irmaos-panarotto-2violao-e-1balde-2014,panarotto-2violao-e-1balde-2014,irmaos,2014,irmaos-panarotto-2violao-e-1balde-2014.mp3,True,https://ir-panarotto.bandcamp.com,generic,True,2
2014 - ironias-ironias-ep-2014,ironias-ironias-ep-2014,ironias-ep-2014,ironias,2014,ironias-ironias-ep-2014.mp3,True,https://ironias.bandcamp.com,generic,True,2
2014 - Jan Felipe Dias Antes Do Esperado,jan-felipe-dias-antes-do-esperado-2014,Jan Felipe Dias Antes Do Esperado,,2014,jan-felipe-dias-antes-do-esperado-2014.mp3,True,http://janfelipe.bandcamp.com/album/dias-antes-do-esperado,album,True,2
2014 - jj the wave - navegar de novo,jj-wave-navegar-de-novo-2014,navegar de novo,jj the wave,2014,jj-wave-navegar-de-novo-2014.mp3,True,https://jjthewave.bandcamp.com/album/navegar-de-novo,album,True,2
2014 - jovem-werther-ep-2014,jovem-werther-ep-2014,werther-ep-2014,jovem,2014,jovem-werther-ep-2014.mp3,True,https://jovemwerther.bandcamp.com**](https://jovemwerther.bandcamp.com,generic,True,2
2014 - Jpe Baleia Groove,jpe-baleia-groove-2014,Jpe Baleia Groove,,2014,jpe-baleia-groove-2014.mp3,True,https://jpemusic.bandcamp.com,generic,True,2
"2014 - Kaly E Os Hospedes Do Chelsea - Porres, Ressacas e Canções",kaly-e-os-hospedes-do-chelsea-porres,"Porres, Ressacas e Canções",Kaly E Os Hospedes Do Chelsea,2014,kaly-e-os-hospedes-do-chelsea-porres.mp3,True,https://kalyeoshospedesdochelsea.bandcamp.com,generic,True,2
2014 - Kapitalistik Deth St,kapitalistik-deth-st-2013,Kapitalistik Deth St,,2014,kapitalistik-deth-st-2013.mp3,True,https://kapitalistikdeth.bandcamp.com,generic,True,2
2014 - Kowala E Resposta Inflamatoria Do,kowala-e-resposta-inflamatoria-do,Kowala E Resposta Inflamatoria Do,,2014,kowala-e-resposta-inflamatoria-do.mp3,True,http://kowarecords.bandcamp.com/album/kowala-e-a-resposta-inflamat-ria-do-organismo,album,True,2
2014 - lingering-last-drops-north-2014,lingering-last-drops-north-2014,last-drops-north-2014,lingering,2014,lingering-last-drops-north-2014.mp3,True,https://lingeringlastdrops.bandcamp.com,generic,True,2
2014 - lisabi-of-violence-2014,lisabi-of-violence-2014,of-violence-2014,lisabi,2014,lisabi-of-violence-2014.mp3,True,https://lisabi.bandcamp.com,generic,True,2
2014 - lord-emon-respira-2014,lord-emon-respira-2014,emon-respira-2014,lord,2014,lord-emon-respira-2014.mp3,True,http://lordemon.bandcamp.com/album/respira,album,True,2
2014 - Low Dream Between My Dreams And Real,low-dream-between-my-dreams-and-real,Low Dream Between My Dreams And Real,,2014,low-dream-between-my-dreams-and-real.mp3,True,http://midsummermadness.bandcamp.com/album/between-my-dreams-and-the-real-things,album,True,2
2014 - lupe-de-lupe-quarup-2014,lupe-de-lupe-quarup-2014,de-lupe-quarup-2014,lupe,2014,lupe-de-lupe-quarup-2014.mp3,True,https://lupedelupe.bandcamp.com,generic,True,2
2014 - makachord-makachord-2014,makachord-makachord-2014,makachord-2014,makachord,2014,makachord-makachord-2014.mp3,True,https://makachord.bandcamp.com,generic,True,2
2014 - maquinas-maquinas-ep-2014,maquinas-maquinas-ep-2014,maquinas-ep-2014,maquinas,2014,maquinas-maquinas-ep-2014.mp3,True,https://maquinas.bandcamp.com,generic,True,2
2014 - menores-atos-animalia-2014,menores-atos-animalia-2014,atos-animalia-2014,menores,2014,menores-atos-animalia-2014.mp3,True,https://menoresatosrock.bandcamp.com,generic,True,2
2014 - Missiles At Wedding Iridescent Rove And,missiles-at-wedding-iridescent-rove-and,Missiles At Wedding Iridescent Rove And,,2014,missiles-at-wedding-iridescent-rove-and.mp3,True,http://stepinrecordings.bandcamp.com/album/rove-and-clear-ep,album,True,2
2014 - mjp-4-instrumental-ep-2014,mjp-4-instrumental-ep-2014,4-instrumental-ep-2014,mjp,2014,mjp-4-instrumental-ep-2014.mp3,True,https://mjpsp.bandcamp.com,generic,True,2
2014 - Mujique Trip - Chamoladrão EP,mujique-trip-chamoladrao-ep-2014,Chamoladrão EP,Mujique Trip,2014,mujique-trip-chamoladrao-ep-2014.mp3,True,http://galopediscos.bandcamp.com/album/chamoladr-o-ep,album,True,2
2014 - Muvi Ao Vivo Live In Acapulco,muvi-ao-vivo-live-in-acapulco-2013,Muvi Ao Vivo Live In Acapulco,,2014,muvi-ao-vivo-live-in-acapulco-2013.mp3,True,http://liveinacapulco.bandcamp.com/album/m-vi-no-l-i-a-26jan2013,album,True,2
2014 - nervo-hardcore-nossa-hora-2014,nervo-hardcore-nossa-hora-2014,hardcore-nossa-hora-2014,nervo,2014,nervo-hardcore-nossa-hora-2014.mp3,True,https://nervohardcore.bandcamp.com,generic,True,2
2014 - Nosso Querido Figueiredo - A Banda Solitária do Inspetor Figueiredo,nosso-querido-figueiredo-banda,A Banda Solitária do Inspetor Figueiredo,Nosso Querido Figueiredo,2014,nosso-querido-figueiredo-banda.mp3,True,https://nossoquerido.bandcamp.com,generic,True,2
2014 - Nosso Querido Figueiredo - Kill the Hipster Kid,nosso-querido-figueiredo-kill-hipster,Kill the Hipster Kid,Nosso Querido Figueiredo,2014,nosso-querido-figueiredo-kill-hipster.mp3,True,https://nossoquerido.bandcamp.com,generic,True,2
2014 - o-padre-dos-baloes-ep-ii-2014,o-padre-dos-baloes-ep-ii-2014,padre-dos-baloes-ep-ii-2014,o,2014,o-padre-dos-baloes-ep-ii-2014.mp3,True,https://opadredosbaloes.bandcamp.com,generic,True,2
2014 - Objeto Amarelo Trapezio,objeto-amarelo-trapezio-2009,Objeto Amarelo Trapezio,,2014,objeto-amarelo-trapezio-2009.mp3,True,http://objetoamarelo1.bandcamp.com/album/objeto-amarelo-trap-zio-cd-poap-2009?action=download,album,True,2
2014 - objeto-amarelo-ao-vivo-em-nova-york-2014,objeto-amarelo-ao-vivo-em-nova-york-2014,amarelo-ao-vivo-em-nova-york-2014,objeto,2014,objeto-amarelo-ao-vivo-em-nova-york-2014.mp3,True,https://objetoamarelo1.bandcamp.com,generic,True,2
2014 - odradek-homunculo-vol-1-2014,odradek-homunculo-vol-1-2014,homunculo-vol-1-2014,odradek,2014,odradek-homunculo-vol-1-2014.mp3,True,https://odradek1.bandcamp.com,generic,True,2
2014 - odradek-homunculo-vol2-2014,odradek-homunculo-vol2-2014,homunculo-vol2-2014,odradek,2014,odradek-homunculo-vol2-2014.mp3,True,https://odradekbr.bandcamp.com](https://odradekbr.bandcamp.com,generic,True,2
2014 - Onagra Claudique Lira Auriverde,onagra-claudique-lira-auriverde-2014,Onagra Claudique Lira Auriverde,,2014,onagra-claudique-lira-auriverde-2014.mp3,True,http://onagra.bandcamp.com/album/lira-auriverde,album,True,2
2014 - Opera Novel - Opera Novel,opera-novel-opera-novel-2014,Opera Novel,Opera Novel,2014,opera-novel-opera-novel-2014.mp3,True,https://operanovel.bandcamp.com,generic,True,2
2014 - operaloki-infancya-sonhos-e-amores-2014,operaloki-infancya-sonhos-e-amores-2014,infancya-sonhos-e-amores-2014,operaloki,2014,operaloki-infancya-sonhos-e-amores-2014.mp3,True,https://operaloki.bandcamp.com,generic,True,2
2014 - Os Torto - Pereio,os-torto-pereio-2014,Pereio,Os Torto,2014,os-torto-pereio-2014.mp3,True,http://ostorto.bandcamp.com/album/pereio,album,True,2
2014 - os-coadjuvantes-os-coadjuvantes-2014,os-coadjuvantes-os-coadjuvantes-2014,coadjuvantes-os-coadjuvantes-2014,os,2014,os-coadjuvantes-os-coadjuvantes-2014.mp3,True,https://oscoadjuvantes.bandcamp.com,generic,True,2
2014 - os-jararacas-ep-2014,os-jararacas-ep-2014,jararacas-ep-2014,os,2014,os-jararacas-ep-2014.mp3,True,https://osjararacas.bandcamp.com,generic,True,2
2014 - os-torto-pereio-2014,os-torto-pereio-2014,torto-pereio-2014,os,2014,os-torto-pereio-2014.mp3,True,http://ostorto.bandcamp.com/album/pereio,album,True,2
2014 - paola-rodrigues-perdida-2014,paola-rodrigues-perdida-2014,rodrigues-perdida-2014,paola,2014,paola-rodrigues-perdida-2014.mp3,True,https://paolarodrigues.bandcamp.com,generic,True,2
2014 - pazsado-obvoom-mixtape-2014,pazsado-obvoom-mixtape-2014,obvoom-mixtape-2014,pazsado,2014,pazsado-obvoom-mixtape-2014.mp3,True,http://pazsado.bandcamp.com/album/o-b-v-o-o-m-mixtape,album,True,2
2014 - peluqueira-peluqueira-i-2014,peluqueira-peluqueira-i-2014,peluqueira-i-2014,peluqueira,2014,peluqueira-peluqueira-i-2014.mp3,True,https://peluqueria.bandcamp.com,generic,True,2
2014 - Pelvs Peter Greenaways Surf,pelvs-peter-greenaways-surf-1993,Pelvs Peter Greenaways Surf,,2014,pelvs-peter-greenaways-surf-1993.mp3,True,http://midsummermadness.bandcamp.com/album/peter-greenaways-surf,album,True,2
2014 - persiano-persiano-2014,persiano-persiano-2014,persiano-2014,persiano,2014,persiano-persiano-2014.mp3,True,https://persiano.bandcamp.com,generic,True,2
2014 - plumarino-three-earth-ages-ep-2014,plumarino-three-earth-ages-ep-2014,three-earth-ages-ep-2014,plumarino,2014,plumarino-three-earth-ages-ep-2014.mp3,True,https://plumarino.bandcamp.com,generic,True,2
2014 - Plutao Ja Foi Um Planeta - Daqui pra Lá,plutao-ja-foi-um-planeta-daqui-pra-la,Daqui pra Lá,Plutao Ja Foi Um Planeta,2014,plutao-ja-foi-um-planeta-daqui-pra-la.mp3,True,https://plutaojafoiplaneta.bandcamp.com,generic,True,2
2014 - porraloka-sem-titulo-ep-2014,porraloka-sem-titulo-ep-2014,sem-titulo-ep-2014,porraloka,2014,porraloka-sem-titulo-ep-2014.mp3,True,https://porraloka.bandcamp.com,generic,True,2
2014 - postal-2014,postal-2014,2014,postal,2014,postal-2014.mp3,True,http://postal1.bandcamp.com/album/-,album,True,2
2014 - Pousatigres - Mais Um Pedaço Meu,pousatigres-mais-um-pedaco-do-meu-2014,Mais Um Pedaço Meu,Pousatigres,2014,pousatigres-mais-um-pedaco-do-meu-2014.mp3,True,https://pousatigres.bandcamp.com,generic,True,2
2014 - Preto Velho - Discografia Completa,preto-velho-discografia-completa-ou,Discografia Completa,Preto Velho,2014,preto-velho-discografia-completa-ou.mp3,True,https://pretovelho.bandcamp.com,generic,True,2
2014 - Primeiro Ato,jardim-infinito-e-banda-das-aguas,Primeiro Ato,,2014,jardim-infinito-e-banda-das-aguas.mp3,True,https://jardiminfinito.bandcamp.com,generic,True,2
2014 - Pumu Ainda Nao Esta Claro,pumu-ainda-nao-esta-claro-2014,Pumu Ainda Nao Esta Claro,,2014,pumu-ainda-nao-esta-claro-2014.mp3,True,https://pumu.bandcamp.com/**](https://pumu.bandcamp.com,generic,True,2
2014 - Qnadez [2014] - Mudo,qnadez-mudo-2014,Mudo,Qnadez [2014],2014,qnadez-mudo-2014.mp3,True,http://qnadez.bandcamp.com/album/mudo,album,True,2
2014 - quase-coadjuvante-vermelho-2014,quase-coadjuvante-vermelho-2014,coadjuvante-vermelho-2014,quase,2014,quase-coadjuvante-vermelho-2014.mp3,True,,none,True,2
2014 - rafael-miranda-sonhos-prometidos-2014,rafael-miranda-sonhos-prometidos-2014,miranda-sonhos-prometidos-2014,rafael,2014,rafael-miranda-sonhos-prometidos-2014.mp3,True,https://rafamiranda.bandcamp.com**,generic,True,2
2014 - RAKTA - 7,rakta-7-2014,7,RAKTA,2014,rakta-7-2014.mp3,True,http://rakta.bandcamp.com/album/7,album,True,2
2014 - Ratos De Porao Seculo Sinistro,ratos-de-porao-seculo-sinistro-2014,Ratos De Porao Seculo Sinistro,,2014,ratos-de-porao-seculo-sinistro-2014.mp3,True,https://ratosdeporao.bandcamp.com,generic,True,2
2014 - red-mess-crimson-ep-2014,red-mess-crimson-ep-2014,mess-crimson-ep-2014,red,2014,red-mess-crimson-ep-2014.mp3,True,https://redmess.bandcamp.com,generic,True,2
2014 - rugas-do-mar-danse-serpentine-2014,rugas-do-mar-danse-serpentine-2014,do-mar-danse-serpentine-2014,rugas,2014,rugas-do-mar-danse-serpentine-2014.mp3,True,https://rugasdomar.bandcamp.com,generic,True,2
2014 - sanitario-sexy-metafora-2014,sanitario-sexy-metafora-2014,sexy-metafora-2014,sanitario,2014,sanitario-sexy-metafora-2014.mp3,True,https://sanitariosexy.bandcamp.com**](https://sanitariosexy.bandcamp.com,generic,True,2
2014 - satvrnsatvrn-satvrnsatvrn-2014,satvrnsatvrn-satvrnsatvrn-2014,satvrnsatvrn-2014,satvrnsatvrn,2014,satvrnsatvrn-satvrnsatvrn-2014.mp3,True,https://satvrnsatvrn.bandcamp.com](https://satvrnsatvrn.bandcamp.com,generic,True,2
2014 - Skrotes Ep Deboche N E Crime,skrotes-ep-deboche-n-e-crime-2013,Skrotes Ep Deboche N E Crime,,2014,skrotes-ep-deboche-n-e-crime-2013.mp3,True,http://skrotes.bandcamp.com/album/ep-deboche-crime,album,True,2
2014 - sonora-scotch-capivara-2014,sonora-scotch-capivara-2014,scotch-capivara-2014,sonora,2014,sonora-scotch-capivara-2014.mp3,True,https://sonora-scotch.bandcamp.com,generic,True,2
2014 - stela-campos-monday-morning-ep-2014,stela-campos-monday-morning-ep-2014,campos-monday-morning-ep-2014,stela,2014,stela-campos-monday-morning-ep-2014.mp3,True,https://stelacampos.bandcamp.com,generic,True,2
2014 - Suíte Super Luxo,suite-super-luxo-entre-piscina-e-o,Suíte Super Luxo,,2014,suite-super-luxo-entre-piscina-e-o.mp3,True,https://suitesuperluxo.bandcamp.com/**](https://suitesuperluxo.bandcamp.com,generic,True,2
2014 - Talassa - Talassa,talassa-talassa-2014,Talassa,Talassa,2014,talassa-talassa-2014.mp3,True,http://talassa.bandcamp.com/album/talassa,album,True,2
2014 - tartaruga-cubica-momori-2014,tartaruga-cubica-momori-2014,cubica-momori-2014,tartaruga,2014,tartaruga-cubica-momori-2014.mp3,True,https://tartarugacubica.bandcamp.com,generic,True,2
2014 - terno-rei-vigilia-2014,terno-rei-vigilia-2014,rei-vigilia-2014,terno,2014,terno-rei-vigilia-2014.mp3,True,https://ternorei.bandcamp.com,generic,True,2
2014 - Thais Rosa & Jerona Ruyce - berimbau e latan'goni,thais-rosa-jerona-ruyce-berimbau-e,berimbau e latan'goni,Thais Rosa & Jerona Ruyce,2014,thais-rosa-jerona-ruyce-berimbau-e.mp3,True,http://kasaruyce.bandcamp.com/album/berimbau-e-latangoni,album,True,2
2014 - The Reptile Of Gigopepos Fiesta - Marcha,the-reptile-of-gigopepos-fiesta-marcha,Marcha,The Reptile Of Gigopepos Fiesta,2014,the-reptile-of-gigopepos-fiesta-marcha.mp3,True,https://thereptileofgigopeposfiesta.bandcamp.com,generic,True,2
2014 - Thiago David Realidade Difusa Do,thiago-david-realidade-difusa-do,Thiago David Realidade Difusa Do,,2014,thiago-david-realidade-difusa-do.mp3,True,http://thiagodavid.bandcamp.com/album/a-realidade-difusa-do-cotidiano,album,True,2
2014 - This Lonely Crowd - Möbius & The Healing Process [Full Album],This Lonely Crowd - Mobius & The Healing Process [Full Album],Möbius & The Healing Process [Full Album],This Lonely Crowd,2014,This Lonely Crowd - Mobius & The Healing Process [Full Album].mp3,False,,none,True,2
2014 - Tifu Rima Nunca Para Minha Versao Da,tifu-rima-nunca-para-minha-versao-da,Tifu Rima Nunca Para Minha Versao Da,,2014,tifu-rima-nunca-para-minha-versao-da.mp3,True,http://coletivomarte.bandcamp.com/album/a-rima-nunca-para-minha-vers-o-da-hist-ria,album,True,2
2014 - tomas-lacerda-pra-entrar-na-roda-ep-2014,tomas-lacerda-pra-entrar-na-roda-ep-2014,lacerda-pra-entrar-na-roda-ep-2014,tomas,2014,tomas-lacerda-pra-entrar-na-roda-ep-2014.mp3,True,https://tomaslacerda.bandcamp.com**](https://tomaslacerda.bandcamp.com,generic,True,2
2014 - Topsyturvy - Noises parte 2,topsyturvy-noises-parte-2-2014,Noises parte 2,Topsyturvy,2014,topsyturvy-noises-parte-2-2014.mp3,True,http://topsyturvy.bandcamp.com/album/noises-parte-2,album,True,2
2014 - Traditional Disorder - Institution of Traditional Disorder,traditional-disorder-institution-of,Institution of Traditional Disorder,Traditional Disorder,2014,traditional-disorder-institution-of.mp3,True,https://traditionaldisorder.bandcamp.com,generic,True,2
2014 - transparente-intenso-mar-2014,transparente-intenso-mar-2014,intenso-mar-2014,transparente,2014,transparente-intenso-mar-2014.mp3,True,https://transparenteintenso.bandcamp.com,generic,True,2
2014 - Transporte Passivo Transporte Passivo,transporte-passivo-transporte-passivo,Transporte Passivo Transporte Passivo,,2014,transporte-passivo-transporte-passivo.mp3,True,http://transportepassivo.bandcamp.com/album/transporte-passivo,album,True,2
2014 - Treli Feli Repi - Mau Comportamento EP,treli-feli-repi-mau-comportamento-ep,Mau Comportamento EP,Treli Feli Repi,2014,treli-feli-repi-mau-comportamento-ep.mp3,True,https://trelifelirepi.bandcamp.com,generic,True,2
2014 - Tsc - Orelha,06. Fossa triangular,Orelha,Tsc,2014,06. Fossa triangular.mp3,False,,none,True,2
2014 - v-cidade-2014,v-cidade-2014,cidade-2014,v,2014,v-cidade-2014.mp3,True,https://vponto.bandcamp.com,generic,True,2
2014 - V.Diasz - DIAZ - Nuances Bizarras Sobre Condições ∆dversas,diaz-nuances-bizarras-sobre-condicoes,DIAZ - Nuances Bizarras Sobre Condições ∆dversas,V.Diasz,2014,diaz-nuances-bizarras-sobre-condicoes.mp3,True,https://polidorodiscos.bandcamp.com/album/diaz-nuances-bizarras-sobre-condi-es-dversas,album,True,2
2014 - varal-royal-18-musicas-2014,varal-royal-18-musicas-2014,royal-18-musicas-2014,varal,2014,varal-royal-18-musicas-2014.mp3,True,https://varalroyal.bandcamp.com,generic,True,2
2014 - Vegga - Oceano,vegga-oceano-2014,Oceano,Vegga,2014,vegga-oceano-2014.mp3,True,http://sharethisbreath.bandcamp.com/album/oceano,album,True,2
2014 - Verjault Inner Void Violence,verjault-inner-void-violence-2013,Verjault Inner Void Violence,,2014,verjault-inner-void-violence-2013.mp3,True,https://verjault.bandcamp.com,generic,True,2
2014 - Verjault Killerself,verjault-killerself-2014,Verjault Killerself,,2014,verjault-killerself-2014.mp3,True,https://verjault.bandcamp.com,generic,True,2
2014 - VERMES DO LIMBO - VERMES DO LIMBO K7,vermes-do-limbo-k7-vermes-do-limbo-2014,VERMES DO LIMBO K7,VERMES DO LIMBO,2014,vermes-do-limbo-k7-vermes-do-limbo-2014.mp3,True,http://vermesdolimbo.bandcamp.com/album/k7-vermes-do-limbo-2,album,True,2
2014 - Victim Pupila,victim-pupila-2014,Victim Pupila,,2014,victim-pupila-2014.mp3,True,https://seminalrecords.bandcamp.com/album/pupila,album,True,2
2014 - VICTIM! - Reality Cut,victim-reality-cut-2017,Reality Cut,VICTIM!,2014,victim-reality-cut-2017.mp3,True,https://cadutenorio.bandcamp.com/album/reality-cut,album,True,2
2014 - Vida De Cacador Ep,vida-de-cacador-ep-2013,Vida De Cacador Ep,,2014,vida-de-cacador-ep-2013.mp3,True,http://vidadecacador.bandcamp.com/album/ep-2013,album,True,2
2014 - vinicius-boppre-quarta-feira-2014,vinicius-boppre-quarta-feira-2014,boppre-quarta-feira-2014,vinicius,2014,vinicius-boppre-quarta-feira-2014.mp3,True,,none,True,2
2014 - vinolimbo - I Never Stepped On The Cracks 'cause I Thought I'd Hurt My Mother [NAS012],vinolimbo-i-never-stepped-on-cracks,I Never Stepped On The Cracks 'cause I Thought I'd Hurt My Mother [NAS012],vinolimbo,2014,vinolimbo-i-never-stepped-on-cracks.mp3,True,http://somosnas.bandcamp.com/album/i-never-stepped-on-the-cracks-cause-i-thought-id-hurt-my-mother-nas012**](http://somosnas.bandcamp.com/album/i-never-stepped-on-the-cracks-cause-i-thought-id-hurt-my-mother-nas012,album,True,2
2014 - Vinolimbo End Of What Never Happened,vinolimbo-end-of-what-never-happened,Vinolimbo End Of What Never Happened,,2014,vinolimbo-end-of-what-never-happened.mp3,True,http://somosnas.bandcamp.com/album/the-end-of-what-never-happened-nas007,album,True,2
2014 - vitor-almeida-lopes-noite-2014,vitor-almeida-lopes-noite-2014,almeida-lopes-noite-2014,vitor,2014,vitor-almeida-lopes-noite-2014.mp3,True,https://vitoralmeidalopes.bandcamp.com,generic,True,2
2014 - Vitreaux Dois Por Dois,vitreaux-dois-por-dois-2014,Vitreaux Dois Por Dois,,2014,vitreaux-dois-por-dois-2014.mp3,True,http://monotunerecords.bandcamp.com/album/dois-por-dois-ep-2014,album,True,2
2014 - Wallace Costa - Every Globe Above Our Heads,wallace-costa-every-globe-above-our,Every Globe Above Our Heads,Wallace Costa,2014,wallace-costa-every-globe-above-our.mp3,True,https://wallacecosta.bandcamp.com,generic,True,2
2014 - Yersiniose - 1911,yersiniose-1911-2014,1911,Yersiniose,2014,yersiniose-1911-2014.mp3,True,http://seminalrecords.bandcamp.com/album/1911,album,True,2
2014 - young-lights-cities-2014,young-lights-cities-2014,lights-cities-2014,young,2014,young-lights-cities-2014.mp3,True,https://younglights.bandcamp.com,generic,True,2
2014 - yuri-costa-dissonia-2014,yuri-costa-dissonia-2014,costa-dissonia-2014,yuri,2014,yuri-costa-dissonia-2014.mp3,True,,none,True,2
2014 - zeromou-zeromou-2014,zeromou-zeromou-2014,zeromou-2014,zeromou,2014,zeromou-zeromou-2014.mp3,True,https://zeromou.bandcamp.com,generic,True,2
2014 - zonbizarro-brisa-2014,zonbizarro-brisa-2014,brisa-2014,zonbizarro,2014,zonbizarro-brisa-2014.mp3,True,https://zonbizarro.bandcamp.com,generic,True,2
2014 - Ímpeto - Ímpeto,impeto-impeto-2014,Ímpeto,Ímpeto,2014,impeto-impeto-2014.mp3,True,https://impetohardcore.bandcamp.com,generic,True,2
2013 - acho-melhor-nao-2-2013,acho-melhor-nao-2-2013,melhor-nao-2-2013,acho,2013,acho-melhor-nao-2-2013.mp3,True,https://achomelhornao.bandcamp.com/**](https://achomelhornao.bandcamp.com,generic,True,2
2013 - Adega Ensemble - black van in a small square,adega-ensemble-black-van-in-small,black van in a small square,Adega Ensemble,2013,adega-ensemble-black-van-in-small.mp3,True,http://finneganswake.bandcamp.com/album/black-van-in-a-small-square**](http://finneganswake.bandcamp.com/album/black-van-in-a-small-square,album,True,2
2013 - Affecting Minds - Privacidade Intelectual,affecting-minds-privacidade-intelectual,Privacidade Intelectual,Affecting Minds,2013,affecting-minds-privacidade-intelectual.mp3,True,https://affectingminds.bandcamp.com/**](https://affectingminds.bandcamp.com,generic,True,2
2013 - afro-hooligans-tiny-2013,afro-hooligans-tiny-2013,hooligans-tiny-2013,afro,2013,afro-hooligans-tiny-2013.mp3,True,https://afrohooligans.bandcamp.com/**](https://afrohooligans.bandcamp.com,generic,True,2
2013 - agorero-tairo-pandita-mariri-2013,agorero-tairo-pandita-mariri-2013,tairo-pandita-mariri-2013,agorero,2013,agorero-tairo-pandita-mariri-2013.mp3,True,https://agorero.bandcamp.com/**](https://agorero.bandcamp.com,generic,True,2
2013 - akr1-shes-gone-but-i-got-her-bones-2013,akr1-shes-gone-but-i-got-her-bones-2013,shes-gone-but-i-got-her-bones-2013,akr1,2013,akr1-shes-gone-but-i-got-her-bones-2013.mp3,True,https://akr1.bandcamp.com/**](https://akr1.bandcamp.com,generic,True,2
2013 - albanian-rough-demos-2013,albanian-rough-demos-2013,rough-demos-2013,albanian,2013,albanian-rough-demos-2013.mp3,True,https://albanian.bandcamp.com/**](https://albanian.bandcamp.com,generic,True,2
2013 - albatroz-king-diamond-ep-part-1-2013,albatroz-king-diamond-ep-part-1-2013,king-diamond-ep-part-1-2013,albatroz,2013,albatroz-king-diamond-ep-part-1-2013.mp3,True,https://albatroz.bandcamp.com,generic,True,2
2013 - Aldan Voce Ja Roubou Hoje,aldan-voce-ja-roubou-hoje-2010,Aldan Voce Ja Roubou Hoje,,2013,aldan-voce-ja-roubou-hoje-2010.mp3,True,http://aldan.bandcamp.com/album/voc-j-roubou-hoje,album,True,2
2013 - algido-algido-2013,algido-algido-2013,algido-2013,algido,2013,algido-algido-2013.mp3,True,https://algido.bandcamp.com/**](https://algido.bandcamp.com,generic,True,2
2013 - alkalines-demos-acusticas-2013,alkalines-demos-acusticas-2013,demos-acusticas-2013,alkalines,2013,alkalines-demos-acusticas-2013.mp3,True,https://alkalines.bandcamp.com/**](https://alkalines.bandcamp.com,generic,True,2
2013 - amaduscias-war-and-conflicts-2013,amaduscias-war-and-conflicts-2013,war-and-conflicts-2013,amaduscias,2013,amaduscias-war-and-conflicts-2013.mp3,True,http://cianetodiscos.bandcamp.com/album/amaduscias-war-and-conflicts-cd**](http://cianetodiscos.bandcamp.com/album/amaduscias-war-and-conflicts-cd,album,True,2
2013 - amsteradio-cansei-de-menina-indie-2013,amsteradio-cansei-de-menina-indie-2013,cansei-de-menina-indie-2013,amsteradio,2013,amsteradio-cansei-de-menina-indie-2013.mp3,True,http://amsteradio.bandcamp.com/album/cansei-de-menina-indie**](http://amsteradio.bandcamp.com/album/cansei-de-menina-indie,album,True,2
2013 - amt-my-glitch-aches-2013,amt-my-glitch-aches-2013,my-glitch-aches-2013,amt,2013,amt-my-glitch-aches-2013.mp3,True,https://seeamtplay.bandcamp.com/**](https://seeamtplay.bandcamp.com,generic,True,2
2013 - anxtron-brainstorm-2013,anxtron-brainstorm-2013,brainstorm-2013,anxtron,2013,anxtron-brainstorm-2013.mp3,True,https://anxtron.bandcamp.com,generic,True,2
2013 - aos-maniacos-simeis-horizonte-1-2013,aos-maniacos-simeis-horizonte-1-2013,maniacos-simeis-horizonte-1-2013,aos,2013,aos-maniacos-simeis-horizonte-1-2013.mp3,True,https://aosmaniacos.bandcamp.com,generic,True,2
2013 - April Seven - Small collection of songs about love and destruction,april-seven-small-collection-of-songs,Small collection of songs about love and destruction,April Seven,2013,april-seven-small-collection-of-songs.mp3,True,,none,True,2
2013 - Astronautas Tropicais - Albatrozes ! Um Certo Capitão Rodrigo,01 Astronautas Tropicais - Albatrozes_!,Albatrozes ! Um Certo Capitão Rodrigo,Astronautas Tropicais,2013,01 Astronautas Tropicais - Albatrozes_!.mp3,False,,none,True,2
2013 - Banana,orgasmo-de-porco-e-violent-illusion,Banana,,2013,orgasmo-de-porco-e-violent-illusion.mp3,True,http://oxdxpx.bandcamp.com/album/banana**](http://oxdxpx.bandcamp.com/album/banana,album,True,2
2013 - barulhista-cafe-branco-2013,barulhista-cafe-branco-2013,cafe-branco-2013,barulhista,2013,barulhista-cafe-branco-2013.mp3,True,http://barulhista.bandcamp.com/album/caf-branco**](http://barulhista.bandcamp.com/album/caf-branco,album,True,2
2013 - bemonio-daemos-2013,bemonio-daemos-2013,daemos-2013,bemonio,2013,bemonio-daemos-2013.mp3,True,https://bemonio.bandcamp.com,generic,True,2
2013 - Beyond Frequency - Man alone with himself EP,beyond-frequency-man-alone-with-himself,Man alone with himself EP,Beyond Frequency,2013,beyond-frequency-man-alone-with-himself.mp3,True,https://beyondfrequency.bandcamp.com,generic,True,2
2013 - Bikinis Bikinis,bikinis-bikinis-2013,Bikinis Bikinis,,2013,bikinis-bikinis-2013.mp3,True,http://bikinis.bandcamp.com/album/bikinis,album,True,2
2013 - Bixiga 70 - Ao Vivo - Festival No Ar Coquetel Molotov,Bixiga 70 - Ao Vivo no Coquetel Molotov (2013),Ao Vivo - Festival No Ar Coquetel Molotov,Bixiga 70,2013,Bixiga 70 - Ao Vivo no Coquetel Molotov (2013).mp3,False,,none,True,2
2013 - boddah-swimmer-ep-2013,boddah-swimmer-ep-2013,swimmer-ep-2013,boddah,2013,boddah-swimmer-ep-2013.mp3,True,http://brunofleming.bandcamp.com/album/the-swimmer-ep**](http://brunofleming.bandcamp.com/album/the-swimmer-ep,album,True,2
2013 - Bruno Souto Estado De Nuvem,bruno-souto-estado-de-nuvem-2013,Bruno Souto Estado De Nuvem,,2013,bruno-souto-estado-de-nuvem-2013.mp3,True,http://brunosouto.bandcamp.com/album/estado-de-nuvem,album,True,2
2013 - Caim Celebracoes Insurgentes,caim-celebracoes-insurgentes-2013,Caim Celebracoes Insurgentes,,2013,caim-celebracoes-insurgentes-2013.mp3,True,http://caim.bandcamp.com/album/celebra-es-insurgentes,album,True,2
2013 - cama-desfeita-xxii-2013,cama-desfeita-xxii-2013,desfeita-xxii-2013,cama,2013,cama-desfeita-xxii-2013.mp3,True,http://meia-vida.bandcamp.com/album/xxii,album,True,2
2013 - camarilo-camarilo-ep-2013,camarilo-camarilo-ep-2013,camarilo-ep-2013,camarilo,2013,camarilo-camarilo-ep-2013.mp3,True,https://camarilo.bandcamp.com**](https://camarilo.bandcamp.com,generic,True,2
2013 - camarilo-souvenir-2013,camarilo-souvenir-2013,souvenir-2013,camarilo,2013,camarilo-souvenir-2013.mp3,True,https://camarilo.bandcamp.com/**](https://camarilo.bandcamp.com,generic,True,2
2013 - cambriana-worker-ep-2013,cambriana-worker-ep-2013,worker-ep-2013,cambriana,2013,cambriana-worker-ep-2013.mp3,True,https://cambrianamusic.bandcamp.com,generic,True,2
2013 - campo-minado-curto-e-grosso-2013,campo-minado-curto-e-grosso-2013,minado-curto-e-grosso-2013,campo,2013,campo-minado-curto-e-grosso-2013.mp3,True,https://campominadope.bandcamp.com,generic,True,2
"2013 - Cao Baleia O - O padeiro, o glutão, a moça e o amante (compacto)",cao-baleia-o-padeiro-o-glutao-moca-e-o,"O padeiro, o glutão, a moça e o amante (compacto)",Cao Baleia O,2013,cao-baleia-o-padeiro-o-glutao-moca-e-o.mp3,True,https://caobaleia.bandcamp.com,generic,True,2
2013 - Catarro Pena De Morte,catarro-pena-de-morte-2004,Catarro Pena De Morte,,2013,catarro-pena-de-morte-2004.mp3,True,https://catarro.bandcamp.com/**](https://catarro.bandcamp.com,generic,True,2
2013 - catarro-insonia-2013,catarro-insonia-2013,insonia-2013,catarro,2013,catarro-insonia-2013.mp3,True,http://catarro.bandcamp.com/album/ins-nia**](http://catarro.bandcamp.com/album/ins-nia,album,True,2
2013 - catholic-youth-demo-2013,catholic-youth-demo-2013,youth-demo-2013,catholic,2013,catholic-youth-demo-2013.mp3,True,http://catholicyouth.bandcamp.com/album/demo**](http://catholicyouth.bandcamp.com/album/demo,album,True,2
2013 - cellardoor-random-alarms-ep-2013,cellardoor-random-alarms-ep-2013,random-alarms-ep-2013,cellardoor,2013,cellardoor-random-alarms-ep-2013.mp3,True,,none,True,2
2013 - celula-soul-ep-celula-soul-2013,celula-soul-ep-celula-soul-2013,soul-ep-celula-soul-2013,celula,2013,celula-soul-ep-celula-soul-2013.mp3,True,https://celulasoul.bandcamp.com,generic,True,2
2013 - ceticencias-issamu-minami-2013,ceticencias-issamu-minami-2013,issamu-minami-2013,ceticencias,2013,ceticencias-issamu-minami-2013.mp3,True,https://ceticencias.bandcamp.com/**](https://ceticencias.bandcamp.com,generic,True,2
2013 - chacal-em-casa-ep-2013,chacal-em-casa-ep-2013,em-casa-ep-2013,chacal,2013,chacal-em-casa-ep-2013.mp3,True,https://chcl.bandcamp.com,generic,True,2
2013 - chacal-ep-2013,chacal-ep-2013,ep-2013,chacal,2013,chacal-ep-2013.mp3,True,https://chcl.bandcamp.com,generic,True,2
2013 - chacon-chaka-nights-2013,chacon-chaka-nights-2013,chaka-nights-2013,chacon,2013,chacon-chaka-nights-2013.mp3,True,https://chaconchakanights.bandcamp.com,generic,True,2
2013 - Champu Demo Ep,champu-demo-ep-2013,Champu Demo Ep,,2013,champu-demo-ep-2013.mp3,True,http://champu.bandcamp.com/album/champu-demo-ep,album,True,2
2013 - chancho-quebrando-as-correntes-ep-2013,chancho-quebrando-as-correntes-ep-2013,quebrando-as-correntes-ep-2013,chancho,2013,chancho-quebrando-as-correntes-ep-2013.mp3,True,https://chancho.bandcamp.com/**](https://chancho.bandcamp.com,generic,True,2
2013 - ChicoCorrea + Dj Dolores - Ao Vivo - Festival Continuum,YTIC - Ao Vivo - Festival Continuum,Ao Vivo - Festival Continuum,ChicoCorrea + Dj Dolores,2013,YTIC - Ao Vivo - Festival Continuum.mp3,False,,none,True,2
2013 - CHIPPANZE - Ao Vivo no L.I.A,coletivo-chippanze-ao-vivo-no-live-in,Ao Vivo no L.I.A,CHIPPANZE,2013,coletivo-chippanze-ao-vivo-no-live-in.mp3,True,,none,True,2
2013 - cia-de-pasteis-okinawa-2013,cia-de-pasteis-okinawa-2013,de-pasteis-okinawa-2013,cia,2013,cia-de-pasteis-okinawa-2013.mp3,True,http://kimusorecords.bandcamp.com/album/-**](http://kimusorecords.bandcamp.com/album/-,album,True,2
2013 - City Fuss City Fuss,city-fuss-city-fuss-2013,City Fuss City Fuss,,2013,city-fuss-city-fuss-2013.mp3,True,https://cityfuss.bandcamp.com,generic,True,2
2013 - Clube Las Vegas Clube Las Vegas,clube-las-vegas-clube-las-vegas-2013,Clube Las Vegas Clube Las Vegas,,2013,clube-las-vegas-clube-las-vegas-2013.mp3,True,https://clubelasvegas.bandcamp.com**](https://clubelasvegas.bandcamp.com,generic,True,2
2013 - Coletanea Mpcp Records Last Punk Heroes,coletanea-mpcp-records-last-punk-heroes,Coletanea Mpcp Records Last Punk Heroes,,2013,coletanea-mpcp-records-last-punk-heroes.mp3,True,http://mpcprecords.bandcamp.com/album/the-last-punk-heroes**](http://mpcprecords.bandcamp.com/album/the-last-punk-heroes,album,True,2
2013 - Connection - Tribute to Conrad Schnitzler,gustavo-jobim-connection-tribute-to,Tribute to Conrad Schnitzler,Connection,2013,gustavo-jobim-connection-tribute-to.mp3,True,https://gustavojobim.bandcamp.com,generic,True,2
2013 - continental-combo-recordar-e-viver-2013,continental-combo-recordar-e-viver-2013,combo-recordar-e-viver-2013,continental,2013,continental-combo-recordar-e-viver-2013.mp3,True,https://continentalcombo.bandcamp.com,generic,True,2
2013 - cor-simbolismo-ep-2013,cor-simbolismo-ep-2013,simbolismo-ep-2013,cor,2013,cor-simbolismo-ep-2013.mp3,True,https://cordisco.bandcamp.com,generic,True,2
2013 - COSMOGUM - 603 EP,cosmogum-603-ep-2012,603 EP,COSMOGUM,2013,cosmogum-603-ep-2012.mp3,True,http://cosmogum.bandcamp.com/album/603-ep**](http://cosmogum.bandcamp.com/album/603-ep,album,True,2
2013 - Coyote Indigo Horning,coyote-indigo-horning-2013,Coyote Indigo Horning,,2013,coyote-indigo-horning-2013.mp3,True,https://coyoteindigo.bandcamp.com,generic,True,2
2013 - Cristo Bomba - A Diferença Entre Linces e Lobos,cristo-bomba-diferenca-entre-linces-e,A Diferença Entre Linces e Lobos,Cristo Bomba,2013,cristo-bomba-diferenca-entre-linces-e.mp3,True,https://cristobomba.bandcamp.com/**](https://cristobomba.bandcamp.com,generic,True,2
2013 - days-of-sunday-days-of-sunday-2013,days-of-sunday-days-of-sunday-2013,of-sunday-days-of-sunday-2013,days,2013,days-of-sunday-days-of-sunday-2013.mp3,True,https://daysofsunday.bandcamp.com/**](https://daysofsunday.bandcamp.com,generic,True,2
2013 - dazai-nuviar-ritoli-2013,dazai-nuviar-ritoli-2013,nuviar-ritoli-2013,dazai,2013,dazai-nuviar-ritoli-2013.mp3,True,,none,True,2
2013 - dead-in-dump-nomed-2013,dead-in-dump-nomed-2013,in-dump-nomed-2013,dead,2013,dead-in-dump-nomed-2013.mp3,True,https://deadindump.bandcamp.com,generic,True,2
2013 - dedo-aldeia-global-2013,dedo-aldeia-global-2013,aldeia-global-2013,dedo,2013,dedo-aldeia-global-2013.mp3,True,http://dedo.bandcamp.com/album/aldeia-global**](http://dedo.bandcamp.com/album/aldeia-global,album,True,2
2013 - dedo-ao-vivo-quintavant-audio-rebel-2013,dedo-ao-vivo-quintavant-audio-rebel-2013,ao-vivo-quintavant-audio-rebel-2013,dedo,2013,dedo-ao-vivo-quintavant-audio-rebel-2013.mp3,True,https://dedo.bandcamp.com,generic,True,2
2013 - dedo-ed-alpha-tauri-2013,dedo-ed-alpha-tauri-2013,ed-alpha-tauri-2013,dedo,2013,dedo-ed-alpha-tauri-2013.mp3,True,https://dedo.bandcamp.com**](https://dedo.bandcamp.com,generic,True,2
2013 - DEE - Rec 3,whoxxist-bedroom-ep-2013,Rec 3,DEE,2013,whoxxist-bedroom-ep-2013.mp3,True,,none,True,2
2013 - Diamond Sea As - As Flores Que Murcham Com O Tempo,diamond-sea-as-flores-que-murcham-com-o,As Flores Que Murcham Com O Tempo,Diamond Sea As,2013,diamond-sea-as-flores-que-murcham-com-o.mp3,True,https://diamondsea.bandcamp.com/**](https://diamondsea.bandcamp.com,generic,True,2
2013 - DIAZ - Caipira EP,diaz-caipira-ep-2013,Caipira EP,DIAZ,2013,diaz-caipira-ep-2013.mp3,True,http://bigornadiscos.bandcamp.com/album/caipira-ep,album,True,2
2013 - die-kunkun-jesus-wet-2013,die-kunkun-jesus-wet-2013,kunkun-jesus-wet-2013,die,2013,die-kunkun-jesus-wet-2013.mp3,True,https://diekunkun.bandcamp.com**](https://diekunkun.bandcamp.com,generic,True,2
2013 - Discos e Afins Convida #12,farmacopeia-creezo-e-doppelgangers,Discos e Afins Convida #12,,2013,farmacopeia-creezo-e-doppelgangers.mp3,True,https://discoseafins.bandcamp.com,generic,True,2
2013 - dj-guerrinha-rua-sorocaba-2013,dj-guerrinha-rua-sorocaba-2013,guerrinha-rua-sorocaba-2013,dj,2013,dj-guerrinha-rua-sorocaba-2013.mp3,True,http://40porcentofodabarramaneirissimo.bandcamp.com/album/rua-sorocaba**](http://40porcentofodabarramaneirissimo.bandcamp.com/album/rua-sorocaba,album,True,2
2013 - Don Ramón - Fat Boy Strikes Again!,don-ramon-fatso-is-watchin-you-bring,Fat Boy Strikes Again!,Don Ramón,2013,don-ramon-fatso-is-watchin-you-bring.mp3,True,https://donramonfuckinrules.bandcamp.com**](https://donramonfuckinrules.bandcamp.com,generic,True,2
2013 - Droid On Elemental,droid-on-elemental-2013,Droid On Elemental,,2013,droid-on-elemental-2013.mp3,True,https://droidon.bandcamp.com,generic,True,2
2013 - dunas-dunas-ep-2013,dunas-dunas-ep-2013,dunas-ep-2013,dunas,2013,dunas-dunas-ep-2013.mp3,True,,none,True,2
2013 - Epilepsia Death Raving - Delirando Mortes Ao Vivo no Plano B,epilepsia-death-raving-delirando-mortes,Delirando Mortes Ao Vivo no Plano B,Epilepsia Death Raving,2013,epilepsia-death-raving-delirando-mortes.mp3,True,http://toclabel.bandcamp.com/album/death-raving-delirando-mortes-epilepsia-ao-vivo-no-plano-b**](http://toclabel.bandcamp.com/album/death-raving-delirando-mortes-epilepsia-ao-vivo-no-plano-b,album,True,2
2013 - erecao-de-elefante-insulto-2013,erecao-de-elefante-insulto-2013,de-elefante-insulto-2013,erecao,2013,erecao-de-elefante-insulto-2013.mp3,True,https://erecaodeelefante.bandcamp.com,generic,True,2
2013 - Eu Voce E Manga Musica Desenhada Ep,eu-voce-e-manga-musica-desenhada-ep-2012,Eu Voce E Manga Musica Desenhada Ep,,2013,eu-voce-e-manga-musica-desenhada-ep-2012.mp3,True,http://manga.bandcamp.com/album/m-sica-desenhada-ep,album,True,2
2013 - eu-voce-e-manga-equinocio-ep-2013,eu-voce-e-manga-equinocio-ep-2013,voce-e-manga-equinocio-ep-2013,eu,2013,eu-voce-e-manga-equinocio-ep-2013.mp3,True,https://manga.bandcamp.com/**](https://manga.bandcamp.com,generic,True,2
2013 - eueueunegroleo-eueueu-e-negroleo-2013,eueueunegroleo-eueueu-e-negroleo-2013,eueueu-e-negroleo-2013,eueueunegroleo,2013,eueueunegroleo-eueueu-e-negroleo-2013.mp3,True,https://eueueunegroleo.bandcamp.com/**](https://eueueunegroleo.bandcamp.com,generic,True,2
2013 - evan-heinrich-garden-of-scars-2013,evan-heinrich-garden-of-scars-2013,heinrich-garden-of-scars-2013,evan,2013,evan-heinrich-garden-of-scars-2013.mp3,True,https://evanheinrich.bandcamp.com/**](https://evanheinrich.bandcamp.com,generic,True,2
2013 - EXPLT - Zozanterdam,explt-alimentar-ep-2012,Zozanterdam,EXPLT,2013,explt-alimentar-ep-2012.mp3,True,https://explt.bandcamp.com/**](https://explt.bandcamp.com,generic,True,2
2013 - fear-of-unknown-fear-of-unknown-ep-2013,fear-of-unknown-fear-of-unknown-ep-2013,of-unknown-fear-of-unknown-ep-2013,fear,2013,fear-of-unknown-fear-of-unknown-ep-2013.mp3,True,https://fearofunknown.bandcamp.com,generic,True,2
2013 - felipe-neiva-come-on-now-take-bow-2013,felipe-neiva-come-on-now-take-bow-2013,neiva-come-on-now-take-bow-2013,felipe,2013,felipe-neiva-come-on-now-take-bow-2013.mp3,True,,none,True,2
2013 - filipe-alvim-zero-ep-2013,filipe-alvim-zero-ep-2013,alvim-zero-ep-2013,filipe,2013,filipe-alvim-zero-ep-2013.mp3,True,https://filipealvim.bandcamp.com/**](https://filipealvim.bandcamp.com,generic,True,2
2013 - floema-ferrugem-2013,floema-ferrugem-2013,ferrugem-2013,floema,2013,floema-ferrugem-2013.mp3,True,https://floema.bandcamp.com,generic,True,2
2013 - foba-coroados-ep-2013,foba-coroados-ep-2013,coroados-ep-2013,foba,2013,foba-coroados-ep-2013.mp3,True,https://foba.bandcamp.com**](https://foba.bandcamp.com,generic,True,2
2013 - formafluida-wunderlust-ep-2013,formafluida-wunderlust-ep-2013,wunderlust-ep-2013,formafluida,2013,formafluida-wunderlust-ep-2013.mp3,True,https://formafluida.bandcamp.com,generic,True,2
2013 - foz-monte-mario-ep-2013,foz-monte-mario-ep-2013,monte-mario-ep-2013,foz,2013,foz-monte-mario-ep-2013.mp3,True,https://fozmusica.bandcamp.com,generic,True,2
2013 - fragola-sour-demo-2013,fragola-sour-demo-2013,sour-demo-2013,fragola,2013,fragola-sour-demo-2013.mp3,True,https://fragolasour.bandcamp.com/**](https://fragolasour.bandcamp.com,generic,True,2
2013 - fragor-de-olhos-fechados-ep-2013,fragor-de-olhos-fechados-ep-2013,de-olhos-fechados-ep-2013,fragor,2013,fragor-de-olhos-fechados-ep-2013.mp3,True,https://fragorband.bandcamp.com,generic,True,2
2013 - gabriel-guimaraes-st-ep-2013,gabriel-guimaraes-st-ep-2013,guimaraes-st-ep-2013,gabriel,2013,gabriel-guimaraes-st-ep-2013.mp3,True,https://gabrielguimaraes.bandcamp.com**](https://gabrielguimaraes.bandcamp.com,generic,True,2
2013 - Ganeshas - Cabeça Parabólica,ganeshas-ganeshas-2010,Cabeça Parabólica,Ganeshas,2013,ganeshas-ganeshas-2010.mp3,True,https://ganeshas.bandcamp.com,generic,True,2
2013 - gatas-sorvetes-ep-headbanger-2013,gatas-sorvetes-ep-headbanger-2013,sorvetes-ep-headbanger-2013,gatas,2013,gatas-sorvetes-ep-headbanger-2013.mp3,True,https://gatasesorvetes.bandcamp.com/**](https://gatasesorvetes.bandcamp.com,generic,True,2
2013 - giallos-contra-2013,giallos-contra-2013,contra-2013,giallos,2013,giallos-contra-2013.mp3,True,https://giallos.bandcamp.com,generic,True,2
2013 - god-demise-st-2013,god-demise-st-2013,demise-st-2013,god,2013,god-demise-st-2013.mp3,True,https://goddemise.bandcamp.com/**](https://goddemise.bandcamp.com,generic,True,2
2013 - godasadog-casulo-ep-2013,godasadog-casulo-ep-2013,casulo-ep-2013,godasadog,2013,godasadog-casulo-ep-2013.mp3,True,https://godasadog.bandcamp.com,generic,True,2
2013 - godsdog-hoje-2013,godsdog-hoje-2013,hoje-2013,godsdog,2013,godsdog-hoje-2013.mp3,True,https://godasadog.bandcamp.com/**](https://godasadog.bandcamp.com,generic,True,2
2013 - Gustavo Jobim Leandro Theo Free,gustavo-jobim-leandro-theo-free-2013,Gustavo Jobim Leandro Theo Free,,2013,gustavo-jobim-leandro-theo-free-2013.mp3,True,https://gustavojobim.bandcamp.com,generic,True,2
2013 - hangovers-hanga-in-sky-with-breads-2013,hangovers-hanga-in-sky-with-breads-2013,hanga-in-sky-with-breads-2013,hangovers,2013,hangovers-hanga-in-sky-with-breads-2013.mp3,True,https://han6overs.bandcamp.com,generic,True,2
2013 - Heitor Dantas Unhas De Novembro,heitor-dantas-unhas-de-novembro-2013,Heitor Dantas Unhas De Novembro,,2013,heitor-dantas-unhas-de-novembro-2013.mp3,True,https://heitordantas.bandcamp.com,generic,True,2
2013 - holiday-nice-risca-faca-2013,holiday-nice-risca-faca-2013,nice-risca-faca-2013,holiday,2013,holiday-nice-risca-faca-2013.mp3,True,https://holidaynice.bandcamp.com,generic,True,2
2013 - imola-raiva-e-retorno-2013,imola-raiva-e-retorno-2013,raiva-e-retorno-2013,imola,2013,imola-raiva-e-retorno-2013.mp3,True,https://imolapunk.bandcamp.com/**](https://imolapunk.bandcamp.com,generic,True,2
2013 - inerte-i-2013,inerte-i-2013,i-2013,inerte,2013,inerte-i-2013.mp3,True,http://tapechurecords.bandcamp.com/album/i**](http://tapechurecords.bandcamp.com/album/i,album,True,2
2013 - insvlariz-demo-2013,insvlariz-demo-2013,demo-2013,insvlariz,2013,insvlariz-demo-2013.mp3,True,https://insulariz.bandcamp.com,generic,True,2
2013 - Intensos Animais Imperceptíveis.zip,digital-amerindio-american-bigfoot,Intensos Animais Imperceptíveis.zip,,2013,digital-amerindio-american-bigfoot.mp3,True,http://cloudchapel.bandcamp.com/album/intensos-animais-impercept-veis**](http://cloudchapel.bandcamp.com/album/intensos-animais-impercept-veis,album,True,2
2013 - Interphone - A Devoradora Máquina do Tempo,interphone-devoradora-maquina-do-tempo,A Devoradora Máquina do Tempo,Interphone,2013,interphone-devoradora-maquina-do-tempo.mp3,True,https://interphone.bandcamp.com/**](https://interphone.bandcamp.com,generic,True,2
2013 - iridescent-life-leave-no-trace-ep-2013,iridescent-life-leave-no-trace-ep-2013,life-leave-no-trace-ep-2013,iridescent,2013,iridescent-life-leave-no-trace-ep-2013.mp3,True,http://stepinrecordings.bandcamp.com/album/leave-no-trace-ep,album,True,2
2013 - Ismael - Lev,ismael-lev-2013,Lev,Ismael,2013,ismael-lev-2013.mp3,True,,none,True,2
2013 - it-came-cam-rain-ep-2013,it-came-cam-rain-ep-2013,came-cam-rain-ep-2013,it,2013,it-came-cam-rain-ep-2013.mp3,True,,none,True,2
2013 - jan-felipe-interludes-ep-2013,jan-felipe-interludes-ep-2013,felipe-interludes-ep-2013,jan,2013,jan-felipe-interludes-ep-2013.mp3,True,https://janfelipe.bandcamp.com,generic,True,2
2013 - Josh Making Songs - Josh Making Songs EP,josh-making-songs-josh-making-songs-ep,Josh Making Songs EP,Josh Making Songs,2013,josh-making-songs-josh-making-songs-ep.mp3,True,https://joshmakingsongs.bandcamp.com/**](https://joshmakingsongs.bandcamp.com,generic,True,2
2013 - Keroøàcidu Suäväk - Kuarks Quasares el Gran Piknik,keroacidu-suavak-kuarks-quasares-el,Kuarks Quasares el Gran Piknik,Keroøàcidu Suäväk,2013,keroacidu-suavak-kuarks-quasares-el.mp3,True,http://kimusorecords.bandcamp.com/album/kuarks-quasares-el-gran-piknik**](http://kimusorecords.bandcamp.com/album/kuarks-quasares-el-gran-piknik,album,True,2
2013 - Krias De Kafka O - O Mundo Não Acaba Nunca.zip,krias-de-kafka-o-mundo-nao-acaba-nunca,O Mundo Não Acaba Nunca.zip,Krias De Kafka O,2013,krias-de-kafka-o-mundo-nao-acaba-nunca.mp3,True,https://kriasdekafka.bandcamp.com,generic,True,2
2013 - la-casa-cannibale-la-casa-cannibale-2013,la-casa-cannibale-la-casa-cannibale-2013,casa-cannibale-la-casa-cannibale-2013,la,2013,la-casa-cannibale-la-casa-cannibale-2013.mp3,True,https://thiagomiazzo.bandcamp.com/**](https://thiagomiazzo.bandcamp.com,generic,True,2
2013 - lagar-lagar-ep-2013,lagar-lagar-ep-2013,lagar-ep-2013,lagar,2013,lagar-lagar-ep-2013.mp3,True,https://lagarhardcore.bandcamp.com/**](https://lagarhardcore.bandcamp.com,generic,True,2
2013 - lake-kawaguchi-north-inhumation-2013,lake-kawaguchi-north-inhumation-2013,kawaguchi-north-inhumation-2013,lake,2013,lake-kawaguchi-north-inhumation-2013.mp3,True,https://lakekawaguchi.bandcamp.com/**](https://lakekawaguchi.bandcamp.com,generic,True,2
2013 - Le Degout - Split com Atrás do Pensamento,le-degout-split-com-atras-do-pensamento,Split com Atrás do Pensamento,Le Degout,2013,le-degout-split-com-atras-do-pensamento.mp3,True,https://ledegout.bandcamp.com/**](https://ledegout.bandcamp.com,generic,True,2
2013 - le-mars-inner-me-enemy-2013,le-mars-inner-me-enemy-2013,mars-inner-me-enemy-2013,le,2013,le-mars-inner-me-enemy-2013.mp3,True,http://lemars.bandcamp.com/album/inner-me-enemy**](http://lemars.bandcamp.com/album/inner-me-enemy,album,True,2
2013 - Lebensessenz Tage Der Nostalgie,lebensessenz-tage-der-nostalgie-2011,Lebensessenz Tage Der Nostalgie,,2013,lebensessenz-tage-der-nostalgie-2011.mp3,True,http://lebensessenz.bandcamp.com/album/tage-der-nostalgie,album,True,2
2013 - Leonardo Perantoni Self,leonardo-perantoni-self-2013,Leonardo Perantoni Self,,2013,leonardo-perantoni-self-2013.mp3,True,https://leoperantoni.bandcamp.com,generic,True,2
2013 - lingering-last-drops-no-2013,lingering-last-drops-no-2013,last-drops-no-2013,lingering,2013,lingering-last-drops-no-2013.mp3,True,https://lingeringlastdrops.bandcamp.com,generic,True,2
2013 - loner-awdur-angel-lost-in-earth-2013,loner-awdur-angel-lost-in-earth-2013,awdur-angel-lost-in-earth-2013,loner,2013,loner-awdur-angel-lost-in-earth-2013.mp3,True,https://lonerawdur.bandcamp.com,generic,True,2
2013 - los-prego-los-prego-2013,los-prego-los-prego-2013,prego-los-prego-2013,los,2013,los-prego-los-prego-2013.mp3,True,https://losprego.bandcamp.com/**](https://losprego.bandcamp.com,generic,True,2
2013 - Loxxo - 2013 - Loxxo - Loxxo Waves Ep,loxxo-waves-ep-2013,2013 - Loxxo - Loxxo Waves Ep,Loxxo,2013,loxxo-waves-ep-2013.mp3,True,https://loxxo.bandcamp.com/**](https://loxxo.bandcamp.com,generic,True,2
2013 - lucas-victorino-ep-rascunho-2013,lucas-victorino-ep-rascunho-2013,victorino-ep-rascunho-2013,lucas,2013,lucas-victorino-ep-rascunho-2013.mp3,True,https://lucasvictorino.bandcamp.com/**](https://lucasvictorino.bandcamp.com,generic,True,2
2013 - m-hornek-gravity-2013,m-hornek-gravity-2013,hornek-gravity-2013,m,2013,m-hornek-gravity-2013.mp3,True,https://hornek.bandcamp.com/**](https://hornek.bandcamp.com,generic,True,2
2013 - Maggoo E Nameless - Blown your mind with the world ~ First day of the new cycle,maggoo-e-nameless-blown-your-mind-with,Blown your mind with the world ~ First day of the new cycle,Maggoo E Nameless,2013,maggoo-e-nameless-blown-your-mind-with.mp3,True,,none,True,2
2013 - Mahmed Dominio Das Aguas E Dos Ceus,mahmed-dominio-das-aguas-e-dos-ceus-2013,Mahmed Dominio Das Aguas E Dos Ceus,,2013,mahmed-dominio-das-aguas-e-dos-ceus-2013.mp3,True,https://mahmed.bandcamp.com/**](https://mahmed.bandcamp.com,generic,True,2
"2013 - Mankeulv - Without sympathy, without struggle",mankeulv-without-sympathy-without,"Without sympathy, without struggle",Mankeulv,2013,mankeulv-without-sympathy-without.mp3,True,https://mankeulv.bandcamp.com/**](https://mankeulv.bandcamp.com,generic,True,2
2013 - Marcelo Armani + Guilherme Darisbo - Música Refinada,04-A Arte Refinada de Detectar Mentiras,Música Refinada,Marcelo Armani + Guilherme Darisbo,2013,04-A Arte Refinada de Detectar Mentiras.mp3,False,,none,True,2
2013 - mavys-popplewell-2013,mavys-popplewell-2013,popplewell-2013,mavys,2013,mavys-popplewell-2013.mp3,True,https://mavys.bandcamp.com,generic,True,2
2013 - Monstro Neotico Monstro - Monstro Neótico Monstro,monstro-neotico-monstro-monstro-neotico,Monstro Neótico Monstro,Monstro Neotico Monstro,2013,monstro-neotico-monstro-monstro-neotico.mp3,True,,none,True,2
2013 - Muep Etmo - You Can't Make Sense Out Of It,muep-etmo-you-cant-make-sense-out-of-it,You Can't Make Sense Out Of It,Muep Etmo,2013,muep-etmo-you-cant-make-sense-out-of-it.mp3,True,http://dissenso.bandcamp.com/album/muep-etmo-you-cant-make-sense-out-of-it-2013,album,True,2
2013 - muhammad-ateu-velhas-vontades-2013,muhammad-ateu-velhas-vontades-2013,ateu-velhas-vontades-2013,muhammad,2013,muhammad-ateu-velhas-vontades-2013.mp3,True,https://muhammadateu.bandcamp.com](https://muhammadateu.bandcamp.com,generic,True,2
2013 - My Name Is Mary My Name Is Mary Ep,my-name-is-mary-my-name-is-mary-ep-2013,My Name Is Mary My Name Is Mary Ep,,2013,my-name-is-mary-my-name-is-mary-ep-2013.mp3,True,https://mynameismary.bandcamp.com,generic,True,2
2013 - MÜVI - MÜVI no L.I.A. (26jan2013),muvi-ao-vivo-live-in-acapulco-2013,MÜVI no L.I.A. (26jan2013),MÜVI,2013,muvi-ao-vivo-live-in-acapulco-2013.mp3,True,http://liveinacapulco.bandcamp.com/album/m-vi-no-l-i-a-26jan2013,album,True,2
2013 - narayama-terra-suja-vista-imunda-2013,narayama-terra-suja-vista-imunda-2013,terra-suja-vista-imunda-2013,narayama,2013,narayama-terra-suja-vista-imunda-2013.mp3,True,https://narayama.bandcamp.com**](https://narayama.bandcamp.com,generic,True,2
2013 - national-ao-vivo-no-lia-2013,national-ao-vivo-no-lia-2013,ao-vivo-no-lia-2013,national,2013,national-ao-vivo-no-lia-2013.mp3,True,,none,True,2
2013 - nees-ees-nees-ees-2013,nees-ees-nees-ees-2013,ees-nees-ees-2013,nees,2013,nees-ees-nees-ees-2013.mp3,True,,none,True,2
2013 - negro-leo-tara-2013,negro-leo-tara-2013,leo-tara-2013,negro,2013,negro-leo-tara-2013.mp3,True,https://negroleo.bandcamp.com/**](https://negroleo.bandcamp.com,generic,True,2
2013 - noala-humo-2013,noala-humo-2013,humo-2013,noala,2013,noala-humo-2013.mp3,True,https://noala.bandcamp.com/**](https://noala.bandcamp.com,generic,True,2
2013 - Nosso Querido Figueiredo - Fumaça&Sangue,nosso-querido-figueiredo-fumaca-sangue,Fumaça&Sangue,Nosso Querido Figueiredo,2013,nosso-querido-figueiredo-fumaca-sangue.mp3,True,https://nossoquerido.bandcamp.com,generic,True,2
2013 - nosso-querido-figueiredo-el-gato-2013,nosso-querido-figueiredo-el-gato-2013,querido-figueiredo-el-gato-2013,nosso,2013,nosso-querido-figueiredo-el-gato-2013.mp3,True,https://nossoquerido.bandcamp.com,generic,True,2
2013 - nuvens-invisiveis-nuvens-invisiveis-2013,nuvens-invisiveis-nuvens-invisiveis-2013,invisiveis-nuvens-invisiveis-2013,nuvens,2013,nuvens-invisiveis-nuvens-invisiveis-2013.mp3,True,https://nuvensinvisiveis.bandcamp.com**](https://nuvensinvisiveis.bandcamp.com,generic,True,2
2013 - nvblado-afogado-2013,nvblado-afogado-2013,afogado-2013,nvblado,2013,nvblado-afogado-2013.mp3,True,https://nvblado.bandcamp.com/**](https://nvblado.bandcamp.com,generic,True,2
2013 - o Bardo e o Banjo - Synergy,o-bardo-e-o-banjo-synergy-2013,Synergy,o Bardo e o Banjo,2013,o-bardo-e-o-banjo-synergy-2013.mp3,True,http://obardoeobanjo.bandcamp.com/album/synergy**](http://obardoeobanjo.bandcamp.com/album/synergy,album,True,2
2013 - o-inimigo-west-coast-usa-tour-2013,o-inimigo-west-coast-usa-tour-2013,inimigo-west-coast-usa-tour-2013,o,2013,o-inimigo-west-coast-usa-tour-2013.mp3,True,https://oinimigo.bandcamp.com,generic,True,2
2013 - Obasquiat Experimentos Com Arco Ep,obasquiat-experimentos-com-arco-ep,Obasquiat Experimentos Com Arco Ep,,2013,obasquiat-experimentos-com-arco-ep.mp3,True,https://obasquiat.bandcamp.com/**](https://obasquiat.bandcamp.com,generic,True,2
2013 - obasquiat-obasquiat-ep-2013,obasquiat-obasquiat-ep-2013,obasquiat-ep-2013,obasquiat,2013,obasquiat-obasquiat-ep-2013.mp3,True,https://obasquiat.bandcamp.com**](https://obasquiat.bandcamp.com,generic,True,2
2013 - Ordinaria Hit E Rodrigo Montoya,ordinaria-hit-e-rodrigo-montoya,Ordinaria Hit E Rodrigo Montoya,,2013,ordinaria-hit-e-rodrigo-montoya.mp3,True,https://extraordinariahit.bandcamp.com,generic,True,2
2013 - Ordinaria Hit E Yon - Sessão Extraordinária Volume 06,ordinaria-hit-e-yon-sessao,Sessão Extraordinária Volume 06,Ordinaria Hit E Yon,2013,ordinaria-hit-e-yon-sessao.mp3,True,https://extraordinariahit.bandcamp.com/**](https://extraordinariahit.bandcamp.com,generic,True,2
2013 - ordinaria-hit-320-2013,ordinaria-hit-320-2013,hit-320-2013,ordinaria,2013,ordinaria-hit-320-2013.mp3,True,http://ordinariahit.bandcamp.com/album/320**](http://ordinariahit.bandcamp.com/album/320,album,True,2
2013 - Orlando Scarpa Neto - Cinco Peças Com Temas Sobrepostos,orlando-scarpa-neto-cinco-pecas-com,Cinco Peças Com Temas Sobrepostos,Orlando Scarpa Neto,2013,orlando-scarpa-neto-cinco-pecas-com.mp3,True,https://orlandoscarpa.bandcamp.com/**](https://orlandoscarpa.bandcamp.com,generic,True,2
2013 - Os Paratóxicos - Punk do Punk EP,os-paratoxicos-punk-do-punk-ep-2013,Punk do Punk EP,Os Paratóxicos,2013,os-paratoxicos-punk-do-punk-ep-2013.mp3,True,https://paratoxicos.bandcamp.com/**](https://paratoxicos.bandcamp.com,generic,True,2
2013 - Os Trouxas Relembrando Os Trouxas Uma,os-trouxas-relembrando-os-trouxas-uma,Os Trouxas Relembrando Os Trouxas Uma,,2013,os-trouxas-relembrando-os-trouxas-uma.mp3,True,https://ostrouxas.bandcamp.com/**](https://ostrouxas.bandcamp.com,generic,True,2
2013 - palinoia-doux-ep-2013,palinoia-doux-ep-2013,doux-ep-2013,palinoia,2013,palinoia-doux-ep-2013.mp3,True,,none,True,2
2013 - Paralyzed Blind Boy - There's no place for Eve,paralyzed-blind-boy-theres-no-place-for,There's no place for Eve,Paralyzed Blind Boy,2013,paralyzed-blind-boy-theres-no-place-for.mp3,True,https://paralyzedblindboy.bandcamp.com,generic,True,2
2013 - Parte Cinza Parte Um,parte-cinza-parte-um-2013,Parte Cinza Parte Um,,2013,parte-cinza-parte-um-2013.mp3,True,http://partecinza.bandcamp.com/album/parte-um,album,True,2
2013 - Peaceful Pants - suddenly,peaceful-pants-lazy-people-only-2012,suddenly,Peaceful Pants,2013,peaceful-pants-lazy-people-only-2012.mp3,True,https://peacefulpants.bandcamp.com,generic,True,2
2013 - Pelvs 1991 2012 Caixa,pelvs-1991-2012-caixa-2013,Pelvs 1991 2012 Caixa,,2013,pelvs-1991-2012-caixa-2013.mp3,True,https://pelvsmusic.bandcamp.com,generic,True,2
2013 - Picnic No Front - E daí se o mundo acabou?,picnic-no-front-e-dai-se-o-mundo-acabou,E daí se o mundo acabou?,Picnic No Front,2013,picnic-no-front-e-dai-se-o-mundo-acabou.mp3,True,https://picnicnofront.bandcamp.com,generic,True,2
2013 - pierrot-lunar-passagem-secreta-2013,pierrot-lunar-passagem-secreta-2013,lunar-passagem-secreta-2013,pierrot,2013,pierrot-lunar-passagem-secreta-2013.mp3,True,https://pierrotpassagem.bandcamp.com,generic,True,2
2013 - pl-sessions-pl-sessions-1-2013,pl-sessions-pl-sessions-1-2013,sessions-pl-sessions-1-2013,pl,2013,pl-sessions-pl-sessions-1-2013.mp3,True,https://plsessions.bandcamp.com/**](https://plsessions.bandcamp.com,generic,True,2
2013 - Plastico Tangerina - Barbarismo (Eu me derreto em Plastico),plastico-tangerina-barbarismo-eu-me,Barbarismo (Eu me derreto em Plastico),Plastico Tangerina,2013,plastico-tangerina-barbarismo-eu-me.mp3,True,https://plasticotangerina.bandcamp.com,generic,True,2
2013 - Pode Pá - Angry Speed Shit,pode-pa-o-super-homem-de-bombeta-vai,Angry Speed Shit,Pode Pá,2013,pode-pa-o-super-homem-de-bombeta-vai.mp3,True,https://podepa.bandcamp.com/**](https://podepa.bandcamp.com,generic,True,2
2013 - pollux-e-castor-pollux-e-castor-ep-2013,pollux-e-castor-pollux-e-castor-ep-2013,e-castor-pollux-e-castor-ep-2013,pollux,2013,pollux-e-castor-pollux-e-castor-ep-2013.mp3,True,https://polluxecastor.bandcamp.com**](https://polluxecastor.bandcamp.com,generic,True,2
2013 - pombo-pombo-2013,pombo-pombo-2013,pombo-2013,pombo,2013,pombo-pombo-2013.mp3,True,https://pombocombo.bandcamp.com/**](https://pombocombo.bandcamp.com,generic,True,2
2013 - pools-of-happiness-price-of-dreams-2013,pools-of-happiness-price-of-dreams-2013,of-happiness-price-of-dreams-2013,pools,2013,pools-of-happiness-price-of-dreams-2013.mp3,True,,none,True,2
2013 - porto-odradek-2013,porto-odradek-2013,odradek-2013,porto,2013,porto-odradek-2013.mp3,True,,none,True,2
2013 - Projeto Caixa Preta Mundo Cao,projeto-caixa-preta-mundo-cao-2013,Projeto Caixa Preta Mundo Cao,,2013,projeto-caixa-preta-mundo-cao-2013.mp3,True,https://projetocaixapreta.bandcamp.com,generic,True,2
2013 - projeto-zurdo-zurdo-ep-2013,projeto-zurdo-zurdo-ep-2013,zurdo-zurdo-ep-2013,projeto,2013,projeto-zurdo-zurdo-ep-2013.mp3,True,https://projetozurdo.bandcamp.com,generic,True,2
2013 - pumuca-miolo-ep-2013,pumuca-miolo-ep-2013,miolo-ep-2013,pumuca,2013,pumuca-miolo-ep-2013.mp3,True,https://pumuca.bandcamp.com,generic,True,2
2013 - quatro-paredes-ep-1-2013,quatro-paredes-ep-1-2013,paredes-ep-1-2013,quatro,2013,quatro-paredes-ep-1-2013.mp3,True,https://quatroparedes.bandcamp.com,generic,True,2
2013 - Radioviernes - O Grande Irmão Somos Nós,radioviernes-o-grande-irmao-somos-nos,O Grande Irmão Somos Nós,Radioviernes,2013,radioviernes-o-grande-irmao-somos-nos.mp3,True,https://radioviernes.bandcamp.com,generic,True,2
2013 - rafael-miranda-carpindo-ep-2013,rafael-miranda-carpindo-ep-2013,miranda-carpindo-ep-2013,rafael,2013,rafael-miranda-carpindo-ep-2013.mp3,True,,none,True,2
2013 - RAKTA - S T,ratka-st-2013,S T,RAKTA,2013,ratka-st-2013.mp3,True,http://rakta.bandcamp.com/album/s-t,album,True,2
2013 - rampazzo-here-ep-2013,rampazzo-here-ep-2013,here-ep-2013,rampazzo,2013,rampazzo-here-ep-2013.mp3,True,http://stepinrecordings.bandcamp.com/album/here-ep,album,True,2
2013 - reiketsu-cinza-2013,reiketsu-cinza-2013,cinza-2013,reiketsu,2013,reiketsu-cinza-2013.mp3,True,https://reiketsu.bandcamp.com](https://reiketsu.bandcamp.com,generic,True,2
2013 - Repine Into Abyss,repine-into-abyss-2013,Repine Into Abyss,,2013,repine-into-abyss-2013.mp3,True,https://repinedrone.bandcamp.com/**](https://repinedrone.bandcamp.com,generic,True,2
2013 - riana-terezacristina-2013,riana-terezacristina-2013,terezacristina-2013,riana,2013,riana-terezacristina-2013.mp3,True,http://discoseafins.bandcamp.com/album/terezacristina,album,True,2
2013 - Ricardo Eletrico Ricardo Eletrico Ep,ricardo-eletrico-ricardo-eletrico-ep,Ricardo Eletrico Ricardo Eletrico Ep,,2013,ricardo-eletrico-ricardo-eletrico-ep.mp3,True,https://ricardoeletrico.bandcamp.com,generic,True,2
2013 - Ricardo Herz Trio Aqui E O Meu La,ricardo-herz-trio-aqui-e-o-meu-la-2012,Ricardo Herz Trio Aqui E O Meu La,,2013,ricardo-herz-trio-aqui-e-o-meu-la-2012.mp3,True,http://scubidu.bandcamp.com/album/aqui-o-meu-l,album,True,2
2013 - rodrigo-novo-cova-triste-2013,rodrigo-novo-cova-triste-2013,novo-cova-triste-2013,rodrigo,2013,rodrigo-novo-cova-triste-2013.mp3,True,https://rodrigonovo.bandcamp.com/**](https://rodrigonovo.bandcamp.com,generic,True,2
2013 - ronca-ronca-ep-2013,ronca-ronca-ep-2013,ronca-ep-2013,ronca,2013,ronca-ronca-ep-2013.mp3,True,https://ronca.bandcamp.com,generic,True,2
2013 - roncisvalle-odyssey-2013,roncisvalle-odyssey-2013,odyssey-2013,roncisvalle,2013,roncisvalle-odyssey-2013.mp3,True,https://roncisvalle.bandcamp.com**](https://roncisvalle.bandcamp.com,generic,True,2
2013 - Rugas Do Mar Sensibilia,rugas-do-mar-sensibilia-2013,Rugas Do Mar Sensibilia,,2013,rugas-do-mar-sensibilia-2013.mp3,True,http://rugasdomar.bandcamp.com/album/sensibilia,album,True,2
2013 - seamus-red-ep-2013,seamus-red-ep-2013,red-ep-2013,seamus,2013,seamus-red-ep-2013.mp3,True,https://seamusrock.bandcamp.com,generic,True,2
2013 - sedna-tyran-sover-2013,sedna-tyran-sover-2013,tyran-sover-2013,sedna,2013,sedna-tyran-sover-2013.mp3,True,https://sednamusic.bandcamp.com,generic,True,2
2013 - seixlack-elo-ep-2013,seixlack-elo-ep-2013,elo-ep-2013,seixlack,2013,seixlack-elo-ep-2013.mp3,True,https://seixlack.bandcamp.com/**](https://seixlack.bandcamp.com,generic,True,2
2013 - selva-old-questions-2013,selva-old-questions-2013,old-questions-2013,selva,2013,selva-old-questions-2013.mp3,True,https://selvaon.bandcamp.com/**](https://selvaon.bandcamp.com,generic,True,2
2013 - sem-essa-aranha-unfibio-2013,sem-essa-aranha-unfibio-2013,essa-aranha-unfibio-2013,sem,2013,sem-essa-aranha-unfibio-2013.mp3,True,http://discoseafins.bandcamp.com/album/unfibio**](http://discoseafins.bandcamp.com/album/unfibio,album,True,2
2013 - Sentidor Doismiletreze,sentidor-doismiletreze-2013,Sentidor Doismiletreze,,2013,sentidor-doismiletreze-2013.mp3,True,https://sentidor.bandcamp.com,generic,True,2
2013 - sentidor-janelas-2013,sentidor-janelas-2013,janelas-2013,sentidor,2013,sentidor-janelas-2013.mp3,True,,none,True,2
2013 - shotgun-wives-hail-to-lizard-king-2013,shotgun-wives-hail-to-lizard-king-2013,wives-hail-to-lizard-king-2013,shotgun,2013,shotgun-wives-hail-to-lizard-king-2013.mp3,True,https://shotgunwives.bandcamp.com/**](https://shotgunwives.bandcamp.com,generic,True,2
2013 - Sin Ayuda - Your sound is what you are EP,sin-ayuda-your-sound-is-what-you-are-ep,Your sound is what you are EP,Sin Ayuda,2013,sin-ayuda-your-sound-is-what-you-are-ep.mp3,True,https://sinayuda.bandcamp.com,generic,True,2
2013 - Sleepwalkers Maladies - 4-Ho-Mipt,sleepwalkers-maladies-4-ho-mipt-2013,4-Ho-Mipt,Sleepwalkers Maladies,2013,sleepwalkers-maladies-4-ho-mipt-2013.mp3,True,https://sleepwalkersmaladies.bandcamp.com/**](https://sleepwalkersmaladies.bandcamp.com,generic,True,2
2013 - slvdr-fera-vischer-ep-2013,slvdr-fera-vischer-ep-2013,fera-vischer-ep-2013,slvdr,2013,slvdr-fera-vischer-ep-2013.mp3,True,,none,True,2
2013 - Spiritual Void - I,spiritual-void-i-2014,I,Spiritual Void,2013,spiritual-void-i-2014.mp3,True,https://spiritualvoid.bandcamp.com,generic,True,2
2013 - standing-point-work-consume-die-2013,standing-point-work-consume-die-2013,point-work-consume-die-2013,standing,2013,standing-point-work-consume-die-2013.mp3,True,https://standingpoint.bandcamp.com,generic,True,2
2013 - stereotroia-stereotroia-2013,stereotroia-stereotroia-2013,stereotroia-2013,stereotroia,2013,stereotroia-stereotroia-2013.mp3,True,https://stereotroia.bandcamp.com/**](https://stereotroia.bandcamp.com,generic,True,2
2013 - Stream.zip,gustavo-jobim-e-christian-caselli,Stream.zip,,2013,gustavo-jobim-e-christian-caselli.mp3,True,https://gustavojobim.bandcamp.com/**](https://gustavojobim.bandcamp.com,generic,True,2
2013 - subversilvas-ep-2013,subversilvas-ep-2013,ep-2013,subversilvas,2013,subversilvas-ep-2013.mp3,True,https://subversilvas.bandcamp.com,generic,True,2
2013 - super-brava-award-it-embrace-it-2013,super-brava-award-it-embrace-it-2013,brava-award-it-embrace-it-2013,super,2013,super-brava-award-it-embrace-it-2013.mp3,True,https://superbrava.bandcamp.com/**](https://superbrava.bandcamp.com,generic,True,2
2013 - tallene-apologia-ostentacao-do-nada-2013,tallene-apologia-ostentacao-do-nada-2013,apologia-ostentacao-do-nada-2013,tallene,2013,tallene-apologia-ostentacao-do-nada-2013.mp3,True,https://tallene.bandcamp.com,generic,True,2
2013 - Tape Rec Death Friends,tape-rec-death-friends-2013,Tape Rec Death Friends,,2013,tape-rec-death-friends-2013.mp3,True,http://taperec.bandcamp.com/album/death-friends,album,True,2
2013 - teddy-bear-brutal-2013,teddy-bear-brutal-2013,bear-brutal-2013,teddy,2013,teddy-bear-brutal-2013.mp3,True,https://teddythebear.bandcamp.com/**](https://teddythebear.bandcamp.com,generic,True,2
2013 - tequilla-bomb-bomb-style-2013,tequilla-bomb-bomb-style-2013,bomb-bomb-style-2013,tequilla,2013,tequilla-bomb-bomb-style-2013.mp3,True,https://ninonavarro.bandcamp.com,generic,True,2
2013 - Test - Balao de Azar,test-balao-de-azar-2013,Balao de Azar,Test,2013,test-balao-de-azar-2013.mp3,True,http://brava.bandcamp.com/album/balao-de-azar,album,True,2
2013 - teu-pai-ja-sabe-agora-sabe-2013,teu-pai-ja-sabe-agora-sabe-2013,pai-ja-sabe-agora-sabe-2013,teu,2013,teu-pai-ja-sabe-agora-sabe-2013.mp3,True,https://teupaijasabe.bandcamp.com/**](https://teupaijasabe.bandcamp.com,generic,True,2
2013 - The Industrialism - Thunderstorm in Magnetic Tapes,the-industrialism-thunderstorm-in,Thunderstorm in Magnetic Tapes,The Industrialism,2013,the-industrialism-thunderstorm-in.mp3,True,https://theindustrialism.bandcamp.com/**](https://theindustrialism.bandcamp.com,generic,True,2
2013 - The Outside Dog - Outros Caminhos - Parte I,the-outside-dog-outros-caminhos-parte-i,Outros Caminhos - Parte I,The Outside Dog,2013,the-outside-dog-outros-caminhos-parte-i.mp3,True,https://theoutsidedog.bandcamp.com/**](https://theoutsidedog.bandcamp.com,generic,True,2
2013 - The Outside Dog - Outros Caminhos Parte I,the-outside-dog-outros-caminhos-parte-i,Outros Caminhos Parte I,The Outside Dog,2013,the-outside-dog-outros-caminhos-parte-i.mp3,True,https://theoutsidedog.bandcamp.com/**](https://theoutsidedog.bandcamp.com,generic,True,2
2013 - The Renegades Of Punk - Coração Metrônomo,the-renegades-of-punk-coracao-metronomo,Coração Metrônomo,The Renegades Of Punk,2013,the-renegades-of-punk-coracao-metronomo.mp3,True,https://therenegadesofpunk.bandcamp.com/**](https://therenegadesofpunk.bandcamp.com,generic,True,2
2013 - the-floors-ep-2013,the-floors-ep-2013,floors-ep-2013,the,2013,the-floors-ep-2013.mp3,True,http://thefloorsmusic.bandcamp.com/album/the-floors-ep,album,True,2
2013 - the-original-wallies-band-vintage-i-2013,the-original-wallies-band-vintage-i-2013,original-wallies-band-vintage-i-2013,the,2013,the-original-wallies-band-vintage-i-2013.mp3,True,https://theoriginalwalliesband.bandcamp.com/**](https://theoriginalwalliesband.bandcamp.com,generic,True,2
2013 - the-velociraptors-new-state-of-mind-2013,the-velociraptors-new-state-of-mind-2013,velociraptors-new-state-of-mind-2013,the,2013,the-velociraptors-new-state-of-mind-2013.mp3,True,https://thevelociraptors.bandcamp.com/**](https://thevelociraptors.bandcamp.com,generic,True,2
2013 - Thisquietarmy - Urban Arts Sorocaba,thisquietarmy-ao-vivo-urban-arts,Urban Arts Sorocaba,Thisquietarmy,2013,thisquietarmy-ao-vivo-urban-arts.mp3,True,https://thisquietarmy.bandcamp.com,generic,True,2
2013 - Todos Contra Um - Rebelde Tsunami Tropical,todos-contra-um-rebelde-tsunami,Rebelde Tsunami Tropical,Todos Contra Um,2013,todos-contra-um-rebelde-tsunami.mp3,True,https://todoscontraum.bandcamp.com/**](https://todoscontraum.bandcamp.com,generic,True,2
2013 - tomba-orquestra-tomba-orquestra-2013,tomba-orquestra-tomba-orquestra-2013,orquestra-tomba-orquestra-2013,tomba,2013,tomba-orquestra-tomba-orquestra-2013.mp3,True,https://tombaorquestra.bandcamp.com,generic,True,2
2013 - traummaterial-traummaterial-2013,traummaterial-traummaterial-2013,traummaterial-2013,traummaterial,2013,traummaterial-traummaterial-2013.mp3,True,,none,True,2
2013 - Treli Feli Repifarmacopeia Split De,treli-feli-repifarmacopeia-split-de,Treli Feli Repifarmacopeia Split De,,2013,treli-feli-repifarmacopeia-split-de.mp3,True,http://farmacopeia.bandcamp.com/album/split-de-covers-do-polara**](http://farmacopeia.bandcamp.com/album/split-de-covers-do-polara,album,True,2
2013 - tuer-lapin-esporadico-2013,tuer-lapin-esporadico-2013,lapin-esporadico-2013,tuer,2013,tuer-lapin-esporadico-2013.mp3,True,https://tuerlapin.bandcamp.com,generic,True,2
2013 - Tuna Dupla Face,tuna-dupla-face-2013,Tuna Dupla Face,,2013,tuna-dupla-face-2013.mp3,True,https://tunapunkrock.bandcamp.com,generic,True,2
2013 - Turtle Face - Wild Turtle,turtle-face-wild-turtle-2013,Wild Turtle,Turtle Face,2013,turtle-face-wild-turtle-2013.mp3,True,https://turtleface.bandcamp.com/**](https://turtleface.bandcamp.com,generic,True,2
2013 - tvav-unprepared-loops-2013,tvav-unprepared-loops-2013,unprepared-loops-2013,tvav,2013,tvav-unprepared-loops-2013.mp3,True,http://tvav.bandcamp.com/album/unprepared-loops,album,True,2
2013 - twinpines-as-surprise-2013,twinpines-as-surprise-2013,as-surprise-2013,twinpines,2013,twinpines-as-surprise-2013.mp3,True,https://twinpinesmusic.bandcamp.com,generic,True,2
2013 - under-bad-eyes-demo-2013-2013,under-bad-eyes-demo-2013-2013,bad-eyes-demo-2013-2013,under,2013,under-bad-eyes-demo-2013-2013.mp3,True,https://underbadeyes.bandcamp.com**](https://underbadeyes.bandcamp.com,generic,True,2
2013 - Unself - Contaminados Desde o Nascimento,unself-contaminados-desde-o-nascimento,Contaminados Desde o Nascimento,Unself,2013,unself-contaminados-desde-o-nascimento.mp3,True,https://unself.bandcamp.com/**](https://unself.bandcamp.com,generic,True,2
2013 - v-de-ventura-petricor-2013,v-de-ventura-petricor-2013,de-ventura-petricor-2013,v,2013,v-de-ventura-petricor-2013.mp3,True,https://vdeventura.bandcamp.com,generic,True,2
2013 - v-road-wings-of-screamer-2013,v-road-wings-of-screamer-2013,road-wings-of-screamer-2013,v,2013,v-road-wings-of-screamer-2013.mp3,True,https://vroad.bandcamp.com,generic,True,2
2013 - velttenz-live-or-die-ep-2013,velttenz-live-or-die-ep-2013,live-or-die-ep-2013,velttenz,2013,velttenz-live-or-die-ep-2013.mp3,True,https://velttenz.bandcamp.com,generic,True,2
2013 - verjault-worship-2013,verjault-worship-2013,worship-2013,verjault,2013,verjault-worship-2013.mp3,True,https://verjault.bandcamp.com/**](https://verjault.bandcamp.com,generic,True,2
2013 - vermes-do-limbo-adeus-iguapo-2013,vermes-do-limbo-adeus-iguapo-2013,do-limbo-adeus-iguapo-2013,vermes,2013,vermes-do-limbo-adeus-iguapo-2013.mp3,True,https://vermesdolimbo.bandcamp.com,generic,True,2
2013 - victim-lar-2013,victim-lar-2013,lar-2013,victim,2013,victim-lar-2013.mp3,True,https://victimnoise.bandcamp.com/**](https://victimnoise.bandcamp.com,generic,True,2
2013 - Victor Cardoso Contraste,victor-cardoso-contraste-2013,Victor Cardoso Contraste,,2013,victor-cardoso-contraste-2013.mp3,True,http://victorcard.bandcamp.com/album/contraste,album,True,2
2013 - vidaxlivre-mais-que-livres-2013,vidaxlivre-mais-que-livres-2013,mais-que-livres-2013,vidaxlivre,2013,vidaxlivre-mais-que-livres-2013.mp3,True,https://vidaxlivre.bandcamp.com/**](https://vidaxlivre.bandcamp.com,generic,True,2
"2013 - Vitor Almeida Lopes - Ser, Sentir e Ouvir",vitor-almeida-lopes-ser-sentir-e-ouvir,"Ser, Sentir e Ouvir",Vitor Almeida Lopes,2013,vitor-almeida-lopes-ser-sentir-e-ouvir.mp3,True,https://vitoralmeidalopes.bandcamp.com,generic,True,2
2013 - vitor-brauer-m-2013,vitor-brauer-m-2013,brauer-m-2013,vitor,2013,vitor-brauer-m-2013.mp3,True,https://vitorbrauer.bandcamp.com/**](https://vitorbrauer.bandcamp.com,generic,True,2
2013 - wallace-costa-erosion-2013,wallace-costa-erosion-2013,costa-erosion-2013,wallace,2013,wallace-costa-erosion-2013.mp3,True,https://wallacecosta.bandcamp.com,generic,True,2
2013 - Weise - Aquele que superou o fim dos tempos,weise-aquele-que-superou-o-fim-dos,Aquele que superou o fim dos tempos,Weise,2013,weise-aquele-que-superou-o-fim-dos.mp3,True,http://entorte.bandcamp.com/album/aquele-que-superou-o-fim-dos-tempos,album,True,2
2013 - worthless-demo-1-2013,worthless-demo-1-2013,demo-1-2013,worthless,2013,worthless-demo-1-2013.mp3,True,,none,True,2
2013 - young-lights-early-winter-2013,young-lights-early-winter-2013,lights-early-winter-2013,young,2013,young-lights-early-winter-2013.mp3,True,https://younglights.bandcamp.com/**](https://younglights.bandcamp.com,generic,True,2
2013 - ZAVA - ZAVA,zava-zava-2013,ZAVA,ZAVA,2013,zava-zava-2013.mp3,True,https://bandazava.bandcamp.com/**](https://bandazava.bandcamp.com,generic,True,2
2013 - zerao-afundando-cidade-2013,zerao-afundando-cidade-2013,afundando-cidade-2013,zerao,2013,zerao-afundando-cidade-2013.mp3,True,https://zerao.bandcamp.com,generic,True,2
2013 - zero-zero-back-to-basics-2013,zero-zero-back-to-basics-2013,zero-back-to-basics-2013,zero,2013,zero-zero-back-to-basics-2013.mp3,True,https://zerozero.bandcamp.com,generic,True,2
2012 - 7mmp-7mmp-no-paraiso-2012,7mmp-7mmp-no-paraiso-2012,7mmp-no-paraiso-2012,7mmp,2012,7mmp-7mmp-no-paraiso-2012.mp3,True,https://7mmnoparaiso.bandcamp.com](https://7mmnoparaiso.bandcamp.com,generic,True,2
2012 - ahellofaday,the-hells-kitchen-project-hell-of-day,ahellofaday,,2012,the-hells-kitchen-project-hell-of-day.mp3,True,https://thkproject.bandcamp.com/download?enc=mp3-320&id=3190604667&ts=1351022690.3518859871&tsig=58c34128ca04c265d2d82a09afb34fd6&type=track,generic,True,2
2012 - alce-garoto-garoto-alce-2012,alce-garoto-garoto-alce-2012,garoto-garoto-alce-2012,alce,2012,alce-garoto-garoto-alce-2012.mp3,True,http://alcegaroto.bandcamp.com/album/garoto-alce**](http://alcegaroto.bandcamp.com/album/garoto-alce,album,True,2
2012 - Alohatomic Greatest Hits Of Alohatomic,alohatomic-greatest-hits-of-alohatomic,Alohatomic Greatest Hits Of Alohatomic,,2012,alohatomic-greatest-hits-of-alohatomic.mp3,True,https://alohatomic.bandcamp.com/**](https://alohatomic.bandcamp.com,generic,True,2
2012 - amigos-de-jesus-demo-2012,amigos-de-jesus-demo-2012,de-jesus-demo-2012,amigos,2012,amigos-de-jesus-demo-2012.mp3,True,https://amigosdejesus666.bandcamp.com/**](https://amigosdejesus666.bandcamp.com,generic,True,2
2012 - Apanhador Só - Paraquedas (compacto),Paraquedas,Paraquedas (compacto),Apanhador Só,2012,Paraquedas.mp3,False,,none,True,2
2012 - ASTROLÁBIO - Sketches From Mars,02 Insights From Home (Prometheus),Sketches From Mars,ASTROLÁBIO,2012,02 Insights From Home (Prometheus).mp3,False,,none,True,2
2012 - barulhista-ssegue-2012,barulhista-ssegue-2012,ssegue-2012,barulhista,2012,barulhista-ssegue-2012.mp3,True,,none,True,2
2012 - bemonio-serenata-2012,bemonio-serenata-2012,serenata-2012,bemonio,2012,bemonio-serenata-2012.mp3,True,https://bemonio.bandcamp.com,generic,True,2
2012 - bemonio-vulgatam-clementinam-2012,bemonio-vulgatam-clementinam-2012,vulgatam-clementinam-2012,bemonio,2012,bemonio-vulgatam-clementinam-2012.mp3,True,https://bemonio.bandcamp.com/download?enc=mp3-320&id=683995636&ts=1343658068.2840904544&tsig=277485f2506404af8b8ab1cadab23092&type=album,generic,True,2
2012 - Betterman Betterman Ep,betterman-betterman-ep-2012,Betterman Betterman Ep,,2012,betterman-betterman-ep-2012.mp3,True,https://betterman.bandcamp.com,generic,True,2
2012 - blackthorny-profane-crown-of-thorns-2012,blackthorny-profane-crown-of-thorns-2012,profane-crown-of-thorns-2012,blackthorny,2012,blackthorny-profane-crown-of-thorns-2012.mp3,True,https://blackthorny.bandcamp.com/**](https://blackthorny.bandcamp.com,generic,True,2
2012 - bratislava-carne-2012,bratislava-carne-2012,carne-2012,bratislava,2012,bratislava-carne-2012.mp3,True,https://bratislavabr.bandcamp.com/**](https://bratislavabr.bandcamp.com,generic,True,2
2012 - Bufalo Centavo Fraturas Tinha Vontade,bufalo-centavo-fraturas-tinha-vontade,Bufalo Centavo Fraturas Tinha Vontade,,2012,bufalo-centavo-fraturas-tinha-vontade.mp3,True,http://piyyutim.bandcamp.com/album/tinha-vontade-de-cantar,album,True,2
2012 - Caldo Verde - Caldo Verde,caldo-verde-caldo-verde-ep-2012,Caldo Verde,Caldo Verde,2012,caldo-verde-caldo-verde-ep-2012.mp3,True,https://caldoverde.bandcamp.com,generic,True,2
2012 - Carne de Monstro - Carne de Monstro,carne-de-monstro-carne-de-monstro-2012,Carne de Monstro,Carne de Monstro,2012,carne-de-monstro-carne-de-monstro-2012.mp3,True,https://carnedemonstro.bandcamp.com**](https://carnedemonstro.bandcamp.com,generic,True,2
2012 - cellardoor - ástarsaga (2012),cellardoor-astarsaga-2012,ástarsaga (2012),cellardoor,2012,cellardoor-astarsaga-2012.mp3,True,http://cellardoorbr.bandcamp.com/album/starsaga-2012**](http://cellardoorbr.bandcamp.com/album/starsaga-2012,album,True,2
2012 - cepacaina-melhor-banda-do-mundo-2012,cepacaina-melhor-banda-do-mundo-2012,melhor-banda-do-mundo-2012,cepacaina,2012,cepacaina-melhor-banda-do-mundo-2012.mp3,True,https://cepacaina.bandcamp.com,generic,True,2
2012 - Cepacaína - A Melhor Banda do Mundo,cepacaina-melhor-banda-do-mundo-2012,A Melhor Banda do Mundo,Cepacaína,2012,cepacaina-melhor-banda-do-mundo-2012.mp3,True,https://cepacaina.bandcamp.com,generic,True,2
2012 - cloud-whale-center-square-ep-2012,cloud-whale-center-square-ep-2012,whale-center-square-ep-2012,cloud,2012,cloud-whale-center-square-ep-2012.mp3,True,https://cloudwhale.bandcamp.com/download?enc=mp3-320&id=3287274770&ts=1354287026.1504442517&tsig=1114d713f40183d920c41c5d6fd29948&type=album,generic,True,2
2012 - coletanea-cao-faminto-2012,coletanea-cao-faminto-2012,cao-faminto-2012,coletanea,2012,coletanea-cao-faminto-2012.mp3,True,https://caofaminto.bandcamp.com,generic,True,2
2012 - contadini-morti-multidao-2012,contadini-morti-multidao-2012,morti-multidao-2012,contadini,2012,contadini-morti-multidao-2012.mp3,True,https://contadinimorti.bandcamp.com/**](https://contadinimorti.bandcamp.com,generic,True,2
2012 - derival-bonito-ep-2012,derival-bonito-ep-2012,bonito-ep-2012,derival,2012,derival-bonito-ep-2012.mp3,True,https://derival.bandcamp.com/**](https://derival.bandcamp.com,generic,True,2
2012 - dpsmkr-dpsmkr-2012,dpsmkr-dpsmkr-2012,dpsmkr-2012,dpsmkr,2012,dpsmkr-dpsmkr-2012.mp3,True,https://dpsmkr.bandcamp.com/**](https://dpsmkr.bandcamp.com,generic,True,2
2012 - driveout-cerberus-2012,driveout-cerberus-2012,cerberus-2012,driveout,2012,driveout-cerberus-2012.mp3,True,https://driveout.bandcamp.com,generic,True,2
2012 - Emicaeli Sadsbrolignsons,emicaeli-sadsbrolignsons-2011,Emicaeli Sadsbrolignsons,,2012,emicaeli-sadsbrolignsons-2011.mp3,True,https://emicaeli.bandcamp.com](https://emicaeli.bandcamp.com,generic,True,2
2012 - Eric Taylor Big City Lights Ep,eric-taylor-big-city-lights-ep-2012,Eric Taylor Big City Lights Ep,,2012,eric-taylor-big-city-lights-ep-2012.mp3,True,https://erictaylor.bandcamp.com,generic,True,2
2012 - estragonoff-melhor-do-que-parece-2012,estragonoff-melhor-do-que-parece-2012,melhor-do-que-parece-2012,estragonoff,2012,estragonoff-melhor-do-que-parece-2012.mp3,True,https://estragonoff.bandcamp.com/download?id=2252922250&ts=1360889834.3905427936&tsig=6b41e648c1c110f148214b6a9e23553d&type=album,generic,True,2
2012 - Eu O Declaro Meu Inimigo - Música pode ser perigosa,eu-o-declaro-meu-inimigo-musica-pode,Música pode ser perigosa,Eu O Declaro Meu Inimigo,2012,eu-o-declaro-meu-inimigo-musica-pode.mp3,True,https://euodeclaromeuinimigo.bandcamp.com/download?enc=mp3-320&id=3228357734&ts=1341883870.3790616548&tsig=4add89ef78d5f0e051194166136e0d83&type=album,generic,True,2
2012 - Fogo Amigo - Casa Cordas E Alguns Geradores,fogo-amigo-casa-cordas-e-alguns,Casa Cordas E Alguns Geradores,Fogo Amigo,2012,fogo-amigo-casa-cordas-e-alguns.mp3,True,http://fogoamigo.bandcamp.com/](http://fogoamigo.bandcamp.com/album/casa-cordas-e-alguns-geradores,album,True,2
2012 - gruta-grito-ep-2012,gruta-grito-ep-2012,grito-ep-2012,gruta,2012,gruta-grito-ep-2012.mp3,True,https://grutagruta.bandcamp.com,generic,True,2
2012 - Hall Of Sinners Hall Of Sinners 1 Ep,hall-of-sinners-hall-of-sinners-1-ep,Hall Of Sinners Hall Of Sinners 1 Ep,,2012,hall-of-sinners-hall-of-sinners-1-ep.mp3,True,https://hallofsinners.bandcamp.com/**](https://hallofsinners.bandcamp.com,generic,True,2
2012 - harafh-harafh-ep-2012,harafh-harafh-ep-2012,harafh-ep-2012,harafh,2012,harafh-harafh-ep-2012.mp3,True,https://harafh.bandcamp.com/**](https://harafh.bandcamp.com,generic,True,2
2012 - Hessel - Split with Tentrio,Split_01_Agrestia_Hessel,Split with Tentrio,Hessel,2012,Split_01_Agrestia_Hessel.mp3,False,,none,True,2
2012 - hiddenk-afloat-adrift-2012,hiddenk-afloat-adrift-2012,afloat-adrift-2012,hiddenk,2012,hiddenk-afloat-adrift-2012.mp3,True,https://hiddenk.bandcamp.com/download?enc=mp3-320&id=681452360&ts=1347147174.2213559689&tsig=dc7918e51fa68fcb9561b95b7b3e74af&type=album,generic,True,2
2012 - holodomor-holodomor-2012,holodomor-holodomor-2012,holodomor-2012,holodomor,2012,holodomor-holodomor-2012.mp3,True,http://obricoleur.bandcamp.com/album/holodomor**](http://obricoleur.bandcamp.com/album/holodomor,album,True,2
"2012 - I Buried Paul - In schwarzen Tönen, in lauten Farben",i-buried-paul-in-schwarzen-tonen-in,"In schwarzen Tönen, in lauten Farben",I Buried Paul,2012,i-buried-paul-in-schwarzen-tonen-in.mp3,True,https://iburiedpaul.bandcamp.com/download?enc=mp3-320&id=1203000068&ts=1351444643.1131379700&tsig=dfea251aa7e4ee699e01e47e3a20903d&type=album,generic,True,2
2012 - inverness-ivana-2012,inverness-ivana-2012,ivana-2012,inverness,2012,inverness-ivana-2012.mp3,True,https://inverness.bandcamp.com,generic,True,2
2012 - Jair Naves Ao Vivo Estudio Show Livre,jair-naves-ao-vivo-estudio-show-livre,Jair Naves Ao Vivo Estudio Show Livre,,2012,jair-naves-ao-vivo-estudio-show-livre.mp3,True,https://jairnaves.bandcamp.com/**](https://jairnaves.bandcamp.com,generic,True,2
"2012 - Jair Naves E - E Você Se Sente Numa Cela Escura, Planejando A Sua Fuga, Cavando O Chão Com As Próprias Unhas",jair-naves-e-voce-se-sente-numa-cela,"E Você Se Sente Numa Cela Escura, Planejando A Sua Fuga, Cavando O Chão Com As Próprias Unhas",Jair Naves E,2012,jair-naves-e-voce-se-sente-numa-cela.mp3,True,https://jairnaves.bandcamp.com,generic,True,2
2012 - jenni-sex-shes-gone-2012,jenni-sex-shes-gone-2012,sex-shes-gone-2012,jenni,2012,jenni-sex-shes-gone-2012.mp3,True,https://jennisex.bandcamp.com/download?id=4091875980&ts=1360075694.236656015&tsig=e434ac9e31caad42acc47e5ed1e95b4c&type=album,generic,True,2
2012 - la-revancha-lr-7-2012,la-revancha-lr-7-2012,revancha-lr-7-2012,la,2012,la-revancha-lr-7-2012.mp3,True,https://larevancha.bandcamp.com,generic,True,2
2012 - lisabi-senseless-ep-2012,lisabi-senseless-ep-2012,senseless-ep-2012,lisabi,2012,lisabi-senseless-ep-2012.mp3,True,https://lisabi.bandcamp.com/**](https://lisabi.bandcamp.com,generic,True,2
"2012 - Lo-Fi - Fast Rocking, Slow Humping",lo-fi-band-fast-rocking-slow-humping,"Fi - Fast Rocking, Slow Humping",Lo,2012,lo-fi-band-fast-rocking-slow-humping.mp3,True,http://lofipunkrock.bandcamp.com/album/fast-rocking-slow-humping,album,True,2
2012 - Los Muertos Vivientes En Nombre Del,Los Muertos Rock - Resucito,Los Muertos Vivientes En Nombre Del,,2012,Los Muertos Rock - Resucito.mp3,False,,none,True,2
2012 - maias-os-ultimos-dias-do-inverno-2012,maias-os-ultimos-dias-do-inverno-2012,os-ultimos-dias-do-inverno-2012,maias,2012,maias-os-ultimos-dias-do-inverno-2012.mp3,True,https://maiasoficial.bandcamp.com/**](https://maiasoficial.bandcamp.com,generic,True,2
2012 - mama-gumbo-ytcha-2012,mama-gumbo-ytcha-2012,gumbo-ytcha-2012,mama,2012,mama-gumbo-ytcha-2012.mp3,True,https://mamagumbo.bandcamp.com,generic,True,2
2012 - mataram-meu-mestre-cellophane-walls-2012,mataram-meu-mestre-cellophane-walls-2012,meu-mestre-cellophane-walls-2012,mataram,2012,mataram-meu-mestre-cellophane-walls-2012.mp3,True,https://matarammeumestre.bandcamp.com/**](https://matarammeumestre.bandcamp.com,generic,True,2
2012 - medialunas-intropologia-2012,medialunas-intropologia-2012,intropologia-2012,medialunas,2012,medialunas-intropologia-2012.mp3,True,,none,True,2
2012 - Morra Tentando - Freestyle Is Our Gift,morra-tentando-freestyle-is-our-gift,Freestyle Is Our Gift,Morra Tentando,2012,morra-tentando-freestyle-is-our-gift.mp3,True,https://morratentando.bandcamp.com,generic,True,2
2012 - national-maison-minima-2012,national-maison-minima-2012,maison-minima-2012,national,2012,national-maison-minima-2012.mp3,True,http://dissenso.bandcamp.com/album/national-maison-m-nima-2012**](http://dissenso.bandcamp.com/album/national-maison-m-nima-2012,album,True,2
2012 - Necronomicon Queen Of Death,necronomicon-queen-of-death-2012,Necronomicon Queen Of Death,,2012,necronomicon-queen-of-death-2012.mp3,True,https://necronomicon.bandcamp.com,generic,True,2
2012 - nino-navarro-nino-navarro-ep-2012,nino-navarro-nino-navarro-ep-2012,navarro-nino-navarro-ep-2012,nino,2012,nino-navarro-nino-navarro-ep-2012.mp3,True,https://ninonavarro.bandcamp.com/download?enc=mp3-320&id=1107569904&ts=1338772588.3618530735&tsig=892ea1af06a695433066b63817a35aa5&type=album,generic,True,2
2012 - o índico - ordem tentativa,o-indico-ordem-tentativa-2012,ordem tentativa,o índico,2012,o-indico-ordem-tentativa-2012.mp3,True,https://oindico.bandcamp.com/album/ordem-tentativa,album,True,2
2012 - o-padre-dos-baloes-ep-2012,o-padre-dos-baloes-ep-2012,padre-dos-baloes-ep-2012,o,2012,o-padre-dos-baloes-ep-2012.mp3,True,https://opadredosbaloes.bandcamp.com/**](https://opadredosbaloes.bandcamp.com,generic,True,2
2012 - Onagra Claudique Hora E Vez De Onagra,onagra-claudique-hora-e-vez-de-onagra,Onagra Claudique Hora E Vez De Onagra,,2012,onagra-claudique-hora-e-vez-de-onagra.mp3,True,https://onagra.bandcamp.com,generic,True,2
2012 - Oquadro Oquadro,oquadro-oquadro-2012,Oquadro Oquadro,,2012,oquadro-oquadro-2012.mp3,True,http://coaxodosapo.bandcamp.com/album/oquadro,album,True,2
2012 - os-torto-album-marrom-2012,os-torto-album-marrom-2012,torto-album-marrom-2012,os,2012,os-torto-album-marrom-2012.mp3,True,https://ostorto.bandcamp.com,generic,True,2
2012 - parte-cinza-151212-2012,parte-cinza-151212-2012,cinza-151212-2012,parte,2012,parte-cinza-151212-2012.mp3,True,https://partecinza.bandcamp.com/**](https://partecinza.bandcamp.com,generic,True,2
2012 - piano-bateria-piano-bateria-2012,piano-bateria-piano-bateria-2012,bateria-piano-bateria-2012,piano,2012,piano-bateria-piano-bateria-2012.mp3,True,https://pianoebateria.bandcamp.com,generic,True,2
2012 - porcaria-demo-2012,porcaria-demo-2012,demo-2012,porcaria,2012,porcaria-demo-2012.mp3,True,https://porcriada.bandcamp.com/**](https://porcriada.bandcamp.com,generic,True,2
2012 - Quase Coadjuvante - Cartas Para a Próxima Estação,quase-coadjuvante-cartas-para-proxima,Cartas Para a Próxima Estação,Quase Coadjuvante,2012,quase-coadjuvante-cartas-para-proxima.mp3,True,https://quasecoadjuvante.bandcamp.com,generic,True,2
2012 - Ricto - Máfia,ricto-mafia-2012,Máfia,Ricto,2012,ricto-mafia-2012.mp3,True,https://ricto.bandcamp.com,generic,True,2
2012 - Ricto Mafia,ricto-mafia-2012,Ricto Mafia,,2012,ricto-mafia-2012.mp3,True,https://ricto.bandcamp.com,generic,True,2
2012 - Santa Rosas Family Tree I Like To Smell,santa-rosas-family-tree-i-like-to-smell,Santa Rosas Family Tree I Like To Smell,,2012,santa-rosas-family-tree-i-like-to-smell.mp3,True,https://santarosasfamilytree.bandcamp.com,generic,True,2
2012 - sax-e-bateria-dia-2012,sax-e-bateria-dia-2012,e-bateria-dia-2012,sax,2012,sax-e-bateria-dia-2012.mp3,True,https://saxebateria.bandcamp.com,generic,True,2
2012 - school-spirit-ep-school-spirit-2012,school-spirit-ep-school-spirit-2012,spirit-ep-school-spirit-2012,school,2012,school-spirit-ep-school-spirit-2012.mp3,True,https://schoolspiritbr.bandcamp.com/**](https://schoolspiritbr.bandcamp.com,generic,True,2
2012 - sedna-sublime-end-2012,sedna-sublime-end-2012,sublime-end-2012,sedna,2012,sedna-sublime-end-2012.mp3,True,https://sednamusic.bandcamp.com/**](https://sednamusic.bandcamp.com,generic,True,2
2012 - Serotonina - 7'' digital,Serotonina - B Tin Boy,7'' digital,Serotonina,2012,Serotonina - B Tin Boy.mp3,False,,none,True,2
2012 - shadowinter-happiness-in-picture-2012,shadowinter-happiness-in-picture-2012,happiness-in-picture-2012,shadowinter,2012,shadowinter-happiness-in-picture-2012.mp3,True,https://shadowinter.bandcamp.com/**](https://shadowinter.bandcamp.com,generic,True,2
2012 - stereomotive-obvio-e-cliche-2012,stereomotive-obvio-e-cliche-2012,obvio-e-cliche-2012,stereomotive,2012,stereomotive-obvio-e-cliche-2012.mp3,True,,none,True,2
2012 - Thrills Chase - Introducing Thrills (And The Chase),thrills-chase-introducing-thrills-and,Introducing Thrills (And The Chase),Thrills Chase,2012,thrills-chase-introducing-thrills-and.mp3,True,https://thrillschase.bandcamp.com/download?enc=mp3-320&id=1992729870&ts=1355503034.3041153762&tsig=d4866cde8be88a18f38f1e4e3342a657&type=album,generic,True,2
2012 - tratak-agora-eu-sou-o-silencio-2012,tratak-agora-eu-sou-o-silencio-2012,agora-eu-sou-o-silencio-2012,tratak,2012,tratak-agora-eu-sou-o-silencio-2012.mp3,True,https://tratak.bandcamp.com,generic,True,2
2012 - treli-feli-repi-massacre-ep-2012,treli-feli-repi-massacre-ep-2012,feli-repi-massacre-ep-2012,treli,2012,treli-feli-repi-massacre-ep-2012.mp3,True,https://trelifelirepi.bandcamp.com/**](https://trelifelirepi.bandcamp.com,generic,True,2
2012 - Trompa - Trompa Apresenta: André Zinelli,trompa-trompa-apresenta-andre-zinelli,Trompa Apresenta: André Zinelli,Trompa,2012,trompa-trompa-apresenta-andre-zinelli.mp3,True,https://trompa.bandcamp.com/**](https://trompa.bandcamp.com,generic,True,2
2012 - ultravespa-ultravespa-ep-2012,ultravespa-ultravespa-ep-2012,ultravespa-ep-2012,ultravespa,2012,ultravespa-ultravespa-ep-2012.mp3,True,https://uultravespa.bandcamp.com,generic,True,2
2012 - Umbilichaos Entrails Ii,umbilichaos-entrails-ii-2012,Umbilichaos Entrails Ii,,2012,umbilichaos-entrails-ii-2012.mp3,True,https://umbilichaos.bandcamp.com/**](https://umbilichaos.bandcamp.com,generic,True,2
2012 - urutu-urutu-7-2012,urutu-urutu-7-2012,urutu-7-2012,urutu,2012,urutu-urutu-7-2012.mp3,True,https://urutu.bandcamp.com/**](https://urutu.bandcamp.com,generic,True,2
2012 - veenstra-journey-to-sea-2012,veenstra-journey-to-sea-2012,journey-to-sea-2012,veenstra,2012,veenstra-journey-to-sea-2012.mp3,True,http://coletivoatlas.bandcamp.com/album/journey-to-the-sea,album,True,2
"2012 - Victim - this is what your love, young man, and it isn't beautiful",victim-this-is-what-you-love-young-man,"this is what your love, young man, and it isn't beautiful",Victim,2012,victim-this-is-what-you-love-young-man.mp3,True,https://victimnoise.bandcamp.com/**](https://victimnoise.bandcamp.com,generic,True,2
2012 - victim-sexually-reactive-child-2012,victim-sexually-reactive-child-2012,sexually-reactive-child-2012,victim,2012,victim-sexually-reactive-child-2012.mp3,True,https://victimnoise.bandcamp.com/](https://victimnoise.bandcamp.com,generic,True,2
2012 - worsa-omoioi-2012,worsa-omoioi-2012,omoioi-2012,worsa,2012,worsa-omoioi-2012.mp3,True,https://worsa.bandcamp.com/download?id=300271231&ts=1362245878.3842013307&tsig=93a2e2b7466eea0bf219bd961a420dec&type=album,generic,True,2
2012 - zeolites-almost-august-2012,zeolites-almost-august-2012,almost-august-2012,zeolites,2012,zeolites-almost-august-2012.mp3,True,https://zeolites.bandcamp.com](https://zeolites.bandcamp.com,generic,True,2
2011 - banda-desenhada-banda-sonora-2011,banda-desenhada-banda-sonora-2011,desenhada-banda-sonora-2011,banda,2011,banda-desenhada-banda-sonora-2011.mp3,True,https://bandadesenhada.bandcamp.com,generic,True,2
2011 - Campbell Trio - The Campbell Trio Sings the Blues,campbell-trio-campbell-trio-sings-blues,The Campbell Trio Sings the Blues,Campbell Trio,2011,campbell-trio-campbell-trio-sings-blues.mp3,True,https://campbelltrio.bandcamp.com,generic,True,2
2011 - Cidadão Instigado e Fagner; - Cidadão Instigado e Fagner no Sesc Pompéia,CidadaoInstigado&Fagner_SescPompeia_21.10.11,Cidadão Instigado e Fagner no Sesc Pompéia,Cidadão Instigado e Fagner;,2011,CidadaoInstigado&Fagner_SescPompeia_21.10.11.mp3,False,,none,True,2
2011 - Criolo - Lançamento do Nó na Orelha,Criolo_SescVilaMariana_02.06.11,Lançamento do Nó na Orelha,Criolo,2011,Criolo_SescVilaMariana_02.06.11.mp3,False,,none,True,2
2011 - Dinamite Club - Caminho Inverso,dinamite-club-tiro-queda-2013,Caminho Inverso,Dinamite Club,2011,dinamite-club-tiro-queda-2013.mp3,True,https://dinamiteclub.bandcamp.com/**](https://dinamiteclub.bandcamp.com,generic,True,2
2011 - EXPLT - BETAS EP,explt-rapine-ep-2012,BETAS EP,EXPLT,2011,explt-rapine-ep-2012.mp3,True,https://explt.bandcamp.com,generic,True,2
2011 - fatal-blow-rise-from-disgrace-2011,fatal-blow-rise-from-disgrace-2011,blow-rise-from-disgrace-2011,fatal,2011,fatal-blow-rise-from-disgrace-2011.mp3,True,https://fatalblow.bandcamp.com,generic,True,2
2011 - Gryner Jardim Sementes Musicais Para Um,gryner-jardim-sementes-musicais-para-um,Gryner Jardim Sementes Musicais Para Um,,2011,gryner-jardim-sementes-musicais-para-um.mp3,True,http://gryner-jardim.bandcamp.com/album/sementes-musicais-para-um-mundo-cibern-tico,album,True,2
2011 - le-degout-self-titled-2011,le-degout-self-titled-2011,degout-self-titled-2011,le,2011,le-degout-self-titled-2011.mp3,True,https://ledegout.bandcamp.com,generic,True,2
2011 - mario-alencar-songs-for-crap-2011,mario-alencar-songs-for-crap-2011,alencar-songs-for-crap-2011,mario,2011,mario-alencar-songs-for-crap-2011.mp3,True,https://mariothealencar.bandcamp.com**](https://mariothealencar.bandcamp.com,generic,True,2
2011 - porno-de-bolso-ot-2011,porno-de-bolso-ot-2011,de-bolso-ot-2011,porno,2011,porno-de-bolso-ot-2011.mp3,True,https://pornodebolso.bandcamp.com/**](https://pornodebolso.bandcamp.com,generic,True,2
2011 - rawfire-keep-in-garage-2011,rawfire-keep-in-garage-2011,keep-in-garage-2011,rawfire,2011,rawfire-keep-in-garage-2011.mp3,True,https://rawfiresp.bandcamp.com/**](https://rawfiresp.bandcamp.com,generic,True,2
2011 - Stewin Migwud Didico Aokaprism Split,stewin-migwud-didico-aokaprism-split,Stewin Migwud Didico Aokaprism Split,,2011,stewin-migwud-didico-aokaprism-split.mp3,True,http://stewin.bandcamp.com/album/aokaprism-split](http://stewin.bandcamp.com/album/aokaprism-split,album,True,2
2011 - strobo-strobo-2011,strobo-strobo-2011,strobo-2011,strobo,2011,strobo-strobo-2011.mp3,True,https://bandastrobo.bandcamp.com**](https://bandastrobo.bandcamp.com,generic,True,2
2011 - the-concept-reconstruction-2011,the-concept-reconstruction-2011,concept-reconstruction-2011,the,2011,the-concept-reconstruction-2011.mp3,True,https://theconceptbrazil.bandcamp.com/**](https://theconceptbrazil.bandcamp.com,generic,True,2
2011 - tiago-frugoli-2011,tiago-frugoli-2011,frugoli-2011,tiago,2011,tiago-frugoli-2011.mp3,True,https://tiagofrugoli.bandcamp.com,generic,True,2
2011 - tuna-o-mudo-mundo-com-nossa-voz-2011,tuna-o-mudo-mundo-com-nossa-voz-2011,o-mudo-mundo-com-nossa-voz-2011,tuna,2011,tuna-o-mudo-mundo-com-nossa-voz-2011.mp3,True,https://tunapunkrock.bandcamp.com,generic,True,2
2011 - vitrolas-liberdade-2011,vitrolas-liberdade-2011,liberdade-2011,vitrolas,2011,vitrolas-liberdade-2011.mp3,True,http://rampaincubadora.bandcamp.com/album/vitrolas-liberdade**](http://rampaincubadora.bandcamp.com/album/vitrolas-liberdade,album,True,2
2011 - yokofive-rockers-ep-2011,yokofive-rockers-ep-2011,rockers-ep-2011,yokofive,2011,yokofive-rockers-ep-2011.mp3,True,https://yokofive.bandcamp.com/download?id=2493196723&ts=1360074357.2573193767&tsig=8eda9d9731ae7b384c1216a6074f3e22&type=album,generic,True,2
2010 - Amplexos - 2010 - Amplexos - amplexos-atriz-single-2010,A Atriz_master_1,2010 - Amplexos - amplexos-atriz-single-2010,Amplexos,2010,A Atriz_master_1.mp3,False,,none,True,2
2010 - Colorido Artificialmente - Tradicional Familia Mineira,colorido-artificialmente-tradicional,Tradicional Familia Mineira,Colorido Artificialmente,2010,colorido-artificialmente-tradicional.mp3,True,https://coloridoartificialmente.bandcamp.com,generic,True,2
2010 - egregora-tao-ep-2010,egregora-tao-ep-2010,tao-ep-2010,egregora,2010,egregora-tao-ep-2010.mp3,True,https://egregora.bandcamp.com/**](https://egregora.bandcamp.com,generic,True,2
2010 - Ganeshas Ganeshas,ganeshas-ganeshas-2010,Ganeshas Ganeshas,,2010,ganeshas-ganeshas-2010.mp3,True,https://ganeshas.bandcamp.com,generic,True,2
2010 - inerte-outono-2010,inerte-outono-2010,outono-2010,inerte,2010,inerte-outono-2010.mp3,True,https://inerte.bandcamp.com](https://inerte.bandcamp.com,generic,True,2
2010 - KIKO DINUCCI - na boca dos outros,kiko-dinucci-na-boca-dos-outros-2009,na boca dos outros,KIKO DINUCCI,2010,kiko-dinucci-na-boca-dos-outros-2009.mp3,True,https://desmonta.bandcamp.com/album/na-boca-dos-outros,album,True,2
2010 - Morra Tentando - Ep 2010,morra-tentando-morra-tentando-ep-2010,Ep 2010,Morra Tentando,2010,morra-tentando-morra-tentando-ep-2010.mp3,True,https://morratentando.bandcamp.com/album/ep-2010,album,True,2
2010 - Morra Tentando Morra Tentando Ep,morra-tentando-morra-tentando-ep-2010,Morra Tentando Morra Tentando Ep,,2010,morra-tentando-morra-tentando-ep-2010.mp3,True,https://morratentando.bandcamp.com/album/ep-2010,album,True,2
2010 - possuidos-brutti-sporchi-e-cattivi-2010,possuidos-brutti-sporchi-e-cattivi-2010,brutti-sporchi-e-cattivi-2010,possuidos,2010,possuidos-brutti-sporchi-e-cattivi-2010.mp3,True,https://possuidos.bandcamp.com/**](https://possuidos.bandcamp.com,generic,True,2
2010 - Supra Vida Secular Ritmada Eloquencia,supra-vida-secular-ritmada-eloquencia,Supra Vida Secular Ritmada Eloquencia,,2010,supra-vida-secular-ritmada-eloquencia.mp3,True,http://supravidasecular.bandcamp.com/album/ritmada-eloquencia-poetica-vol-i-ep,album,True,2
2010 - The PIVOS - The Pivos (single),The PIVOS - The Pivos,The Pivos (single),The PIVOS,2010,The PIVOS - The Pivos.mp3,False,,none,True,2
2010 - videotroma-interludio-sci-fi-ep-2010,videotroma-interludio-sci-fi-ep-2010,interludio-sci-fi-ep-2010,videotroma,2010,videotroma-interludio-sci-fi-ep-2010.mp3,True,https://videotroma.bandcamp.com/download?enc=mp3-320&id=1419642508&ts=1340845154.2224824105&tsig=b680d4c004bb6a3603a19bd63281d538&type=album,generic,True,2
2009 - Bootleg Cidadao Instigado Uhuuu Ao Vivo,bootleg-cidadao-instigado-uhuuu-ao-vivo,Bootleg Cidadao Instigado Uhuuu Ao Vivo,,2009,bootleg-cidadao-instigado-uhuuu-ao-vivo.mp3,True,,none,True,2
2009 - bruno-nobru-deixe-o-som-ir-2009,bruno-nobru-deixe-o-som-ir-2009,nobru-deixe-o-som-ir-2009,bruno,2009,bruno-nobru-deixe-o-som-ir-2009.mp3,True,https://brunonobru.bandcamp.com,generic,True,2
2009 - Cidadão Instigado - UHUUU!,cidadao-instigado-fortaleza-2015,UHUUU!,Cidadão Instigado,2009,cidadao-instigado-fortaleza-2015.mp3,True,https://cidadaoinstigado.bandcamp.com,generic,True,2
2009 - perito-moreno-2009,perito-moreno-2009,moreno-2009,perito,2009,perito-moreno-2009.mp3,True,,none,True,2
2008 - autoboneco-mulheres-de-marte-2008,autoboneco-mulheres-de-marte-2008,mulheres-de-marte-2008,autoboneco,2008,autoboneco-mulheres-de-marte-2008.mp3,True,https://autoboneco.bandcamp.com/**](https://autoboneco.bandcamp.com,generic,True,2
2007 - Eulalia Notoo - no​​.​​​.​​​.​​too cute! too cute! no cute! real! from the heart! from the heart! from the heart!,eulalia-notoo-cute-too-cute-no-cute,no​​.​​​.​​​.​​too cute! too cute! no cute! real! from the heart! from the heart! from the heart!,Eulalia Notoo,2007,eulalia-notoo-cute-too-cute-no-cute.mp3,True,http://dissenso.bandcamp.com/album/eul-lia-no-too-cute-too-cute-no-cute-real-from-the-heart-from-the-heart-from-the-heart-2007,album,True,2
2007 - Sigur Ros - Ao Vivo no Gould Hall - NYC,02 Heima,Ao Vivo no Gould Hall - NYC,Sigur Ros,2007,02 Heima.mp3,False,,none,True,2
2005 - Ahlev de Bossa - Ahlev de Bossa,01- Ahlev de Bossa - Ahlev de Bossa,Ahlev de Bossa,Ahlev de Bossa,2005,01- Ahlev de Bossa - Ahlev de Bossa.mp3,False,,none,True,2
2005 - national-ela-2005,national-ela-2005,ela-2005,national,2005,national-ela-2005.mp3,True,https://dissenso.bandcamp.com/download?enc=mp3-320&id=1774862611&ts=1341368632.3126743142&tsig=f5e6ac85a8c1794a4a1cc08f29eedca4&type=album,generic,True,2
2005 - teofilo-lima-matulao-2005,teofilo-lima-matulao-2005,lima-matulao-2005,teofilo,2005,teofilo-lima-matulao-2005.mp3,True,https://teofilolima.bandcamp.com,generic,True,2
2005 - Walter Willy - Walter Willy (Album Branco),walter-willy-walter-willy-album-branco,Walter Willy (Album Branco),Walter Willy,2005,walter-willy-walter-willy-album-branco.mp3,True,https://walterwilly.bandcamp.com/album/walter-willy-album-branco,album,True,2
2004 - El Efecto - Como Qualquer Outra Coisa,el-efecto-como-qualquer-outra-coisa-2004,Como Qualquer Outra Coisa,El Efecto,2004,el-efecto-como-qualquer-outra-coisa-2004.mp3,True,https://elefecto.bandcamp.com/album/como-qualquer-outra-coisa,album,True,2
2004 - el-efecto-como-qualquer-outra-coisa-2004,el-efecto-como-qualquer-outra-coisa-2004,efecto-como-qualquer-outra-coisa-2004,el,2004,el-efecto-como-qualquer-outra-coisa-2004.mp3,True,https://elefecto.bandcamp.com/album/como-qualquer-outra-coisa,album,True,2
2004 - innocent-kids-st-2004,innocent-kids-st-2004,kids-st-2004,innocent,2004,innocent-kids-st-2004.mp3,True,https://innocentkidshardcore.bandcamp.com,generic,True,2
2002 - granola-granola-2002,granola-granola-2002,granola-2002,granola,2002,granola-granola-2002.mp3,True,https://granolamaecadaver.bandcamp.com,generic,True,2
2000 - Ydris Mortem - Funereal Hymns of Hopeless Eve in A Tenebrae Land Where There Will Not Be Suvivors Even In Sacred Places,ydris-mortem-funereal-hymns-of-hopeless,Funereal Hymns of Hopeless Eve in A Tenebrae Land Where There Will Not Be Suvivors Even In Sacred Places,Ydris Mortem,2000,ydris-mortem-funereal-hymns-of-hopeless.mp3,True,https://ydrismortem.bandcamp.com/album/funereal-hymns-of-hopeless-eve-in-a-tenebrae-land-where-there-will-not-be-suvivors-even-in-sacred-places,album,True,2
1999 - bruno nobru - leite c,bruno-nobru-leite-c-1999,leite c,bruno nobru,1999,bruno-nobru-leite-c-1999.mp3,True,http://brunonobru.bandcamp.com/album/leite-c,album,True,2
1998 - Pantomime Jazz - [1997-2006 YEARS]... Panto 3,pantomime-jazz-back-2015,[1997-2006 YEARS]... Panto 3,Pantomime Jazz,1998,pantomime-jazz-back-2015.mp3,True,https://pantomimejazz.bandcamp.com](https://pantomimejazz.bandcamp.com,generic,True,2
1996 - sonic-sex-panic-inside-reflex-1996,sonic-sex-panic-inside-reflex-1996,sex-panic-inside-reflex-1996,sonic,1996,sonic-sex-panic-inside-reflex-1996.mp3,True,,none,True,2
1985 - frosten-i-was-born-in-1985-2016,frosten-i-was-born-in-1985-2016,i-was-born-in-1985-2016,frosten,1985,frosten-i-was-born-in-1985-2016.mp3,True,http://frosten.bandcamp.com/album/i-was-born-in-1985-ep,album,True,2
1972 - Alceu Valença & Geraldo Azevedo Alceu Valença - Quadrifônico,04- Novena (Geraldo Azevedo-Marcus Vinicius),Quadrifônico,Alceu Valença & Geraldo Azevedo Alceu Valença,1972,04- Novena (Geraldo Azevedo-Marcus Vinicius).mp3,False,,none,True,2
